[2026-04-04T00:39:55Z] Iter 1 | Total-in: 151495 | Non-cached: 7 | Cache-read: 141219 | Cache-create: 10269 | Output: 2855 | Cost: $0.20620075 | Duration: 59774ms | Turns: 8
[2026-04-04T00:51:32Z] Iter 1 | Total-in: 183667 | Non-cached: 8 | Cache-read: 172541 | Cache-create: 11118 | Output: 4390 | Cost: $0.265548 | Duration: 95326ms | Turns: 14
[2026-04-04T00:52:25Z] Iter 2 | Total-in: 145616 | Non-cached: 7 | Cache-read: 140188 | Cache-create: 5421 | Output: 1771 | Cost: $0.14828525 | Duration: 37675ms | Turns: 9
[2026-04-04T00:57:22Z] Iter 1 | Total-in: 6692847 | Non-cached: 89 | Cache-read: 6590933 | Cache-create: 101825 | Output: 21961 | Cost: $4.549405150000002 | Duration: 789694ms | Turns: 92
[2026-04-04T01:00:58Z] Iter 2 | Total-in: 497431 | Non-cached: 17 | Cache-read: 463609 | Cache-create: 33805 | Output: 5822 | Cost: $0.6468176 | Duration: 206760ms | Turns: 21
[] Iter 3 | No token data (result file empty or parse failed)
[2026-04-04T01:01:03Z] Iter 2 | Total-in: 7406389 | Non-cached: 104 | Cache-read: 7295356 | Cache-create: 110929 | Output: 36523 | Cost: $5.7873011000000005 | Duration: 1251129ms | Turns: 110
[2026-04-04T01:01:16Z] Iter 3 | Total-in: 0 | Non-cached: 0 | Cache-read: 0 | Cache-create: 0 | Output: 0 | Cost: $0 | Duration: 687ms | Turns: 1
[2026-04-04T01:01:20Z] Iter 4 | Total-in: 0 | Non-cached: 0 | Cache-read: 0 | Cache-create: 0 | Output: 0 | Cost: $0 | Duration: 621ms | Turns: 1
[2026-04-04T01:01:22Z] Iter 3 | Total-in: 0 | Non-cached: 0 | Cache-read: 0 | Cache-create: 0 | Output: 0 | Cost: $0 | Duration: 556ms | Turns: 1
[2026-04-04T01:01:36Z] Iter 4 | Total-in: 0 | Non-cached: 0 | Cache-read: 0 | Cache-create: 0 | Output: 0 | Cost: $0 | Duration: 580ms | Turns: 1
[2026-04-04T01:01:39Z] Iter 5 | Total-in: 0 | Non-cached: 0 | Cache-read: 0 | Cache-create: 0 | Output: 0 | Cost: $0 | Duration: 411ms | Turns: 1
[2026-04-04T01:01:40Z] Iter 4 | Total-in: 0 | Non-cached: 0 | Cache-read: 0 | Cache-create: 0 | Output: 0 | Cost: $0 | Duration: 678ms | Turns: 1
[2026-04-04T01:01:50Z] Iter 5 | Total-in: 0 | Non-cached: 0 | Cache-read: 0 | Cache-create: 0 | Output: 0 | Cost: $0 | Duration: 455ms | Turns: 1
[2026-04-04T01:01:53Z] Iter 6 | Total-in: 0 | Non-cached: 0 | Cache-read: 0 | Cache-create: 0 | Output: 0 | Cost: $0 | Duration: 490ms | Turns: 1
[2026-04-04T01:01:54Z] Iter 5 | Total-in: 0 | Non-cached: 0 | Cache-read: 0 | Cache-create: 0 | Output: 0 | Cost: $0 | Duration: 454ms | Turns: 1
[2026-04-04T01:01:59Z] Iter 1 | Total-in: 199235 | Non-cached: 8 | Cache-read: 163954 | Cache-create: 35273 | Output: 1521 | Cost: $0.34049825 | Duration: 272436ms | Turns: 12
[2026-04-04T01:02:04Z] Iter 6 | Total-in: 0 | Non-cached: 0 | Cache-read: 0 | Cache-create: 0 | Output: 0 | Cost: $0 | Duration: 580ms | Turns: 1
[2026-04-04T01:02:09Z] Iter 7 | Total-in: 0 | Non-cached: 0 | Cache-read: 0 | Cache-create: 0 | Output: 0 | Cost: $0 | Duration: 502ms | Turns: 1
[2026-04-04T01:02:10Z] Iter 6 | Total-in: 0 | Non-cached: 0 | Cache-read: 0 | Cache-create: 0 | Output: 0 | Cost: $0 | Duration: 507ms | Turns: 1
[2026-04-04T01:02:14Z] Iter 2 | Total-in: 0 | Non-cached: 0 | Cache-read: 0 | Cache-create: 0 | Output: 0 | Cost: $0 | Duration: 431ms | Turns: 1
[2026-04-04T01:02:19Z] Iter 7 | Total-in: 0 | Non-cached: 0 | Cache-read: 0 | Cache-create: 0 | Output: 0 | Cost: $0 | Duration: 428ms | Turns: 1
[2026-04-04T01:02:24Z] Iter 8 | Total-in: 0 | Non-cached: 0 | Cache-read: 0 | Cache-create: 0 | Output: 0 | Cost: $0 | Duration: 870ms | Turns: 1
[2026-04-04T01:02:25Z] Iter 7 | Total-in: 0 | Non-cached: 0 | Cache-read: 0 | Cache-create: 0 | Output: 0 | Cost: $0 | Duration: 870ms | Turns: 1
[2026-04-04T01:02:29Z] Iter 3 | Total-in: 0 | Non-cached: 0 | Cache-read: 0 | Cache-create: 0 | Output: 0 | Cost: $0 | Duration: 462ms | Turns: 1
[2026-04-04T01:02:33Z] Iter 8 | Total-in: 0 | Non-cached: 0 | Cache-read: 0 | Cache-create: 0 | Output: 0 | Cost: $0 | Duration: 455ms | Turns: 1
[2026-04-04T01:02:39Z] Iter 9 | Total-in: 0 | Non-cached: 0 | Cache-read: 0 | Cache-create: 0 | Output: 0 | Cost: $0 | Duration: 416ms | Turns: 1
[2026-04-04T01:02:40Z] Iter 8 | Total-in: 0 | Non-cached: 0 | Cache-read: 0 | Cache-create: 0 | Output: 0 | Cost: $0 | Duration: 416ms | Turns: 1
[2026-04-04T01:02:43Z] Iter 4 | Total-in: 0 | Non-cached: 0 | Cache-read: 0 | Cache-create: 0 | Output: 0 | Cost: $0 | Duration: 527ms | Turns: 1
[] Iter 9 | No token data (result file empty or parse failed)
[] Iter 10 | No token data (result file empty or parse failed)
[2026-04-04T01:02:54Z] Iter 9 | Total-in: 0 | Non-cached: 0 | Cache-read: 0 | Cache-create:  | Output: 0 | Cost: $ | Duration: ms | Turns: 
[2026-04-04T01:02:59Z] Iter 5 | Total-in: 0 | Non-cached: 0 | Cache-read: 0 | Cache-create: 0 | Output: 0 | Cost: $0 | Duration: 399ms | Turns: 1
[2026-04-04T01:03:04Z] Iter 10 | Total-in: 0 | Non-cached: 0 | Cache-read: 0 | Cache-create: 0 | Output: 0 | Cost: $0 | Duration: 1444ms | Turns: 1
[2026-04-04T01:03:09Z] Iter 11 | Total-in: 0 | Non-cached: 0 | Cache-read: 0 | Cache-create: 0 | Output: 0 | Cost: $0 | Duration: 527ms | Turns: 1
[2026-04-04T01:03:09Z] Iter 10 | Total-in: 0 | Non-cached: 0 | Cache-read: 0 | Cache-create: 0 | Output: 0 | Cost: $0 | Duration: 527ms | Turns: 1
[2026-04-04T01:03:13Z] Iter 6 | Total-in: 0 | Non-cached: 0 | Cache-read: 0 | Cache-create: 0 | Output: 0 | Cost: $0 | Duration: 438ms | Turns: 1
[2026-04-04T01:03:19Z] Iter 11 | Total-in: 0 | Non-cached: 0 | Cache-read: 0 | Cache-create: 0 | Output: 0 | Cost: $0 | Duration: 478ms | Turns: 1
[2026-04-04T01:03:24Z] Iter 12 | Total-in: 0 | Non-cached: 0 | Cache-read: 0 | Cache-create: 0 | Output: 0 | Cost: $0 | Duration: 480ms | Turns: 1
[2026-04-04T01:03:25Z] Iter 11 | Total-in: 0 | Non-cached: 0 | Cache-read: 0 | Cache-create: 0 | Output: 0 | Cost: $0 | Duration: 480ms | Turns: 1
[2026-04-04T01:03:28Z] Iter 7 | Total-in: 0 | Non-cached: 0 | Cache-read: 0 | Cache-create: 0 | Output: 0 | Cost: $0 | Duration: 425ms | Turns: 1
[2026-04-04T01:03:34Z] Iter 12 | Total-in: 0 | Non-cached: 0 | Cache-read: 0 | Cache-create: 0 | Output: 0 | Cost: $0 | Duration: 527ms | Turns: 1
[2026-04-04T01:03:41Z] Iter 12 | Total-in: 0 | Non-cached: 0 | Cache-read: 0 | Cache-create: 0 | Output: 0 | Cost: $0 | Duration: 473ms | Turns: 1
[2026-04-04T01:03:41Z] Iter 13 | Total-in: 0 | Non-cached: 0 | Cache-read: 0 | Cache-create: 0 | Output: 0 | Cost: $0 | Duration: 473ms | Turns: 1
[2026-04-04T01:03:43Z] Iter 8 | Total-in: 0 | Non-cached: 0 | Cache-read: 0 | Cache-create: 0 | Output: 0 | Cost: $0 | Duration: 504ms | Turns: 1
[2026-04-04T01:03:49Z] Iter 13 | Total-in: 0 | Non-cached: 0 | Cache-read: 0 | Cache-create: 0 | Output: 0 | Cost: $0 | Duration: 438ms | Turns: 1
[2026-04-04T01:03:57Z] Iter 13 | Total-in: 0 | Non-cached: 0 | Cache-read: 0 | Cache-create: 0 | Output: 0 | Cost: $0 | Duration: 495ms | Turns: 1
[2026-04-04T01:03:57Z] Iter 14 | Total-in: 0 | Non-cached: 0 | Cache-read:  | Cache-create:  | Output:  | Cost: $ | Duration: ms | Turns: 
[2026-04-04T01:03:59Z] Iter 9 | Total-in: 0 | Non-cached: 0 | Cache-read: 0 | Cache-create: 0 | Output: 0 | Cost: $0 | Duration: 451ms | Turns: 1
[] Iter 14 | No token data (result file empty or parse failed)
[2026-04-04T01:04:13Z] Iter 14 | Total-in: 0 | Non-cached: 0 | Cache-read: 0 | Cache-create: 0 | Output: 0 | Cost: $0 | Duration: 472ms | Turns: 1
[2026-04-04T01:04:13Z] Iter 15 | Total-in: 0 | Non-cached: 0 | Cache-read: 0 | Cache-create: 0 | Output: 0 | Cost: $0 | Duration: 472ms | Turns: 1
[2026-04-04T01:04:15Z] Iter 10 | Total-in: 0 | Non-cached: 0 | Cache-read: 0 | Cache-create: 0 | Output: 0 | Cost: $0 | Duration: 508ms | Turns: 1
[2026-04-04T01:04:20Z] Iter 15 | Total-in: 0 | Non-cached: 0 | Cache-read: 0 | Cache-create:  | Output: 0 | Cost: $ | Duration: ms | Turns: 
[2026-04-04T01:04:30Z] Iter 15 | Total-in: 0 | Non-cached: 0 | Cache-read: 0 | Cache-create: 0 | Output: 0 | Cost: $0 | Duration: 507ms | Turns: 1
[2026-04-04T01:04:31Z] Iter 16 | Total-in: 0 | Non-cached: 0 | Cache-read: 0 | Cache-create: 0 | Output: 0 | Cost: $0 | Duration: 455ms | Turns: 1
[2026-04-04T01:04:33Z] Iter 11 | Total-in: 0 | Non-cached: 0 | Cache-read: 0 | Cache-create: 0 | Output: 0 | Cost: $0 | Duration: 551ms | Turns: 1
[2026-04-04T01:04:37Z] Iter 16 | Total-in: 0 | Non-cached: 0 | Cache-read: 0 | Cache-create: 0 | Output: 0 | Cost: $0 | Duration: 584ms | Turns: 1
[2026-04-04T01:04:46Z] Iter 16 | Total-in: 0 | Non-cached: 0 | Cache-read: 0 | Cache-create: 0 | Output: 0 | Cost: $0 | Duration: 489ms | Turns: 1
[2026-04-04T01:04:49Z] Iter 17 | Total-in: 0 | Non-cached: 0 | Cache-read: 0 | Cache-create: 0 | Output: 0 | Cost: $0 | Duration: 463ms | Turns: 1
[2026-04-04T01:04:49Z] Iter 12 | Total-in: 0 | Non-cached: 0 | Cache-read: 0 | Cache-create: 0 | Output: 0 | Cost: $0 | Duration: 463ms | Turns: 1
[2026-04-04T01:04:55Z] Iter 17 | Total-in: 0 | Non-cached: 0 | Cache-read: 0 | Cache-create: 0 | Output: 0 | Cost: $0 | Duration: 1658ms | Turns: 1
[] Iter 17 | No token data (result file empty or parse failed)
[2026-04-04T01:05:07Z] Iter 18 | Total-in: 0 | Non-cached: 0 | Cache-read: 0 | Cache-create: 0 | Output: 0 | Cost: $0 | Duration: 562ms | Turns: 1
[2026-04-04T01:05:08Z] Iter 13 | Total-in: 0 | Non-cached: 0 | Cache-read: 0 | Cache-create: 0 | Output: 0 | Cost: $0 | Duration: 543ms | Turns: 1
[2026-04-04T01:05:12Z] Iter 18 | Total-in: 0 | Non-cached: 0 | Cache-read: 0 | Cache-create: 0 | Output: 0 | Cost: $0 | Duration: 510ms | Turns: 1
[] Iter 18 | No token data (result file empty or parse failed)
[2026-04-04T01:05:25Z] Iter 19 | Total-in: 0 | Non-cached: 0 | Cache-read: 0 | Cache-create: 0 | Output: 0 | Cost: $0 | Duration: 496ms | Turns: 1
[2026-04-04T01:05:26Z] Iter 14 | Total-in: 0 | Non-cached: 0 | Cache-read: 0 | Cache-create: 0 | Output: 0 | Cost: $0 | Duration: 582ms | Turns: 1
[2026-04-04T01:05:30Z] Iter 19 | Total-in: 0 | Non-cached: 0 | Cache-read: 0 | Cache-create: 0 | Output: 0 | Cost: $0 | Duration: 532ms | Turns: 1
[2026-04-04T01:05:37Z] Iter 19 | Total-in: 0 | Non-cached: 0 | Cache-read: 0 | Cache-create: 0 | Output: 0 | Cost: $0 | Duration: ms | Turns: 
[2026-04-04T01:05:42Z] Iter 20 | Total-in: 0 | Non-cached: 0 | Cache-read: 0 | Cache-create: 0 | Output: 0 | Cost: $0 | Duration: 500ms | Turns: 1
[2026-04-04T01:05:43Z] Iter 15 | Total-in: 0 | Non-cached: 0 | Cache-read: 0 | Cache-create: 0 | Output: 0 | Cost: $0 | Duration: 500ms | Turns: 1
[2026-04-04T01:05:48Z] Iter 20 | Total-in: 0 | Non-cached: 0 | Cache-read: 0 | Cache-create: 0 | Output: 0 | Cost: $0 | Duration: 474ms | Turns: 1
[2026-04-04T01:05:57Z] Iter 20 | Total-in: 0 | Non-cached: 0 | Cache-read: 0 | Cache-create: 0 | Output: 0 | Cost: $0 | Duration: 1521ms | Turns: 1
[2026-04-04T01:06:01Z] Iter 21 | Total-in: 0 | Non-cached: 0 | Cache-read: 0 | Cache-create: 0 | Output: 0 | Cost: $0 | Duration: 564ms | Turns: 1
[2026-04-04T01:06:02Z] Iter 16 | Total-in: 0 | Non-cached: 0 | Cache-read: 0 | Cache-create: 0 | Output: 0 | Cost: $0 | Duration: 564ms | Turns: 1
[2026-04-04T01:06:06Z] Iter 21 | Total-in: 0 | Non-cached: 0 | Cache-read: 0 | Cache-create: 0 | Output: 0 | Cost: $0 | Duration: 681ms | Turns: 1
[2026-04-04T01:06:16Z] Iter 21 | Total-in: 0 | Non-cached: 0 | Cache-read: 0 | Cache-create: 0 | Output: 0 | Cost: $0 | Duration: 1615ms | Turns: 1
[2026-04-04T01:06:19Z] Iter 22 | Total-in: 0 | Non-cached: 0 | Cache-read: 0 | Cache-create: 0 | Output: 0 | Cost: $0 | Duration: 507ms | Turns: 1
[2026-04-04T01:06:20Z] Iter 17 | Total-in: 0 | Non-cached: 0 | Cache-read: 0 | Cache-create: 0 | Output: 0 | Cost: $0 | Duration: 507ms | Turns: 1
[] Iter 22 | No token data (result file empty or parse failed)
[2026-04-04T01:06:33Z] Iter 22 | Total-in: 0 | Non-cached: 0 | Cache-read: 0 | Cache-create: 0 | Output: 0 | Cost: $0 | Duration: 547ms | Turns: 1
[2026-04-04T01:06:38Z] Iter 23 | Total-in: 0 | Non-cached: 0 | Cache-read: 0 | Cache-create: 0 | Output: 0 | Cost: $0 | Duration: 529ms | Turns: 1
[2026-04-04T01:06:40Z] Iter 18 | Total-in: 0 | Non-cached: 0 | Cache-read: 0 | Cache-create: 0 | Output: 0 | Cost: $0 | Duration: 620ms | Turns: 1
[2026-04-04T01:06:44Z] Iter 23 | Total-in: 0 | Non-cached: 0 | Cache-read: 0 | Cache-create: 0 | Output: 0 | Cost: $0 | Duration: 664ms | Turns: 1
[2026-04-04T01:06:51Z] Iter 23 | Total-in: 0 | Non-cached: 0 | Cache-read: 0 | Cache-create: 0 | Output: 0 | Cost: $0 | Duration: 597ms | Turns: 1
[2026-04-04T01:06:56Z] Iter 24 | Total-in: 0 | Non-cached: 0 | Cache-read: 0 | Cache-create: 0 | Output: 0 | Cost: $0 | Duration: 570ms | Turns: 1
[2026-04-04T01:06:57Z] Iter 19 | Total-in: 0 | Non-cached: 0 | Cache-read: 0 | Cache-create: 0 | Output: 0 | Cost: $0 | Duration: 470ms | Turns: 1
[2026-04-04T01:07:00Z] Iter 24 | Total-in: 0 | Non-cached: 0 | Cache-read: 0 | Cache-create: 0 | Output: 0 | Cost: $0 | Duration: 446ms | Turns: 1
[2026-04-04T01:07:06Z] Iter 24 | Total-in: 0 | Non-cached: 0 | Cache-read: 0 | Cache-create: 0 | Output: 0 | Cost: $0 | Duration: 485ms | Turns: 1
[2026-04-04T01:07:12Z] Iter 25 | Total-in: 0 | Non-cached: 0 | Cache-read: 0 | Cache-create: 0 | Output: 0 | Cost: $0 | Duration: 508ms | Turns: 1
[2026-04-04T01:07:12Z] Iter 20 | Total-in: 0 | Non-cached: 0 | Cache-read: 0 | Cache-create: 0 | Output: 0 | Cost: $0 | Duration: 508ms | Turns: 1
[2026-04-04T01:07:15Z] Iter 25 | Total-in: 0 | Non-cached: 0 | Cache-read: 0 | Cache-create: 0 | Output: 0 | Cost: $0 | Duration: 853ms | Turns: 1
[] Iter 25 | No token data (result file empty or parse failed)
[2026-04-04T01:07:26Z] Iter 26 | Total-in: 0 | Non-cached: 0 | Cache-read: 0 | Cache-create: 0 | Output: 0 | Cost: $0 | Duration: 422ms | Turns: 1
[2026-04-04T01:07:26Z] Iter 21 | Total-in: 0 | Non-cached: 0 | Cache-read: 0 | Cache-create: 0 | Output: 0 | Cost: $0 | Duration: 422ms | Turns: 1
[2026-04-04T01:07:30Z] Iter 26 | Total-in: 0 | Non-cached: 0 | Cache-read: 0 | Cache-create: 0 | Output: 0 | Cost: $0 | Duration: 528ms | Turns: 1
[] Iter 26 | No token data (result file empty or parse failed)
[2026-04-04T01:07:40Z] Iter 27 | Total-in: 0 | Non-cached: 0 | Cache-read: 0 | Cache-create: 0 | Output: 0 | Cost: $0 | Duration: 429ms | Turns: 1
[] Iter 22 | No token data (result file empty or parse failed)
[2026-04-04T01:07:45Z] Iter 27 | Total-in: 0 | Non-cached: 0 | Cache-read: 0 | Cache-create: 0 | Output: 0 | Cost: $0 | Duration: 409ms | Turns: 1
[2026-04-04T01:07:48Z] Iter 27 | Total-in: 0 | Non-cached: 0 | Cache-read: 0 | Cache-create: 0 | Output: 0 | Cost: $0 | Duration: ms | Turns: 
[2026-04-04T01:07:55Z] Iter 23 | Total-in: 0 | Non-cached: 0 | Cache-read: 0 | Cache-create: 0 | Output: 0 | Cost: $ | Duration: ms | Turns: 
[2026-04-04T01:07:57Z] Iter 28 | Total-in: 0 | Non-cached: 0 | Cache-read: 0 | Cache-create: 0 | Output: 0 | Cost: $0 | Duration: 529ms | Turns: 1
[2026-04-04T01:08:02Z] Iter 28 | Total-in: 0 | Non-cached: 0 | Cache-read: 0 | Cache-create: 0 | Output: 0 | Cost: $0 | Duration: 2318ms | Turns: 1
[] Iter 28 | No token data (result file empty or parse failed)
[] Iter 24 | No token data (result file empty or parse failed)
[2026-04-04T01:08:12Z] Iter 29 | Total-in: 0 | Non-cached: 0 | Cache-read: 0 | Cache-create: 0 | Output: 0 | Cost: $0 | Duration: 441ms | Turns: 1
[2026-04-04T01:08:16Z] Iter 29 | Total-in: 0 | Non-cached: 0 | Cache-read: 0 | Cache-create: 0 | Output: 0 | Cost: $0 | Duration: 417ms | Turns: 1
[] Iter 29 | No token data (result file empty or parse failed)
[2026-04-04T01:08:24Z] Iter 25 | Total-in: 0 | Non-cached: 0 | Cache-read:  | Cache-create:  | Output: 0 | Cost: $ | Duration: ms | Turns: 
[2026-04-04T01:08:27Z] Iter 30 | Total-in: 0 | Non-cached: 0 | Cache-read: 0 | Cache-create: 0 | Output: 0 | Cost: $0 | Duration: 521ms | Turns: 1
[2026-04-04T01:08:32Z] Iter 30 | Total-in: 0 | Non-cached: 0 | Cache-read: 0 | Cache-create: 0 | Output: 0 | Cost: $0 | Duration: 562ms | Turns: 1
[2026-04-04T01:08:32Z] Iter 30 | Total-in: 0 | Non-cached: 0 | Cache-read: 0 | Cache-create: 0 | Output: 0 | Cost: $0 | Duration: 562ms | Turns: 1
[2026-04-04T01:08:38Z] Iter 26 | Total-in: 0 | Non-cached: 0 | Cache-read: 0 | Cache-create: 0 | Output: 0 | Cost: $0 | Duration: 531ms | Turns: 1
[2026-04-04T01:08:42Z] Iter 31 | Total-in: 0 | Non-cached: 0 | Cache-read: 0 | Cache-create: 0 | Output: 0 | Cost: $0 | Duration: 523ms | Turns: 1
[2026-04-04T01:08:48Z] Iter 31 | Total-in: 0 | Non-cached: 0 | Cache-read: 0 | Cache-create: 0 | Output: 0 | Cost: $0 | Duration: 1466ms | Turns: 1
[2026-04-04T01:08:48Z] Iter 31 | Total-in: 0 | Non-cached: 0 | Cache-read: 0 | Cache-create: 0 | Output: 0 | Cost: $0 | Duration: 1466ms | Turns: 1
[2026-04-04T01:08:55Z] Iter 27 | Total-in: 0 | Non-cached: 0 | Cache-read: 0 | Cache-create: 0 | Output: 0 | Cost: $0 | Duration: 1494ms | Turns: 1
[2026-04-04T01:08:59Z] Iter 32 | Total-in: 0 | Non-cached: 0 | Cache-read: 0 | Cache-create: 0 | Output: 0 | Cost: $0 | Duration: 483ms | Turns: 1
[2026-04-04T01:09:03Z] Iter 32 | Total-in: 0 | Non-cached: 0 | Cache-read: 0 | Cache-create: 0 | Output: 0 | Cost: $0 | Duration: 815ms | Turns: 1
[2026-04-04T01:09:04Z] Iter 32 | Total-in: 0 | Non-cached: 0 | Cache-read: 0 | Cache-create: 0 | Output: 0 | Cost: $0 | Duration: 815ms | Turns: 1
[2026-04-04T01:09:10Z] Iter 28 | Total-in: 0 | Non-cached: 0 | Cache-read: 0 | Cache-create: 0 | Output: 0 | Cost: $0 | Duration: 568ms | Turns: 1
[2026-04-04T01:09:14Z] Iter 33 | Total-in: 0 | Non-cached: 0 | Cache-read: 0 | Cache-create: 0 | Output: 0 | Cost: $0 | Duration: 436ms | Turns: 1
[2026-04-04T01:09:20Z] Iter 33 | Total-in: 0 | Non-cached: 0 | Cache-read: 0 | Cache-create: 0 | Output: 0 | Cost: $0 | Duration: 503ms | Turns: 1
[2026-04-04T01:09:20Z] Iter 33 | Total-in: 0 | Non-cached: 0 | Cache-read: 0 | Cache-create: 0 | Output: 0 | Cost: $0 | Duration: 503ms | Turns: 1
[2026-04-04T01:09:26Z] Iter 29 | Total-in: 0 | Non-cached: 0 | Cache-read: 0 | Cache-create: 0 | Output: 0 | Cost: $0 | Duration: 505ms | Turns: 1
[2026-04-04T01:09:30Z] Iter 34 | Total-in: 0 | Non-cached: 0 | Cache-read: 0 | Cache-create: 0 | Output: 0 | Cost: $0 | Duration: 539ms | Turns: 1
[2026-04-04T01:09:36Z] Iter 34 | Total-in: 0 | Non-cached: 0 | Cache-read: 0 | Cache-create: 0 | Output: 0 | Cost: $0 | Duration: 511ms | Turns: 1
[2026-04-04T01:09:36Z] Iter 34 | Total-in: 0 | Non-cached: 0 | Cache-read: 0 | Cache-create: 0 | Output: 0 | Cost: $0 | Duration: 511ms | Turns: 1
[2026-04-04T01:09:43Z] Iter 30 | Total-in: 0 | Non-cached: 0 | Cache-read: 0 | Cache-create: 0 | Output: 0 | Cost: $0 | Duration: 629ms | Turns: 1
[2026-04-04T01:09:47Z] Iter 35 | Total-in: 0 | Non-cached: 0 | Cache-read: 0 | Cache-create: 0 | Output: 0 | Cost: $0 | Duration: 486ms | Turns: 1
[2026-04-04T01:09:54Z] Iter 35 | Total-in: 0 | Non-cached: 0 | Cache-read: 0 | Cache-create: 0 | Output: 0 | Cost: $0 | Duration: 506ms | Turns: 1
[2026-04-04T01:09:54Z] Iter 35 | Total-in: 0 | Non-cached: 0 | Cache-read: 0 | Cache-create: 0 | Output: 0 | Cost: $0 | Duration: 506ms | Turns: 1
[2026-04-04T01:10:00Z] Iter 31 | Total-in: 0 | Non-cached: 0 | Cache-read: 0 | Cache-create: 0 | Output: 0 | Cost: $0 | Duration: 532ms | Turns: 1
[2026-04-04T01:10:06Z] Iter 36 | Total-in: 0 | Non-cached: 0 | Cache-read: 0 | Cache-create: 0 | Output: 0 | Cost: $0 | Duration: 597ms | Turns: 1
[2026-04-04T01:10:11Z] Iter 36 | Total-in: 0 | Non-cached: 0 | Cache-read: 0 | Cache-create: 0 | Output: 0 | Cost: $0 | Duration: 475ms | Turns: 1
[2026-04-04T01:10:11Z] Iter 36 | Total-in: 0 | Non-cached: 0 | Cache-read: 0 | Cache-create: 0 | Output: 0 | Cost: $0 | Duration: 475ms | Turns: 1
[2026-04-04T01:10:16Z] Iter 32 | Total-in: 0 | Non-cached: 0 | Cache-read: 0 | Cache-create: 0 | Output: 0 | Cost: $0 | Duration: 465ms | Turns: 1
[2026-04-04T01:10:22Z] Iter 37 | Total-in: 0 | Non-cached: 0 | Cache-read: 0 | Cache-create: 0 | Output: 0 | Cost: $0 | Duration: 570ms | Turns: 1
[2026-04-04T01:10:28Z] Iter 37 | Total-in: 0 | Non-cached: 0 | Cache-read: 0 | Cache-create: 0 | Output: 0 | Cost: $0 | Duration: 1644ms | Turns: 1
[2026-04-04T01:10:29Z] Iter 37 | Total-in: 0 | Non-cached: 0 | Cache-read: 0 | Cache-create: 0 | Output: 0 | Cost: $0 | Duration: 1644ms | Turns: 1
[2026-04-04T01:10:34Z] Iter 33 | Total-in: 0 | Non-cached: 0 | Cache-read: 0 | Cache-create: 0 | Output: 0 | Cost: $0 | Duration: 570ms | Turns: 1
[2026-04-04T01:10:40Z] Iter 38 | Total-in: 0 | Non-cached: 0 | Cache-read: 0 | Cache-create: 0 | Output: 0 | Cost: $0 | Duration: 593ms | Turns: 1
[2026-04-04T01:10:46Z] Iter 38 | Total-in: 0 | Non-cached: 0 | Cache-read: 0 | Cache-create: 0 | Output: 0 | Cost: $0 | Duration: 591ms | Turns: 1
[2026-04-04T01:10:47Z] Iter 38 | Total-in: 0 | Non-cached: 0 | Cache-read: 0 | Cache-create: 0 | Output: 0 | Cost: $0 | Duration: 591ms | Turns: 1
[2026-04-04T01:10:52Z] Iter 34 | Total-in: 0 | Non-cached: 0 | Cache-read: 0 | Cache-create: 0 | Output: 0 | Cost: $0 | Duration: 565ms | Turns: 1
[2026-04-04T01:10:58Z] Iter 39 | Total-in: 0 | Non-cached: 0 | Cache-read: 0 | Cache-create: 0 | Output: 0 | Cost: $0 | Duration: 581ms | Turns: 1
[2026-04-04T01:11:05Z] Iter 39 | Total-in: 0 | Non-cached: 0 | Cache-read: 0 | Cache-create: 0 | Output: 0 | Cost: $0 | Duration: 625ms | Turns: 1
[2026-04-04T01:11:05Z] Iter 39 | Total-in: 0 | Non-cached: 0 | Cache-read: 0 | Cache-create: 0 | Output: 0 | Cost: $ | Duration: ms | Turns: 
[2026-04-04T01:11:11Z] Iter 35 | Total-in: 0 | Non-cached: 0 | Cache-read: 0 | Cache-create: 0 | Output: 0 | Cost: $0 | Duration: 495ms | Turns: 1
[2026-04-04T01:11:16Z] Iter 40 | Total-in: 0 | Non-cached: 0 | Cache-read: 0 | Cache-create: 0 | Output: 0 | Cost: $0 | Duration: 525ms | Turns: 1
[2026-04-04T01:11:24Z] Iter 40 | Total-in: 0 | Non-cached: 0 | Cache-read: 0 | Cache-create: 0 | Output: 0 | Cost: $0 | Duration: 565ms | Turns: 1
[2026-04-04T01:11:24Z] Iter 40 | Total-in: 0 | Non-cached: 0 | Cache-read: 0 | Cache-create: 0 | Output: 0 | Cost: $0 | Duration: 565ms | Turns: 
[2026-04-04T01:11:29Z] Iter 36 | Total-in: 0 | Non-cached: 0 | Cache-read: 0 | Cache-create: 0 | Output: 0 | Cost: $0 | Duration: 595ms | Turns: 1
[2026-04-04T01:11:34Z] Iter 41 | Total-in: 0 | Non-cached: 0 | Cache-read: 0 | Cache-create: 0 | Output: 0 | Cost: $0 | Duration: 549ms | Turns: 1
[] Iter 41 | No token data (result file empty or parse failed)
[] Iter 41 | No token data (result file empty or parse failed)
[2026-04-04T01:11:48Z] Iter 37 | Total-in: 0 | Non-cached: 0 | Cache-read: 0 | Cache-create: 0 | Output: 0 | Cost: $0 | Duration: 511ms | Turns: 1
[2026-04-04T01:11:53Z] Iter 42 | Total-in: 0 | Non-cached: 0 | Cache-read: 0 | Cache-create: 0 | Output: 0 | Cost: $0 | Duration: 672ms | Turns: 1
[] Iter 42 | No token data (result file empty or parse failed)
[2026-04-04T01:12:01Z] Iter 42 | Total-in: 0 | Non-cached: 0 | Cache-read:  | Cache-create:  | Output: 0 | Cost: $ | Duration: ms | Turns: 
[2026-04-04T01:12:06Z] Iter 38 | Total-in: 0 | Non-cached: 0 | Cache-read: 0 | Cache-create: 0 | Output: 0 | Cost: $0 | Duration: 583ms | Turns: 1
[2026-04-04T01:12:12Z] Iter 43 | Total-in: 0 | Non-cached: 0 | Cache-read: 0 | Cache-create: 0 | Output: 0 | Cost: $0 | Duration: 487ms | Turns: 1
[2026-04-04T01:12:19Z] Iter 43 | Total-in: 0 | Non-cached: 0 | Cache-read: 0 | Cache-create: 0 | Output: 0 | Cost: $0 | Duration: 550ms | Turns: 1
[] Iter 43 | No token data (result file empty or parse failed)
[2026-04-04T01:12:25Z] Iter 39 | Total-in: 0 | Non-cached: 0 | Cache-read: 0 | Cache-create: 0 | Output: 0 | Cost: $0 | Duration: 403ms | Turns: 1
[2026-04-04T01:12:27Z] Iter 44 | Total-in: 0 | Non-cached: 0 | Cache-read: 0 | Cache-create:  | Output: 0 | Cost: $ | Duration: ms | Turns: 
[2026-04-04T01:12:33Z] Iter 44 | Total-in: 0 | Non-cached: 0 | Cache-read: 0 | Cache-create: 0 | Output: 0 | Cost: $0 | Duration: 408ms | Turns: 1
[] Iter 44 | No token data (result file empty or parse failed)
[2026-04-04T01:12:39Z] Iter 40 | Total-in: 0 | Non-cached: 0 | Cache-read: 0 | Cache-create: 0 | Output: 0 | Cost: $0 | Duration: 615ms | Turns: 1
[] Iter 45 | No token data (result file empty or parse failed)
[2026-04-04T01:12:48Z] Iter 45 | Total-in: 0 | Non-cached: 0 | Cache-read: 0 | Cache-create: 0 | Output: 0 | Cost: $0 | Duration: 660ms | Turns: 1
[2026-04-04T01:12:49Z] Iter 45 | Total-in: 0 | Non-cached: 0 | Cache-read: 0 | Cache-create: 0 | Output: 0 | Cost: $0 | Duration: 448ms | Turns: 1
[2026-04-04T01:12:54Z] Iter 41 | Total-in: 0 | Non-cached: 0 | Cache-read: 0 | Cache-create: 0 | Output: 0 | Cost: $0 | Duration: 435ms | Turns: 1
[2026-04-04T01:12:57Z] Iter 46 | Total-in: 0 | Non-cached: 0 | Cache-read: 0 | Cache-create: 0 | Output: 0 | Cost: $0 | Duration: 452ms | Turns: 1
[] Iter 46 | No token data (result file empty or parse failed)
[2026-04-04T01:13:04Z] Iter 46 | Total-in: 0 | Non-cached: 0 | Cache-read: 0 | Cache-create: 0 | Output: 0 | Cost: $0 | Duration: 491ms | Turns: 1
[2026-04-04T01:13:09Z] Iter 42 | Total-in: 0 | Non-cached: 0 | Cache-read: 0 | Cache-create: 0 | Output: 0 | Cost: $0 | Duration: 423ms | Turns: 1
[2026-04-04T01:13:11Z] Iter 47 | Total-in: 0 | Non-cached: 0 | Cache-read: 0 | Cache-create: 0 | Output: 0 | Cost: $0 | Duration: 508ms | Turns: 1
[2026-04-04T01:13:16Z] Iter 47 | Total-in: 0 | Non-cached: 0 | Cache-read: 0 | Cache-create: 0 | Output: 0 | Cost: $0 | Duration: 413ms | Turns: 1
[2026-04-04T01:13:19Z] Iter 47 | Total-in: 0 | Non-cached: 0 | Cache-read: 0 | Cache-create: 0 | Output: 0 | Cost: $ | Duration: ms | Turns: 
[2026-04-04T01:13:24Z] Iter 43 | Total-in: 0 | Non-cached: 0 | Cache-read:  | Cache-create:  | Output: 0 | Cost: $ | Duration: ms | Turns: 
[2026-04-04T01:13:26Z] Iter 48 | Total-in: 0 | Non-cached: 0 | Cache-read: 0 | Cache-create: 0 | Output: 0 | Cost: $0 | Duration: 464ms | Turns: 1
[2026-04-04T01:13:31Z] Iter 48 | Total-in: 0 | Non-cached: 0 | Cache-read: 0 | Cache-create: 0 | Output: 0 | Cost: $0 | Duration: 396ms | Turns: 1
[2026-04-04T01:13:33Z] Iter 48 | Total-in: 0 | Non-cached: 0 | Cache-read: 0 | Cache-create: 0 | Output: 0 | Cost: $ | Duration: ms | Turns: 
[2026-04-04T01:13:38Z] Iter 44 | Total-in: 0 | Non-cached: 0 | Cache-read:  | Cache-create:  | Output:  | Cost: $ | Duration: ms | Turns: 
[2026-04-04T01:13:42Z] Iter 49 | Total-in: 0 | Non-cached: 0 | Cache-read: 0 | Cache-create: 0 | Output: 0 | Cost: $0 | Duration: 415ms | Turns: 1
[2026-04-04T01:13:45Z] Iter 49 | Total-in: 0 | Non-cached: 0 | Cache-read: 0 | Cache-create: 0 | Output: 0 | Cost: $0 | Duration: 474ms | Turns: 1
[2026-04-04T01:13:48Z] Iter 49 | Total-in: 0 | Non-cached: 0 | Cache-read: 0 | Cache-create: 0 | Output: 0 | Cost: $0 | Duration: 565ms | Turns: 1
[2026-04-04T01:13:54Z] Iter 45 | Total-in: 0 | Non-cached: 0 | Cache-read: 0 | Cache-create: 0 | Output: 0 | Cost: $0 | Duration: 442ms | Turns: 1
[2026-04-04T01:13:57Z] Iter 50 | Total-in: 0 | Non-cached: 0 | Cache-read: 0 | Cache-create: 0 | Output: 0 | Cost: $0 | Duration: 855ms | Turns: 1
[2026-04-04T01:14:00Z] Iter 50 | Total-in: 0 | Non-cached: 0 | Cache-read: 0 | Cache-create: 0 | Output: 0 | Cost: $0 | Duration: 417ms | Turns: 1
[2026-04-04T01:14:04Z] Iter 50 | Total-in: 0 | Non-cached: 0 | Cache-read: 0 | Cache-create: 0 | Output: 0 | Cost: $0 | Duration: 547ms | Turns: 1
[2026-04-04T01:14:09Z] Iter 46 | Total-in: 0 | Non-cached: 0 | Cache-read: 0 | Cache-create: 0 | Output: 0 | Cost: $0 | Duration: 462ms | Turns: 1
[2026-04-04T01:14:12Z] Iter 51 | Total-in: 0 | Non-cached: 0 | Cache-read: 0 | Cache-create: 0 | Output: 0 | Cost: $0 | Duration: 521ms | Turns: 1
[2026-04-04T01:14:16Z] Iter 51 | Total-in: 0 | Non-cached: 0 | Cache-read: 0 | Cache-create: 0 | Output: 0 | Cost: $0 | Duration: 437ms | Turns: 1
[2026-04-04T01:14:19Z] Iter 51 | Total-in: 0 | Non-cached: 0 | Cache-read: 0 | Cache-create: 0 | Output: 0 | Cost: $0 | Duration: 612ms | Turns: 1
[2026-04-04T01:14:24Z] Iter 47 | Total-in: 0 | Non-cached: 0 | Cache-read: 0 | Cache-create: 0 | Output: 0 | Cost: $0 | Duration: 465ms | Turns: 1
[2026-04-04T01:14:28Z] Iter 52 | Total-in: 0 | Non-cached: 0 | Cache-read: 0 | Cache-create: 0 | Output: 0 | Cost: $0 | Duration: 537ms | Turns: 1
[2026-04-04T01:14:31Z] Iter 52 | Total-in: 0 | Non-cached: 0 | Cache-read: 0 | Cache-create: 0 | Output: 0 | Cost: $0 | Duration: 493ms | Turns: 1
[2026-04-04T01:14:35Z] Iter 52 | Total-in: 0 | Non-cached: 0 | Cache-read: 0 | Cache-create: 0 | Output: 0 | Cost: $0 | Duration: 491ms | Turns: 1
[2026-04-04T01:14:40Z] Iter 48 | Total-in: 0 | Non-cached: 0 | Cache-read: 0 | Cache-create: 0 | Output: 0 | Cost: $0 | Duration: 480ms | Turns: 1
[2026-04-04T01:14:44Z] Iter 53 | Total-in: 0 | Non-cached: 0 | Cache-read: 0 | Cache-create: 0 | Output: 0 | Cost: $0 | Duration: 496ms | Turns: 1
[2026-04-04T01:14:48Z] Iter 53 | Total-in: 0 | Non-cached: 0 | Cache-read:  | Cache-create:  | Output: 0 | Cost: $ | Duration: ms | Turns: 
[2026-04-04T01:14:51Z] Iter 53 | Total-in: 0 | Non-cached: 0 | Cache-read: 0 | Cache-create: 0 | Output: 0 | Cost: $0 | Duration: 479ms | Turns: 1
[2026-04-04T01:14:56Z] Iter 49 | Total-in: 0 | Non-cached: 0 | Cache-read: 0 | Cache-create: 0 | Output: 0 | Cost: $0 | Duration: 410ms | Turns: 1
[2026-04-04T01:14:59Z] Iter 54 | Total-in: 0 | Non-cached: 0 | Cache-read: 0 | Cache-create: 0 | Output: 0 | Cost: $0 | Duration: 456ms | Turns: 1
[] Iter 54 | No token data (result file empty or parse failed)
[2026-04-04T01:15:07Z] Iter 54 | Total-in: 0 | Non-cached: 0 | Cache-read: 0 | Cache-create: 0 | Output: 0 | Cost: $0 | Duration: 471ms | Turns: 1
[2026-04-04T01:15:12Z] Iter 50 | Total-in: 0 | Non-cached: 0 | Cache-read: 0 | Cache-create: 0 | Output: 0 | Cost: $0 | Duration: 544ms | Turns: 1
[2026-04-04T01:15:16Z] Iter 55 | Total-in: 0 | Non-cached: 0 | Cache-read: 0 | Cache-create: 0 | Output: 0 | Cost: $0 | Duration: 551ms | Turns: 1
[2026-04-04T01:15:19Z] Iter 55 | Total-in: 0 | Non-cached: 0 | Cache-read: 0 | Cache-create:  | Output: 0 | Cost: $ | Duration: ms | Turns: 
[2026-04-04T01:15:23Z] Iter 55 | Total-in: 0 | Non-cached: 0 | Cache-read: 0 | Cache-create: 0 | Output: 0 | Cost: $0 | Duration: 474ms | Turns: 1
[2026-04-04T01:15:28Z] Iter 51 | Total-in: 0 | Non-cached: 0 | Cache-read: 0 | Cache-create: 0 | Output: 0 | Cost: $0 | Duration: 617ms | Turns: 1
[2026-04-04T01:15:33Z] Iter 56 | Total-in: 0 | Non-cached: 0 | Cache-read: 0 | Cache-create: 0 | Output: 0 | Cost: $0 | Duration: 545ms | Turns: 1
[] Iter 56 | No token data (result file empty or parse failed)
[2026-04-04T01:15:41Z] Iter 56 | Total-in: 0 | Non-cached: 0 | Cache-read: 0 | Cache-create: 0 | Output: 0 | Cost: $0 | Duration: 656ms | Turns: 1
[2026-04-04T01:15:46Z] Iter 52 | Total-in: 0 | Non-cached: 0 | Cache-read: 0 | Cache-create: 0 | Output: 0 | Cost: $0 | Duration: 496ms | Turns: 1
[2026-04-04T01:15:51Z] Iter 57 | Total-in: 0 | Non-cached: 0 | Cache-read: 0 | Cache-create: 0 | Output: 0 | Cost: $0 | Duration: 540ms | Turns: 1
[2026-04-04T01:15:55Z] Iter 57 | Total-in: 0 | Non-cached: 0 | Cache-read: 0 | Cache-create: 0 | Output: 0 | Cost: $0 | Duration: 575ms | Turns: 1
[2026-04-04T01:15:58Z] Iter 57 | Total-in: 0 | Non-cached: 0 | Cache-read: 0 | Cache-create: 0 | Output: 0 | Cost: $0 | Duration: 583ms | Turns: 1
[2026-04-04T01:16:04Z] Iter 53 | Total-in: 0 | Non-cached: 0 | Cache-read: 0 | Cache-create: 0 | Output: 0 | Cost: $0 | Duration: 1319ms | Turns: 1
[2026-04-04T01:16:08Z] Iter 58 | Total-in: 0 | Non-cached: 0 | Cache-read: 0 | Cache-create: 0 | Output: 0 | Cost: $0 | Duration: 493ms | Turns: 1
[2026-04-04T01:16:13Z] Iter 58 | Total-in: 0 | Non-cached: 0 | Cache-read: 0 | Cache-create: 0 | Output: 0 | Cost: $0 | Duration: 559ms | Turns: 1
[2026-04-04T01:16:16Z] Iter 58 | Total-in: 0 | Non-cached: 0 | Cache-read: 0 | Cache-create: 0 | Output: 0 | Cost: $0 | Duration: ms | Turns: 
[2026-04-04T01:16:22Z] Iter 54 | Total-in: 0 | Non-cached: 0 | Cache-read: 0 | Cache-create: 0 | Output: 0 | Cost: $0 | Duration: 523ms | Turns: 1
[2026-04-04T01:16:27Z] Iter 59 | Total-in: 0 | Non-cached: 0 | Cache-read: 0 | Cache-create: 0 | Output: 0 | Cost: $0 | Duration: 532ms | Turns: 1
[2026-04-04T01:16:32Z] Iter 59 | Total-in: 0 | Non-cached: 0 | Cache-read: 0 | Cache-create: 0 | Output: 0 | Cost: $0 | Duration: 1024ms | Turns: 1
[2026-04-04T01:16:35Z] Iter 59 | Total-in: 0 | Non-cached: 0 | Cache-read: 0 | Cache-create: 0 | Output: 0 | Cost: $ | Duration: ms | Turns: 
[2026-04-04T01:16:42Z] Iter 55 | Total-in: 0 | Non-cached: 0 | Cache-read: 0 | Cache-create: 0 | Output: 0 | Cost: $0 | Duration: 507ms | Turns: 1
[2026-04-04T01:16:45Z] Iter 60 | Total-in: 0 | Non-cached: 0 | Cache-read: 0 | Cache-create: 0 | Output: 0 | Cost: $0 | Duration: 472ms | Turns: 1
[2026-04-04T01:16:51Z] Iter 60 | Total-in: 0 | Non-cached: 0 | Cache-read: 0 | Cache-create: 0 | Output: 0 | Cost: $0 | Duration: 573ms | Turns: 1
[] Iter 60 | No token data (result file empty or parse failed)
[] Iter 56 | No token data (result file empty or parse failed)
[2026-04-04T01:17:05Z] Iter 61 | Total-in: 0 | Non-cached: 0 | Cache-read: 0 | Cache-create: 0 | Output: 0 | Cost: $0 | Duration: 1274ms | Turns: 1
[2026-04-04T01:17:10Z] Iter 61 | Total-in: 0 | Non-cached: 0 | Cache-read: 0 | Cache-create: 0 | Output: 0 | Cost: $0 | Duration: 586ms | Turns: 1
[2026-04-04T01:17:11Z] Iter 61 | Total-in: 0 | Non-cached: 0 | Cache-read: 0 | Cache-create: 0 | Output: 0 | Cost: $0 | Duration: 503ms | Turns: 1
[2026-04-04T01:17:19Z] Iter 57 | Total-in: 0 | Non-cached: 0 | Cache-read: 0 | Cache-create: 0 | Output: 0 | Cost: $0 | Duration: 564ms | Turns: 1
[2026-04-04T01:17:24Z] Iter 62 | Total-in: 0 | Non-cached: 0 | Cache-read: 0 | Cache-create: 0 | Output: 0 | Cost: $0 | Duration: 553ms | Turns: 1
[2026-04-04T01:17:29Z] Iter 62 | Total-in: 0 | Non-cached: 0 | Cache-read: 0 | Cache-create: 0 | Output: 0 | Cost: $0 | Duration: 643ms | Turns: 1
[2026-04-04T01:17:30Z] Iter 62 | Total-in: 0 | Non-cached: 0 | Cache-read: 0 | Cache-create: 0 | Output: 0 | Cost: $0 | Duration: 522ms | Turns: 1
[] Iter 58 | No token data (result file empty or parse failed)
[2026-04-04T01:17:43Z] Iter 63 | Total-in: 0 | Non-cached: 0 | Cache-read: 0 | Cache-create: 0 | Output: 0 | Cost: $0 | Duration: 587ms | Turns: 1
[2026-04-04T01:17:47Z] Iter 63 | Total-in: 0 | Non-cached: 0 | Cache-read: 0 | Cache-create: 0 | Output: 0 | Cost: $0 | Duration: 483ms | Turns: 1
[2026-04-04T01:17:48Z] Iter 63 | Total-in: 0 | Non-cached: 0 | Cache-read: 0 | Cache-create: 0 | Output: 0 | Cost: $0 | Duration: 483ms | Turns: 1
[2026-04-04T01:17:50Z] Iter 59 | Total-in: 0 | Non-cached: 0 | Cache-read: 0 | Cache-create: 0 | Output: 0 | Cost: $0 | Duration: 465ms | Turns: 1
[2026-04-04T01:17:57Z] Iter 64 | Total-in: 0 | Non-cached: 0 | Cache-read: 0 | Cache-create: 0 | Output: 0 | Cost: $0 | Duration: 481ms | Turns: 1
[2026-04-04T01:18:02Z] Iter 64 | Total-in: 0 | Non-cached: 0 | Cache-read: 0 | Cache-create: 0 | Output: 0 | Cost: $0 | Duration: 1590ms | Turns: 1
[2026-04-04T01:18:02Z] Iter 64 | Total-in: 0 | Non-cached: 0 | Cache-read: 0 | Cache-create: 0 | Output: 0 | Cost: $0 | Duration: 1590ms | Turns: 1
[] Iter 60 | No token data (result file empty or parse failed)
[] Iter 65 | No token data (result file empty or parse failed)
[] Iter 65 | No token data (result file empty or parse failed)
[2026-04-04T01:18:19Z] Iter 65 | Total-in: 0 | Non-cached: 0 | Cache-read: 0 | Cache-create: 0 | Output: 0 | Cost: $0 | Duration: 420ms | Turns: 1
[2026-04-04T01:18:19Z] Iter 61 | Total-in: 0 | Non-cached: 0 | Cache-read: 0 | Cache-create: 0 | Output: 0 | Cost: $0 | Duration: 420ms | Turns: 1
[2026-04-04T01:18:25Z] Iter 66 | Total-in: 0 | Non-cached: 0 | Cache-read: 0 | Cache-create: 0 | Output: 0 | Cost: $0 | Duration: ms | Turns: 
[2026-04-04T01:18:32Z] Iter 66 | Total-in: 0 | Non-cached: 0 | Cache-read: 0 | Cache-create: 0 | Output: 0 | Cost: $0 | Duration: 457ms | Turns: 1
[2026-04-04T01:18:34Z] Iter 66 | Total-in: 0 | Non-cached: 0 | Cache-read: 0 | Cache-create: 0 | Output: 0 | Cost: $0 | Duration: 592ms | Turns: 1
[2026-04-04T01:18:34Z] Iter 62 | Total-in: 0 | Non-cached: 0 | Cache-read: 0 | Cache-create: 0 | Output: 0 | Cost: $0 | Duration: 592ms | Turns: 1
[] Iter 67 | No token data (result file empty or parse failed)
[2026-04-04T01:18:47Z] Iter 67 | Total-in: 0 | Non-cached: 0 | Cache-read: 0 | Cache-create: 0 | Output: 0 | Cost: $0 | Duration: 549ms | Turns: 1
[] Iter 63 | No token data (result file empty or parse failed)
[] Iter 67 | No token data (result file empty or parse failed)
[2026-04-04T01:18:56Z] Iter 68 | Total-in: 0 | Non-cached: 0 | Cache-read: 0 | Cache-create: 0 | Output: 0 | Cost: $0 | Duration: 411ms | Turns: 1
[2026-04-04T01:19:02Z] Iter 68 | Total-in: 0 | Non-cached: 0 | Cache-read: 0 | Cache-create: 0 | Output: 0 | Cost: $0 | Duration: 415ms | Turns: 1
[2026-04-04T01:19:05Z] Iter 68 | Total-in: 0 | Non-cached: 0 | Cache-read: 0 | Cache-create: 0 | Output: 0 | Cost: $0 | Duration: 508ms | Turns: 1
[2026-04-04T01:19:05Z] Iter 64 | Total-in: 0 | Non-cached: 0 | Cache-read: 0 | Cache-create: 0 | Output: 0 | Cost: $0 | Duration: 508ms | Turns: 1
[2026-04-04T01:19:11Z] Iter 69 | Total-in: 0 | Non-cached: 0 | Cache-read: 0 | Cache-create: 0 | Output: 0 | Cost: $0 | Duration: 409ms | Turns: 1
[2026-04-04T01:19:17Z] Iter 69 | Total-in: 0 | Non-cached: 0 | Cache-read: 0 | Cache-create: 0 | Output: 0 | Cost: $0 | Duration: 571ms | Turns: 1
[2026-04-04T01:19:21Z] Iter 65 | Total-in: 0 | Non-cached: 0 | Cache-read: 0 | Cache-create: 0 | Output: 0 | Cost: $0 | Duration: 1716ms | Turns: 1
[2026-04-04T01:19:22Z] Iter 69 | Total-in: 0 | Non-cached: 0 | Cache-read: 0 | Cache-create: 0 | Output: 0 | Cost: $0 | Duration: 1716ms | Turns: 1
[2026-04-04T01:19:26Z] Iter 70 | Total-in: 0 | Non-cached: 0 | Cache-read: 0 | Cache-create: 0 | Output: 0 | Cost: $0 | Duration: 536ms | Turns: 1
[2026-04-04T01:19:33Z] Iter 70 | Total-in: 0 | Non-cached: 0 | Cache-read: 0 | Cache-create: 0 | Output: 0 | Cost: $0 | Duration: 447ms | Turns: 1
[2026-04-04T01:19:37Z] Iter 66 | Total-in: 0 | Non-cached: 0 | Cache-read: 0 | Cache-create: 0 | Output: 0 | Cost: $0 | Duration: 629ms | Turns: 1
[2026-04-04T01:19:38Z] Iter 70 | Total-in: 0 | Non-cached: 0 | Cache-read: 0 | Cache-create: 0 | Output: 0 | Cost: $0 | Duration: 629ms | Turns: 1
[2026-04-04T01:19:44Z] Iter 71 | Total-in: 0 | Non-cached: 0 | Cache-read: 0 | Cache-create: 0 | Output: 0 | Cost: $0 | Duration: 499ms | Turns: 1
[2026-04-04T01:19:48Z] Iter 71 | Total-in: 0 | Non-cached: 0 | Cache-read: 0 | Cache-create: 0 | Output: 0 | Cost: $0 | Duration: 475ms | Turns: 1
[2026-04-04T01:19:54Z] Iter 67 | Total-in: 0 | Non-cached: 0 | Cache-read: 0 | Cache-create: 0 | Output: 0 | Cost: $0 | Duration: 485ms | Turns: 1
[2026-04-04T01:19:54Z] Iter 71 | Total-in: 0 | Non-cached: 0 | Cache-read: 0 | Cache-create: 0 | Output: 0 | Cost: $0 | Duration: 485ms | Turns: 1
[] Iter 72 | No token data (result file empty or parse failed)
[2026-04-04T01:20:04Z] Iter 72 | Total-in: 0 | Non-cached: 0 | Cache-read: 0 | Cache-create: 0 | Output: 0 | Cost: $0 | Duration: 570ms | Turns: 1
[2026-04-04T01:20:10Z] Iter 68 | Total-in: 0 | Non-cached: 0 | Cache-read: 0 | Cache-create: 0 | Output: 0 | Cost: $0 | Duration: 427ms | Turns: 1
[2026-04-04T01:20:11Z] Iter 72 | Total-in: 0 | Non-cached: 0 | Cache-read: 0 | Cache-create: 0 | Output: 0 | Cost: $0 | Duration: 628ms | Turns: 1
[2026-04-04T01:20:18Z] Iter 73 | Total-in: 0 | Non-cached: 0 | Cache-read: 0 | Cache-create: 0 | Output: 0 | Cost: $0 | Duration: 481ms | Turns: 1
[2026-04-04T01:20:21Z] Iter 73 | Total-in: 0 | Non-cached: 0 | Cache-read: 0 | Cache-create: 0 | Output: 0 | Cost: $0 | Duration: 468ms | Turns: 1
[2026-04-04T01:20:28Z] Iter 73 | Total-in: 0 | Non-cached: 0 | Cache-read: 0 | Cache-create: 0 | Output: 0 | Cost: $0 | Duration: 482ms | Turns: 1
[] Iter 69 | No token data (result file empty or parse failed)
[2026-04-04T01:20:35Z] Iter 74 | Total-in: 0 | Non-cached: 0 | Cache-read: 0 | Cache-create: 0 | Output: 0 | Cost: $0 | Duration: 432ms | Turns: 1
[2026-04-04T01:20:38Z] Iter 74 | Total-in: 0 | Non-cached: 0 | Cache-read: 0 | Cache-create: 0 | Output: 0 | Cost: $0 | Duration: 587ms | Turns: 1
[2026-04-04T01:20:46Z] Iter 70 | Total-in: 0 | Non-cached: 0 | Cache-read:  | Cache-create:  | Output:  | Cost: $ | Duration: ms | Turns: 
[2026-04-04T01:20:46Z] Iter 74 | Total-in: 0 | Non-cached: 0 | Cache-read:  | Cache-create:  | Output:  | Cost: $ | Duration: ms | Turns: 
[2026-04-04T01:20:52Z] Iter 75 | Total-in: 0 | Non-cached: 0 | Cache-read: 0 | Cache-create: 0 | Output: 0 | Cost: $0 | Duration: 607ms | Turns: 1
[2026-04-04T01:20:56Z] Iter 75 | Total-in: 0 | Non-cached: 0 | Cache-read: 0 | Cache-create: 0 | Output: 0 | Cost: $0 | Duration: 497ms | Turns: 1
[2026-04-04T01:21:05Z] Iter 75 | Total-in: 0 | Non-cached: 0 | Cache-read: 0 | Cache-create: 0 | Output: 0 | Cost: $0 | Duration: 507ms | Turns: 1
[2026-04-04T01:21:05Z] Iter 71 | Total-in: 0 | Non-cached: 0 | Cache-read: 0 | Cache-create: 0 | Output: 0 | Cost: $0 | Duration: 507ms | Turns: 1
[2026-04-04T01:21:10Z] Iter 76 | Total-in: 0 | Non-cached: 0 | Cache-read: 0 | Cache-create: 0 | Output: 0 | Cost: $0 | Duration: 541ms | Turns: 1
[2026-04-04T01:21:13Z] Iter 76 | Total-in: 0 | Non-cached: 0 | Cache-read: 0 | Cache-create: 0 | Output: 0 | Cost: $0 | Duration: 559ms | Turns: 1
[2026-04-04T01:21:23Z] Iter 72 | Total-in: 0 | Non-cached: 0 | Cache-read: 0 | Cache-create: 0 | Output: 0 | Cost: $0 | Duration: 627ms | Turns: 1
[2026-04-04T01:21:23Z] Iter 76 | Total-in: 0 | Non-cached: 0 | Cache-read: 0 | Cache-create: 0 | Output: 0 | Cost: $0 | Duration: 627ms | Turns: 1
[2026-04-04T01:21:30Z] Iter 77 | Total-in: 0 | Non-cached: 0 | Cache-read: 0 | Cache-create: 0 | Output: 0 | Cost: $0 | Duration: 639ms | Turns: 1
[] Iter 77 | No token data (result file empty or parse failed)
[2026-04-04T01:21:41Z] Iter 77 | Total-in: 0 | Non-cached: 0 | Cache-read: 0 | Cache-create: 0 | Output: 0 | Cost: $0 | Duration: 623ms | Turns: 1
[2026-04-04T01:21:43Z] Iter 73 | Total-in: 0 | Non-cached: 0 | Cache-read: 0 | Cache-create: 0 | Output: 0 | Cost: $0 | Duration: 623ms | Turns: 1
[2026-04-04T01:21:48Z] Iter 78 | Total-in: 0 | Non-cached: 0 | Cache-read: 0 | Cache-create: 0 | Output: 0 | Cost: $0 | Duration: 566ms | Turns: 1
[2026-04-04T01:21:49Z] Iter 78 | Total-in: 0 | Non-cached:  | Cache-read:  | Cache-create:  | Output:  | Cost: $ | Duration: ms | Turns: 
[2026-04-04T01:22:00Z] Iter 78 | Total-in: 0 | Non-cached: 0 | Cache-read: 0 | Cache-create: 0 | Output: 0 | Cost: $0 | Duration: 514ms | Turns: 1
[2026-04-04T01:22:01Z] Iter 74 | Total-in: 0 | Non-cached: 0 | Cache-read: 0 | Cache-create: 0 | Output: 0 | Cost: $0 | Duration: 584ms | Turns: 1
[2026-04-04T01:22:07Z] Iter 79 | Total-in: 0 | Non-cached: 0 | Cache-read: 0 | Cache-create: 0 | Output: 0 | Cost: $0 | Duration: 553ms | Turns: 1
[] Iter 79 | No token data (result file empty or parse failed)
[2026-04-04T01:22:17Z] Iter 79 | Total-in: 0 | Non-cached: 0 | Cache-read: 0 | Cache-create: 0 | Output: 0 | Cost: $0 | Duration: 676ms | Turns: 1
[2026-04-04T01:22:18Z] Iter 75 | Total-in: 0 | Non-cached: 0 | Cache-read: 0 | Cache-create: 0 | Output: 0 | Cost: $0 | Duration: 506ms | Turns: 1
[2026-04-04T01:22:22Z] Iter 80 | Total-in: 0 | Non-cached: 0 | Cache-read: 0 | Cache-create: 0 | Output: 0 | Cost: $0 | Duration: 652ms | Turns: 1
[2026-04-04T01:22:24Z] Iter 80 | Total-in: 0 | Non-cached: 0 | Cache-read: 0 | Cache-create: 0 | Output: 0 | Cost: $0 | Duration: 1354ms | Turns: 1
[2026-04-04T01:22:31Z] Iter 80 | Total-in: 0 | Non-cached: 0 | Cache-read: 0 | Cache-create: 0 | Output: 0 | Cost: $ | Duration: ms | Turns: 
[2026-04-04T01:22:33Z] Iter 76 | Total-in: 0 | Non-cached: 0 | Cache-read: 0 | Cache-create: 0 | Output: 0 | Cost: $0 | Duration: 450ms | Turns: 1
[2026-04-04T01:22:37Z] Iter 81 | Total-in: 0 | Non-cached: 0 | Cache-read: 0 | Cache-create: 0 | Output: 0 | Cost: $0 | Duration: 485ms | Turns: 1
[2026-04-04T01:22:38Z] Iter 81 | Total-in: 0 | Non-cached: 0 | Cache-read: 0 | Cache-create: 0 | Output: 0 | Cost: $0 | Duration: 441ms | Turns: 1
[2026-04-04T01:22:45Z] Iter 81 | Total-in: 0 | Non-cached: 0 | Cache-read: 0 | Cache-create: 0 | Output: 0 | Cost: $0 | Duration: 502ms | Turns: 1
[2026-04-04T01:22:47Z] Iter 77 | Total-in: 0 | Non-cached: 0 | Cache-read: 0 | Cache-create: 0 | Output: 0 | Cost: $0 | Duration: 510ms | Turns: 1
[2026-04-04T01:22:52Z] Iter 82 | Total-in: 0 | Non-cached: 0 | Cache-read: 0 | Cache-create: 0 | Output: 0 | Cost: $0 | Duration: 437ms | Turns: 1
[2026-04-04T01:22:54Z] Iter 82 | Total-in: 0 | Non-cached: 0 | Cache-read: 0 | Cache-create: 0 | Output: 0 | Cost: $0 | Duration: 1532ms | Turns: 1
[] Iter 82 | No token data (result file empty or parse failed)
[] Iter 78 | No token data (result file empty or parse failed)
[2026-04-04T01:23:06Z] Iter 83 | Total-in: 0 | Non-cached: 0 | Cache-read: 0 | Cache-create: 0 | Output: 0 | Cost: $0 | Duration: 398ms | Turns: 1
[2026-04-04T01:23:08Z] Iter 83 | Total-in: 0 | Non-cached: 0 | Cache-read: 0 | Cache-create: 0 | Output: 0 | Cost: $0 | Duration: 415ms | Turns: 1
[2026-04-04T01:23:13Z] Iter 83 | Total-in: 0 | Non-cached: 0 | Cache-read: 0 | Cache-create: 0 | Output: 0 | Cost: $0 | Duration: 545ms | Turns: 1
[2026-04-04T01:23:16Z] Iter 79 | Total-in: 0 | Non-cached: 0 | Cache-read: 0 | Cache-create: 0 | Output: 0 | Cost: $ | Duration: ms | Turns: 
[2026-04-04T01:23:21Z] Iter 84 | Total-in: 0 | Non-cached: 0 | Cache-read:  | Cache-create:  | Output:  | Cost: $ | Duration: ms | Turns: 
[2026-04-04T01:23:23Z] Iter 84 | Total-in: 0 | Non-cached: 0 | Cache-read: 0 | Cache-create: 0 | Output: 0 | Cost: $0 | Duration: 382ms | Turns: 1
[2026-04-04T01:23:27Z] Iter 84 | Total-in: 0 | Non-cached: 0 | Cache-read: 0 | Cache-create: 0 | Output: 0 | Cost: $0 | Duration: 489ms | Turns: 1
[] Iter 80 | No token data (result file empty or parse failed)
[] Iter 85 | No token data (result file empty or parse failed)
[2026-04-04T01:23:37Z] Iter 85 | Total-in: 0 | Non-cached: 0 | Cache-read:  | Cache-create:  | Output:  | Cost: $ | Duration: ms | Turns: 
[2026-04-04T01:23:42Z] Iter 85 | Total-in: 0 | Non-cached: 0 | Cache-read: 0 | Cache-create: 0 | Output: 0 | Cost: $0 | Duration: 387ms | Turns: 1
[2026-04-04T01:23:44Z] Iter 81 | Total-in: 0 | Non-cached: 0 | Cache-read: 0 | Cache-create: 0 | Output: 0 | Cost: $0 | Duration: 506ms | Turns: 1
[2026-04-04T01:23:49Z] Iter 86 | Total-in: 0 | Non-cached: 0 | Cache-read: 0 | Cache-create: 0 | Output: 0 | Cost: $0 | Duration: 591ms | Turns: 1
[] Iter 86 | No token data (result file empty or parse failed)
[2026-04-04T01:23:57Z] Iter 86 | Total-in: 0 | Non-cached: 0 | Cache-read: 0 | Cache-create: 0 | Output: 0 | Cost: $ | Duration: ms | Turns: 
[2026-04-04T01:23:59Z] Iter 82 | Total-in: 0 | Non-cached: 0 | Cache-read: 0 | Cache-create: 0 | Output: 0 | Cost: $ | Duration: ms | Turns: 
[2026-04-04T01:24:04Z] Iter 87 | Total-in: 0 | Non-cached:  | Cache-read:  | Cache-create:  | Output:  | Cost: $ | Duration: ms | Turns: 
[] Iter 87 | No token data (result file empty or parse failed)
[] Iter 87 | No token data (result file empty or parse failed)
[2026-04-04T01:24:14Z] Iter 83 | Total-in: 0 | Non-cached:  | Cache-read:  | Cache-create:  | Output:  | Cost: $ | Duration: ms | Turns: 
[2026-04-04T01:24:20Z] Iter 88 | Total-in: 0 | Non-cached: 0 | Cache-read: 0 | Cache-create: 0 | Output: 0 | Cost: $0 | Duration: 1011ms | Turns: 1
[] Iter 88 | No token data (result file empty or parse failed)
[2026-04-04T01:24:27Z] Iter 88 | Total-in: 0 | Non-cached: 0 | Cache-read: 0 | Cache-create: 0 | Output: 0 | Cost: $0 | Duration: 464ms | Turns: 1
[] Iter 84 | No token data (result file empty or parse failed)
[2026-04-04T01:24:36Z] Iter 89 | Total-in: 0 | Non-cached: 0 | Cache-read: 0 | Cache-create: 0 | Output: 0 | Cost: $0 | Duration: 558ms | Turns: 1
[] Iter 89 | No token data (result file empty or parse failed)
[2026-04-04T01:24:43Z] Iter 89 | Total-in: 0 | Non-cached: 0 | Cache-read: 0 | Cache-create: 0 | Output: 0 | Cost: $0 | Duration: 515ms | Turns: 1
[2026-04-04T01:24:45Z] Iter 85 | Total-in: 0 | Non-cached: 0 | Cache-read: 0 | Cache-create: 0 | Output: 0 | Cost: $0 | Duration: 759ms | Turns: 1
[2026-04-04T01:24:52Z] Iter 90 | Total-in: 0 | Non-cached: 0 | Cache-read: 0 | Cache-create: 0 | Output: 0 | Cost: $0 | Duration: 448ms | Turns: 1
[2026-04-04T01:24:53Z] Iter 90 | Total-in: 0 | Non-cached: 0 | Cache-read: 0 | Cache-create: 0 | Output: 0 | Cost: $ | Duration: ms | Turns: 
[2026-04-04T01:24:59Z] Iter 90 | Total-in: 0 | Non-cached: 0 | Cache-read: 0 | Cache-create: 0 | Output: 0 | Cost: $0 | Duration: 536ms | Turns: 1
[2026-04-04T01:25:02Z] Iter 86 | Total-in: 0 | Non-cached: 0 | Cache-read: 0 | Cache-create: 0 | Output: 0 | Cost: $0 | Duration: 557ms | Turns: 1
[2026-04-04T01:25:10Z] Iter 91 | Total-in: 0 | Non-cached: 0 | Cache-read: 0 | Cache-create: 0 | Output: 0 | Cost: $ | Duration: ms | Turns: 
[2026-04-04T01:25:10Z] Iter 91 | Total-in: 0 | Non-cached: 0 | Cache-read: 0 | Cache-create:  | Output: 0 | Cost: $ | Duration: ms | Turns: 
[2026-04-04T01:25:16Z] Iter 91 | Total-in: 0 | Non-cached: 0 | Cache-read: 0 | Cache-create: 0 | Output: 0 | Cost: $0 | Duration: 616ms | Turns: 1
[2026-04-04T01:25:19Z] Iter 87 | Total-in: 0 | Non-cached: 0 | Cache-read: 0 | Cache-create: 0 | Output: 0 | Cost: $0 | Duration: 457ms | Turns: 1
[2026-04-04T01:25:27Z] Iter 92 | Total-in: 0 | Non-cached:  | Cache-read:  | Cache-create:  | Output:  | Cost: $ | Duration: ms | Turns: 
[2026-04-04T01:25:27Z] Iter 92 | Total-in: 0 | Non-cached:  | Cache-read:  | Cache-create:  | Output:  | Cost: $ | Duration: ms | Turns: 
[2026-04-04T01:25:33Z] Iter 92 | Total-in: 0 | Non-cached: 0 | Cache-read: 0 | Cache-create: 0 | Output: 0 | Cost: $0 | Duration: 522ms | Turns: 1
[2026-04-04T01:25:36Z] Iter 88 | Total-in: 0 | Non-cached: 0 | Cache-read: 0 | Cache-create: 0 | Output: 0 | Cost: $0 | Duration: 520ms | Turns: 1
[] Iter 93 | No token data (result file empty or parse failed)
[] Iter 93 | No token data (result file empty or parse failed)
[2026-04-04T01:25:50Z] Iter 93 | Total-in: 0 | Non-cached: 0 | Cache-read: 0 | Cache-create: 0 | Output: 0 | Cost: $0 | Duration: 545ms | Turns: 1
[2026-04-04T01:25:53Z] Iter 89 | Total-in: 0 | Non-cached: 0 | Cache-read: 0 | Cache-create: 0 | Output: 0 | Cost: $0 | Duration: 547ms | Turns: 1
[2026-04-04T01:26:00Z] Iter 94 | Total-in: 0 | Non-cached: 0 | Cache-read: 0 | Cache-create: 0 | Output: 0 | Cost: $0 | Duration: 558ms | Turns: 1
[] Iter 94 | No token data (result file empty or parse failed)
[2026-04-04T01:26:07Z] Iter 94 | Total-in: 0 | Non-cached: 0 | Cache-read: 0 | Cache-create: 0 | Output: 0 | Cost: $0 | Duration: 480ms | Turns: 1
[2026-04-04T01:26:10Z] Iter 90 | Total-in: 0 | Non-cached: 0 | Cache-read: 0 | Cache-create: 0 | Output: 0 | Cost: $0 | Duration: 469ms | Turns: 1
[2026-04-04T01:26:18Z] Iter 95 | Total-in: 0 | Non-cached: 0 | Cache-read: 0 | Cache-create: 0 | Output: 0 | Cost: $0 | Duration: 509ms | Turns: 1
[2026-04-04T01:26:19Z] Iter 95 | Total-in: 0 | Non-cached: 0 | Cache-read:  | Cache-create:  | Output: 0 | Cost: $ | Duration: ms | Turns: 
[2026-04-04T01:26:24Z] Iter 95 | Total-in: 0 | Non-cached: 0 | Cache-read: 0 | Cache-create: 0 | Output: 0 | Cost: $0 | Duration: 498ms | Turns: 1
[2026-04-04T01:26:28Z] Iter 91 | Total-in: 0 | Non-cached: 0 | Cache-read: 0 | Cache-create: 0 | Output: 0 | Cost: $0 | Duration: 472ms | Turns: 1
[2026-04-04T01:26:35Z] Iter 96 | Total-in: 0 | Non-cached: 0 | Cache-read: 0 | Cache-create: 0 | Output: 0 | Cost: $0 | Duration: 615ms | Turns: 1
[2026-04-04T01:26:36Z] Iter 96 | Total-in: 0 | Non-cached:  | Cache-read:  | Cache-create:  | Output:  | Cost: $ | Duration: ms | Turns: 
[2026-04-04T01:26:42Z] Iter 96 | Total-in: 0 | Non-cached: 0 | Cache-read: 0 | Cache-create: 0 | Output: 0 | Cost: $0 | Duration: 541ms | Turns: 1
[2026-04-04T01:26:46Z] Iter 92 | Total-in: 0 | Non-cached: 0 | Cache-read: 0 | Cache-create: 0 | Output: 0 | Cost: $0 | Duration: 493ms | Turns: 1
[] Iter 97 | No token data (result file empty or parse failed)
[2026-04-04T01:26:51Z] Iter 97 | Total-in: 0 | Non-cached: 0 | Cache-read: 0 | Cache-create: 0 | Output: 0 | Cost: $0 | Duration: 479ms | Turns: 1
[2026-04-04T01:26:56Z] Iter 97 | Total-in: 0 | Non-cached: 0 | Cache-read: 0 | Cache-create: 0 | Output: 0 | Cost: $0 | Duration: 551ms | Turns: 1
[2026-04-04T01:27:00Z] Iter 93 | Total-in: 0 | Non-cached: 0 | Cache-read: 0 | Cache-create: 0 | Output: 0 | Cost: $0 | Duration: 403ms | Turns: 1
[2026-04-04T01:27:04Z] Iter 98 | Total-in: 0 | Non-cached: 0 | Cache-read: 0 | Cache-create: 0 | Output: 0 | Cost: $0 | Duration: 440ms | Turns: 1
[2026-04-04T01:27:06Z] Iter 98 | Total-in: 0 | Non-cached: 0 | Cache-read: 0 | Cache-create: 0 | Output: 0 | Cost: $0 | Duration: 406ms | Turns: 1
[2026-04-04T01:27:11Z] Iter 98 | Total-in: 0 | Non-cached: 0 | Cache-read: 0 | Cache-create: 0 | Output: 0 | Cost: $0 | Duration: 540ms | Turns: 1
[2026-04-04T01:27:15Z] Iter 94 | Total-in: 0 | Non-cached: 0 | Cache-read: 0 | Cache-create: 0 | Output: 0 | Cost: $0 | Duration: 1002ms | Turns: 1
[2026-04-04T01:27:20Z] Iter 99 | Total-in: 0 | Non-cached: 0 | Cache-read: 0 | Cache-create: 0 | Output: 0 | Cost: $0 | Duration: 1851ms | Turns: 1
[2026-04-04T01:27:21Z] Iter 99 | Total-in: 0 | Non-cached: 0 | Cache-read: 0 | Cache-create: 0 | Output: 0 | Cost: $0 | Duration: 490ms | Turns: 1
[2026-04-04T01:27:25Z] Iter 99 | Total-in: 0 | Non-cached: 0 | Cache-read: 0 | Cache-create: 0 | Output: 0 | Cost: $0 | Duration: 423ms | Turns: 1
[] Iter 95 | No token data (result file empty or parse failed)
[2026-04-04T01:27:34Z] Iter 100 | Total-in: 0 | Non-cached: 0 | Cache-read: 0 | Cache-create: 0 | Output: 0 | Cost: $0 | Duration: 494ms | Turns: 1
[2026-04-04T01:27:36Z] Iter 100 | Total-in: 0 | Non-cached: 0 | Cache-read: 0 | Cache-create: 0 | Output: 0 | Cost: $0 | Duration: 434ms | Turns: 1
[2026-04-04T01:27:40Z] Iter 100 | Total-in: 0 | Non-cached: 0 | Cache-read: 0 | Cache-create: 0 | Output: 0 | Cost: $0 | Duration: 536ms | Turns: 1
[2026-04-04T01:27:43Z] Iter 96 | Total-in: 0 | Non-cached: 0 | Cache-read: 0 | Cache-create: 0 | Output: 0 | Cost: $0 | Duration: 425ms | Turns: 1
[2026-04-04T01:27:49Z] Iter 101 | Total-in: 0 | Non-cached: 0 | Cache-read: 0 | Cache-create: 0 | Output: 0 | Cost: $0 | Duration: 593ms | Turns: 1
[] Iter 101 | No token data (result file empty or parse failed)
[2026-04-04T01:27:56Z] Iter 101 | Total-in: 0 | Non-cached: 0 | Cache-read: 0 | Cache-create: 0 | Output: 0 | Cost: $0 | Duration: 1658ms | Turns: 1
[2026-04-04T01:27:57Z] Iter 97 | Total-in: 0 | Non-cached: 0 | Cache-read: 0 | Cache-create: 0 | Output: 0 | Cost: $0 | Duration: 382ms | Turns: 1
[] Iter 102 | No token data (result file empty or parse failed)
[2026-04-04T01:28:04Z] Iter 102 | Total-in: 0 | Non-cached: 0 | Cache-read: 0 | Cache-create:  | Output: 0 | Cost: $ | Duration: ms | Turns: 
[2026-04-04T01:28:10Z] Iter 102 | Total-in: 0 | Non-cached: 0 | Cache-read: 0 | Cache-create: 0 | Output: 0 | Cost: $0 | Duration: ms | Turns: 
[2026-04-04T01:28:12Z] Iter 98 | Total-in: 0 | Non-cached:  | Cache-read:  | Cache-create:  | Output:  | Cost: $ | Duration: ms | Turns: 
[2026-04-04T01:28:17Z] Iter 103 | Total-in: 0 | Non-cached: 0 | Cache-read: 0 | Cache-create: 0 | Output: 0 | Cost: $0 | Duration: 548ms | Turns: 1
[2026-04-04T01:28:19Z] Iter 103 | Total-in: 0 | Non-cached: 0 | Cache-read: 0 | Cache-create: 0 | Output: 0 | Cost: $0 | Duration: 496ms | Turns: 1
[2026-04-04T01:28:25Z] Iter 103 | Total-in: 0 | Non-cached: 0 | Cache-read:  | Cache-create:  | Output:  | Cost: $ | Duration: ms | Turns: 
[2026-04-04T01:28:28Z] Iter 99 | Total-in: 0 | Non-cached: 0 | Cache-read: 0 | Cache-create: 0 | Output: 0 | Cost: $0 | Duration: 492ms | Turns: 1
[2026-04-04T01:28:32Z] Iter 104 | Total-in: 0 | Non-cached: 0 | Cache-read: 0 | Cache-create: 0 | Output: 0 | Cost: $0 | Duration: 477ms | Turns: 1
[2026-04-04T01:28:35Z] Iter 104 | Total-in: 0 | Non-cached: 0 | Cache-read: 0 | Cache-create: 0 | Output: 0 | Cost: $0 | Duration: 594ms | Turns: 1
[] Iter 104 | No token data (result file empty or parse failed)
[] Iter 100 | No token data (result file empty or parse failed)
[2026-04-04T01:28:47Z] Iter 105 | Total-in: 0 | Non-cached: 0 | Cache-read: 0 | Cache-create: 0 | Output: 0 | Cost: $0 | Duration: ms | Turns: 
[2026-04-04T01:28:50Z] Iter 105 | Total-in: 0 | Non-cached: 0 | Cache-read:  | Cache-create:  | Output: 0 | Cost: $ | Duration: ms | Turns: 
[2026-04-04T01:28:55Z] Iter 105 | Total-in: 0 | Non-cached: 0 | Cache-read:  | Cache-create:  | Output:  | Cost: $ | Duration: ms | Turns: 
[2026-04-04T01:28:57Z] Iter 101 | Total-in: 0 | Non-cached: 0 | Cache-read: 0 | Cache-create: 0 | Output: 0 | Cost: $0 | Duration: 447ms | Turns: 1
[2026-04-04T01:29:04Z] Iter 106 | Total-in: 0 | Non-cached: 0 | Cache-read: 0 | Cache-create: 0 | Output: 0 | Cost: $0 | Duration: 891ms | Turns: 1
[] Iter 106 | No token data (result file empty or parse failed)
[2026-04-04T01:29:11Z] Iter 106 | Total-in: 0 | Non-cached: 0 | Cache-read: 0 | Cache-create: 0 | Output: 0 | Cost: $0 | Duration: 642ms | Turns: 1
[2026-04-04T01:29:14Z] Iter 102 | Total-in: 0 | Non-cached: 0 | Cache-read: 0 | Cache-create: 0 | Output: 0 | Cost: $0 | Duration: 455ms | Turns: 1
[2026-04-04T01:29:20Z] Iter 107 | Total-in: 0 | Non-cached: 0 | Cache-read: 0 | Cache-create: 0 | Output: 0 | Cost: $0 | Duration: 505ms | Turns: 1
[2026-04-04T01:29:21Z] Iter 107 | Total-in: 0 | Non-cached: 0 | Cache-read: 0 | Cache-create: 0 | Output: 0 | Cost: $0 | Duration: 490ms | Turns: 1
[] Iter 107 | No token data (result file empty or parse failed)
[2026-04-04T01:29:30Z] Iter 103 | Total-in: 0 | Non-cached: 0 | Cache-read: 0 | Cache-create: 0 | Output: 0 | Cost: $0 | Duration: 473ms | Turns: 1
[2026-04-04T01:29:36Z] Iter 108 | Total-in: 0 | Non-cached: 0 | Cache-read: 0 | Cache-create: 0 | Output: 0 | Cost: $0 | Duration: 496ms | Turns: 1
[2026-04-04T01:29:38Z] Iter 108 | Total-in: 0 | Non-cached: 0 | Cache-read: 0 | Cache-create: 0 | Output: 0 | Cost: $0 | Duration: 535ms | Turns: 1
[2026-04-04T01:29:44Z] Iter 108 | Total-in: 0 | Non-cached: 0 | Cache-read: 0 | Cache-create:  | Output: 0 | Cost: $ | Duration: ms | Turns: 
[2026-04-04T01:29:48Z] Iter 104 | Total-in: 0 | Non-cached: 0 | Cache-read: 0 | Cache-create: 0 | Output: 0 | Cost: $0 | Duration: 576ms | Turns: 1
[2026-04-04T01:29:53Z] Iter 109 | Total-in: 0 | Non-cached: 0 | Cache-read: 0 | Cache-create: 0 | Output: 0 | Cost: $0 | Duration: 612ms | Turns: 1
[2026-04-04T01:29:55Z] Iter 109 | Total-in: 0 | Non-cached: 0 | Cache-read: 0 | Cache-create: 0 | Output: 0 | Cost: $0 | Duration: 580ms | Turns: 1
[2026-04-04T01:30:01Z] Iter 109 | Total-in: 0 | Non-cached: 0 | Cache-read: 0 | Cache-create: 0 | Output: 0 | Cost: $ | Duration: ms | Turns: 
[2026-04-04T01:30:05Z] Iter 105 | Total-in: 0 | Non-cached: 0 | Cache-read: 0 | Cache-create: 0 | Output: 0 | Cost: $0 | Duration: 524ms | Turns: 1
[2026-04-04T01:30:10Z] Iter 110 | Total-in: 0 | Non-cached: 0 | Cache-read: 0 | Cache-create: 0 | Output: 0 | Cost: $0 | Duration: 581ms | Turns: 1
[2026-04-04T01:30:12Z] Iter 110 | Total-in: 0 | Non-cached: 0 | Cache-read: 0 | Cache-create: 0 | Output: 0 | Cost: $0 | Duration: 509ms | Turns: 1
[] Iter 110 | No token data (result file empty or parse failed)
[2026-04-04T01:30:22Z] Iter 106 | Total-in: 0 | Non-cached: 0 | Cache-read: 0 | Cache-create: 0 | Output: 0 | Cost: $0 | Duration: 525ms | Turns: 1
[2026-04-04T01:30:27Z] Iter 111 | Total-in: 0 | Non-cached: 0 | Cache-read: 0 | Cache-create: 0 | Output: 0 | Cost: $0 | Duration: 528ms | Turns: 1
[] Iter 111 | No token data (result file empty or parse failed)
[2026-04-04T01:30:34Z] Iter 111 | Total-in: 0 | Non-cached: 0 | Cache-read: 0 | Cache-create: 0 | Output: 0 | Cost: $ | Duration: ms | Turns: 
[2026-04-04T01:30:39Z] Iter 107 | Total-in: 0 | Non-cached: 0 | Cache-read: 0 | Cache-create: 0 | Output: 0 | Cost: $0 | Duration: 573ms | Turns: 1
[2026-04-04T01:30:44Z] Iter 112 | Total-in: 0 | Non-cached: 0 | Cache-read: 0 | Cache-create: 0 | Output: 0 | Cost: $0 | Duration: 460ms | Turns: 1
[2026-04-04T01:30:47Z] Iter 112 | Total-in: 0 | Non-cached: 0 | Cache-read: 0 | Cache-create: 0 | Output: 0 | Cost: $0 | Duration: 689ms | Turns: 1
[2026-04-04T01:30:53Z] Iter 112 | Total-in: 0 | Non-cached: 0 | Cache-read: 0 | Cache-create: 0 | Output: 0 | Cost: $0 | Duration: 463ms | Turns: 1
[2026-04-04T01:30:57Z] Iter 108 | Total-in: 0 | Non-cached: 0 | Cache-read: 0 | Cache-create: 0 | Output: 0 | Cost: $0 | Duration: 576ms | Turns: 1
[] Iter 113 | No token data (result file empty or parse failed)
[2026-04-04T01:31:05Z] Iter 113 | Total-in: 0 | Non-cached: 0 | Cache-read: 0 | Cache-create: 0 | Output: 0 | Cost: $0 | Duration: 569ms | Turns: 1
[2026-04-04T01:31:10Z] Iter 113 | Total-in: 0 | Non-cached: 0 | Cache-read: 0 | Cache-create: 0 | Output: 0 | Cost: $0 | Duration: 469ms | Turns: 1
[2026-04-04T01:31:14Z] Iter 109 | Total-in: 0 | Non-cached: 0 | Cache-read: 0 | Cache-create: 0 | Output: 0 | Cost: $0 | Duration: 541ms | Turns: 1
[2026-04-04T01:31:18Z] Iter 114 | Total-in: 0 | Non-cached: 0 | Cache-read: 0 | Cache-create: 0 | Output: 0 | Cost: $0 | Duration: 460ms | Turns: 1
[2026-04-04T01:31:19Z] Iter 114 | Total-in: 0 | Non-cached: 0 | Cache-read: 0 | Cache-create: 0 | Output: 0 | Cost: $0 | Duration: 464ms | Turns: 1
[2026-04-04T01:31:26Z] Iter 114 | Total-in: 0 | Non-cached: 0 | Cache-read: 0 | Cache-create: 0 | Output: 0 | Cost: $0 | Duration: 593ms | Turns: 1
[2026-04-04T01:31:28Z] Iter 110 | Total-in: 0 | Non-cached: 0 | Cache-read: 0 | Cache-create: 0 | Output: 0 | Cost: $0 | Duration: 447ms | Turns: 1
[2026-04-04T01:31:32Z] Iter 115 | Total-in: 0 | Non-cached: 0 | Cache-read: 0 | Cache-create: 0 | Output: 0 | Cost: $0 | Duration: 451ms | Turns: 1
[2026-04-04T01:31:33Z] Iter 115 | Total-in: 0 | Non-cached: 0 | Cache-read:  | Cache-create:  | Output: 0 | Cost: $ | Duration: ms | Turns: 
[] Iter 115 | No token data (result file empty or parse failed)
[2026-04-04T01:31:42Z] Iter 111 | Total-in: 0 | Non-cached: 0 | Cache-read: 0 | Cache-create: 0 | Output: 0 | Cost: $0 | Duration: 514ms | Turns: 1
[2026-04-04T01:31:47Z] Iter 116 | Total-in: 0 | Non-cached: 0 | Cache-read: 0 | Cache-create:  | Output: 0 | Cost: $ | Duration: ms | Turns: 
[2026-04-04T01:31:48Z] Iter 116 | Total-in: 0 | Non-cached: 0 | Cache-read: 0 | Cache-create: 0 | Output: 0 | Cost: $0 | Duration: 426ms | Turns: 1
[] Iter 116 | No token data (result file empty or parse failed)
[2026-04-04T01:31:57Z] Iter 112 | Total-in: 0 | Non-cached: 0 | Cache-read: 0 | Cache-create: 0 | Output: 0 | Cost: $0 | Duration: 431ms | Turns: 1
[2026-04-04T01:32:01Z] Iter 117 | Total-in: 0 | Non-cached: 0 | Cache-read: 0 | Cache-create: 0 | Output: 0 | Cost: $0 | Duration: 743ms | Turns: 1
[2026-04-04T01:32:02Z] Iter 117 | Total-in: 0 | Non-cached: 0 | Cache-read: 0 | Cache-create: 0 | Output: 0 | Cost: $0 | Duration: 472ms | Turns: 1
[2026-04-04T01:32:08Z] Iter 117 | Total-in: 0 | Non-cached: 0 | Cache-read: 0 | Cache-create: 0 | Output: 0 | Cost: $0 | Duration: 382ms | Turns: 1
[2026-04-04T01:32:11Z] Iter 113 | Total-in: 0 | Non-cached: 0 | Cache-read: 0 | Cache-create: 0 | Output: 0 | Cost: $0 | Duration: 534ms | Turns: 1
[2026-04-04T01:32:17Z] Iter 118 | Total-in: 0 | Non-cached: 0 | Cache-read: 0 | Cache-create: 0 | Output: 0 | Cost: $0 | Duration: 601ms | Turns: 1
[2026-04-04T01:32:17Z] Iter 118 | Total-in: 0 | Non-cached: 0 | Cache-read: 0 | Cache-create: 0 | Output: 0 | Cost: $0 | Duration: 601ms | Turns: 1
[2026-04-04T01:32:23Z] Iter 118 | Total-in: 0 | Non-cached: 0 | Cache-read: 0 | Cache-create: 0 | Output: 0 | Cost: $0 | Duration: 664ms | Turns: 1
[] Iter 114 | No token data (result file empty or parse failed)
[] Iter 119 | No token data (result file empty or parse failed)
[] Iter 119 | No token data (result file empty or parse failed)
[2026-04-04T01:32:37Z] Iter 119 | Total-in: 0 | Non-cached: 0 | Cache-read: 0 | Cache-create: 0 | Output: 0 | Cost: $0 | Duration: 449ms | Turns: 1
[] Iter 115 | No token data (result file empty or parse failed)
[] Iter 120 | No token data (result file empty or parse failed)
[] Iter 120 | No token data (result file empty or parse failed)
[] Iter 120 | No token data (result file empty or parse failed)
[2026-04-04T01:32:54Z] Iter 116 | Total-in: 0 | Non-cached: 0 | Cache-read: 0 | Cache-create: 0 | Output: 0 | Cost: $0 | Duration: 496ms | Turns: 1
[2026-04-04T01:32:59Z] Iter 121 | Total-in: 0 | Non-cached: 0 | Cache-read: 0 | Cache-create: 0 | Output: 0 | Cost: $0 | Duration: 431ms | Turns: 1
[2026-04-04T01:33:01Z] Iter 121 | Total-in: 0 | Non-cached: 0 | Cache-read: 0 | Cache-create: 0 | Output: 0 | Cost: $0 | Duration: 432ms | Turns: 
[] Iter 121 | No token data (result file empty or parse failed)
[2026-04-04T01:33:10Z] Iter 117 | Total-in: 0 | Non-cached: 0 | Cache-read: 0 | Cache-create: 0 | Output: 0 | Cost: $0 | Duration: 473ms | Turns: 1
[2026-04-04T01:33:14Z] Iter 122 | Total-in: 0 | Non-cached: 0 | Cache-read: 0 | Cache-create: 0 | Output: 0 | Cost: $0 | Duration: 551ms | Turns: 
[2026-04-04T01:33:17Z] Iter 122 | Total-in: 0 | Non-cached: 0 | Cache-read: 0 | Cache-create: 0 | Output: 0 | Cost: $0 | Duration: 494ms | Turns: 1
[2026-04-04T01:33:22Z] Iter 122 | Total-in: 0 | Non-cached: 0 | Cache-read: 0 | Cache-create: 0 | Output: 0 | Cost: $0 | Duration: 462ms | Turns: 1
[2026-04-04T01:33:25Z] Iter 118 | Total-in: 0 | Non-cached: 0 | Cache-read: 0 | Cache-create: 0 | Output: 0 | Cost: $0 | Duration: 512ms | Turns: 1
[] Iter 123 | No token data (result file empty or parse failed)
[2026-04-04T01:33:32Z] Iter 123 | Total-in: 0 | Non-cached: 0 | Cache-read: 0 | Cache-create: 0 | Output: 0 | Cost: $0 | Duration: 547ms | Turns: 1
[2026-04-04T01:33:38Z] Iter 123 | Total-in: 0 | Non-cached: 0 | Cache-read: 0 | Cache-create: 0 | Output: 0 | Cost: $0 | Duration: 455ms | Turns: 1
[2026-04-04T01:33:41Z] Iter 119 | Total-in: 0 | Non-cached: 0 | Cache-read: 0 | Cache-create: 0 | Output: 0 | Cost: $0 | Duration: 437ms | Turns: 1
[2026-04-04T01:33:45Z] Iter 124 | Total-in: 0 | Non-cached: 0 | Cache-read: 0 | Cache-create: 0 | Output: 0 | Cost: $0 | Duration: 471ms | Turns: 1
[] Iter 124 | No token data (result file empty or parse failed)
[] Iter 124 | No token data (result file empty or parse failed)
[] Iter 120 | No token data (result file empty or parse failed)
[] Iter 125 | No token data (result file empty or parse failed)
[] Iter 125 | No token data (result file empty or parse failed)
[] Iter 125 | No token data (result file empty or parse failed)
[2026-04-04T01:34:14Z] Iter 121 | Total-in: 0 | Non-cached: 0 | Cache-read: 0 | Cache-create: 0 | Output: 0 | Cost: $0 | Duration: 590ms | Turns: 1
[2026-04-04T01:34:17Z] Iter 126 | Total-in: 0 | Non-cached: 0 | Cache-read: 0 | Cache-create: 0 | Output: 0 | Cost: $0 | Duration: 445ms | Turns: 1
[2026-04-04T01:34:21Z] Iter 126 | Total-in: 0 | Non-cached: 0 | Cache-read: 0 | Cache-create:  | Output: 0 | Cost: $ | Duration: ms | Turns: 
[2026-04-04T01:34:26Z] Iter 126 | Total-in: 0 | Non-cached: 0 | Cache-read: 0 | Cache-create: 0 | Output: 0 | Cost: $0 | Duration: 539ms | Turns: 1
[2026-04-04T01:34:31Z] Iter 122 | Total-in: 0 | Non-cached: 0 | Cache-read: 0 | Cache-create: 0 | Output: 0 | Cost: $0 | Duration: 648ms | Turns: 1
[] Iter 127 | No token data (result file empty or parse failed)
[] Iter 127 | No token data (result file empty or parse failed)
[2026-04-04T01:34:43Z] Iter 127 | Total-in: 0 | Non-cached: 0 | Cache-read: 0 | Cache-create: 0 | Output: 0 | Cost: $0 | Duration: 506ms | Turns: 1
[2026-04-04T01:34:48Z] Iter 123 | Total-in: 0 | Non-cached: 0 | Cache-read: 0 | Cache-create: 0 | Output: 0 | Cost: $0 | Duration: 538ms | Turns: 1
[] Iter 128 | No token data (result file empty or parse failed)
[2026-04-04T01:34:57Z] Iter 128 | Total-in: 0 | Non-cached: 0 | Cache-read: 0 | Cache-create: 0 | Output: 0 | Cost: $0 | Duration: 599ms | Turns: 1
[2026-04-04T01:35:00Z] Iter 128 | Total-in: 0 | Non-cached: 0 | Cache-read: 0 | Cache-create: 0 | Output: 0 | Cost: $0 | Duration: 586ms | Turns: 1
[2026-04-04T01:35:06Z] Iter 124 | Total-in: 0 | Non-cached: 0 | Cache-read: 0 | Cache-create: 0 | Output: 0 | Cost: $0 | Duration: 505ms | Turns: 1
[] Iter 129 | No token data (result file empty or parse failed)
[] Iter 129 | No token data (result file empty or parse failed)
[2026-04-04T01:35:18Z] Iter 129 | Total-in: 0 | Non-cached: 0 | Cache-read: 0 | Cache-create: 0 | Output: 0 | Cost: $0 | Duration: 506ms | Turns: 1
[2026-04-04T01:35:25Z] Iter 125 | Total-in: 0 | Non-cached: 0 | Cache-read: 0 | Cache-create: 0 | Output: 0 | Cost: $0 | Duration: 514ms | Turns: 1
[2026-04-04T01:35:27Z] Iter 130 | Total-in: 0 | Non-cached: 0 | Cache-read: 0 | Cache-create: 0 | Output: 0 | Cost: $0 | Duration: 567ms | Turns: 1
[2026-04-04T01:35:31Z] Iter 130 | Total-in: 0 | Non-cached: 0 | Cache-read: 0 | Cache-create: 0 | Output: 0 | Cost: $0 | Duration: 473ms | Turns: 1
[] Iter 130 | No token data (result file empty or parse failed)
[] Iter 126 | No token data (result file empty or parse failed)
[2026-04-04T01:35:44Z] Iter 131 | Total-in: 0 | Non-cached: 0 | Cache-read: 0 | Cache-create: 0 | Output: 0 | Cost: $0 | Duration: 514ms | Turns: 1
[2026-04-04T01:35:49Z] Iter 131 | Total-in: 0 | Non-cached: 0 | Cache-read: 0 | Cache-create: 0 | Output: 0 | Cost: $0 | Duration: 440ms | Turns: 1
[2026-04-04T01:35:51Z] Iter 131 | Total-in: 0 | Non-cached: 0 | Cache-read: 0 | Cache-create: 0 | Output: 0 | Cost: $0 | Duration: 476ms | Turns: 1
[2026-04-04T01:35:56Z] Iter 127 | Total-in: 0 | Non-cached:  | Cache-read:  | Cache-create:  | Output:  | Cost: $ | Duration: ms | Turns: 
[] Iter 132 | No token data (result file empty or parse failed)
[2026-04-04T01:36:03Z] Iter 132 | Total-in: 0 | Non-cached: 0 | Cache-read: 0 | Cache-create: 0 | Output: 0 | Cost: $0 | Duration: 540ms | Turns: 1
[2026-04-04T01:36:05Z] Iter 132 | Total-in: 0 | Non-cached: 0 | Cache-read: 0 | Cache-create: 0 | Output: 0 | Cost: $0 | Duration: 451ms | Turns: 1
[] Iter 128 | No token data (result file empty or parse failed)
[] Iter 133 | No token data (result file empty or parse failed)
[2026-04-04T01:36:17Z] Iter 133 | Total-in: 0 | Non-cached: 0 | Cache-read: 0 | Cache-create: 0 | Output: 0 | Cost: $0 | Duration: 400ms | Turns: 1
[2026-04-04T01:36:20Z] Iter 133 | Total-in: 0 | Non-cached: 0 | Cache-read: 0 | Cache-create: 0 | Output: 0 | Cost: $0 | Duration: 433ms | Turns: 1
[2026-04-04T01:36:25Z] Iter 129 | Total-in: 0 | Non-cached: 0 | Cache-read:  | Cache-create:  | Output:  | Cost: $ | Duration: ms | Turns: 
[] Iter 134 | No token data (result file empty or parse failed)
[2026-04-04T01:36:31Z] Iter 134 | Total-in: 0 | Non-cached: 0 | Cache-read: 0 | Cache-create: 0 | Output: 0 | Cost: $0 | Duration: 452ms | Turns: 1
[] Iter 134 | No token data (result file empty or parse failed)
[2026-04-04T01:36:40Z] Iter 130 | Total-in: 0 | Non-cached: 0 | Cache-read: 0 | Cache-create: 0 | Output: 0 | Cost: $0 | Duration: 454ms | Turns: 1
[2026-04-04T01:36:41Z] Iter 135 | Total-in: 0 | Non-cached: 0 | Cache-read:  | Cache-create:  | Output:  | Cost: $ | Duration: ms | Turns: 
[2026-04-04T01:36:46Z] Iter 135 | Total-in: 0 | Non-cached: 0 | Cache-read: 0 | Cache-create: 0 | Output: 0 | Cost: $0 | Duration: 507ms | Turns: 1
[] Iter 135 | No token data (result file empty or parse failed)
[2026-04-04T01:36:55Z] Iter 131 | Total-in: 0 | Non-cached: 0 | Cache-read: 0 | Cache-create: 0 | Output: 0 | Cost: $0 | Duration: 553ms | Turns: 1
[] Iter 136 | No token data (result file empty or parse failed)
[2026-04-04T01:37:01Z] Iter 136 | Total-in: 0 | Non-cached: 0 | Cache-read: 0 | Cache-create: 0 | Output: 0 | Cost: $0 | Duration: 495ms | Turns: 1
[2026-04-04T01:37:02Z] Iter 136 | Total-in: 0 | Non-cached: 0 | Cache-read: 0 | Cache-create: 0 | Output: 0 | Cost: $0 | Duration: 425ms | Turns: 1
[2026-04-04T01:37:10Z] Iter 132 | Total-in: 0 | Non-cached: 0 | Cache-read: 0 | Cache-create: 0 | Output: 0 | Cost: $0 | Duration: 426ms | Turns: 1
[] Iter 137 | No token data (result file empty or parse failed)
[2026-04-04T01:37:16Z] Iter 137 | Total-in: 0 | Non-cached: 0 | Cache-read: 0 | Cache-create: 0 | Output: 0 | Cost: $0 | Duration: 440ms | Turns: 1
[2026-04-04T01:37:17Z] Iter 137 | Total-in: 0 | Non-cached: 0 | Cache-read: 0 | Cache-create: 0 | Output: 0 | Cost: $ | Duration: ms | Turns: 
[2026-04-04T01:37:24Z] Iter 138 | Total-in: 0 | Non-cached: 0 | Cache-read: 0 | Cache-create: 0 | Output: 0 | Cost: $0 | Duration: 428ms | Turns: 1
[] Iter 133 | No token data (result file empty or parse failed)
[2026-04-04T01:37:30Z] Iter 138 | Total-in: 0 | Non-cached: 0 | Cache-read: 0 | Cache-create: 0 | Output: 0 | Cost: $0 | Duration: 411ms | Turns: 1
[] Iter 138 | No token data (result file empty or parse failed)
[] Iter 134 | No token data (result file empty or parse failed)
[] Iter 139 | No token data (result file empty or parse failed)
[] Iter 139 | No token data (result file empty or parse failed)
[] Iter 139 | No token data (result file empty or parse failed)
[] Iter 135 | No token data (result file empty or parse failed)
[2026-04-04T01:37:56Z] Iter 140 | Total-in: 0 | Non-cached: 0 | Cache-read: 0 | Cache-create: 0 | Output: 0 | Cost: $0 | Duration: 1524ms | Turns: 1
[] Iter 140 | No token data (result file empty or parse failed)
[2026-04-04T01:38:03Z] Iter 140 | Total-in: 0 | Non-cached: 0 | Cache-read: 0 | Cache-create: 0 | Output: 0 | Cost: $0 | Duration: 604ms | Turns: 1
[] Iter 136 | No token data (result file empty or parse failed)
[2026-04-04T01:38:12Z] Iter 141 | Total-in: 0 | Non-cached: 0 | Cache-read: 0 | Cache-create: 0 | Output: 0 | Cost: $0 | Duration: 491ms | Turns: 1
[2026-04-04T01:38:17Z] Iter 141 | Total-in: 0 | Non-cached: 0 | Cache-read: 0 | Cache-create: 0 | Output: 0 | Cost: $0 | Duration: 482ms | Turns: 1
[2026-04-04T01:38:19Z] Iter 141 | Total-in: 0 | Non-cached: 0 | Cache-read: 0 | Cache-create: 0 | Output: 0 | Cost: $0 | Duration: 453ms | Turns: 1
[2026-04-04T01:38:25Z] Iter 137 | Total-in: 0 | Non-cached: 0 | Cache-read: 0 | Cache-create: 0 | Output: 0 | Cost: $0 | Duration: 424ms | Turns: 1
[2026-04-04T01:38:30Z] Iter 142 | Total-in: 0 | Non-cached: 0 | Cache-read: 0 | Cache-create: 0 | Output: 0 | Cost: $0 | Duration: 521ms | Turns: 1
[2026-04-04T01:38:34Z] Iter 142 | Total-in: 0 | Non-cached: 0 | Cache-read: 0 | Cache-create: 0 | Output: 0 | Cost: $0 | Duration: 488ms | Turns: 1
[2026-04-04T01:38:37Z] Iter 142 | Total-in: 0 | Non-cached: 0 | Cache-read: 0 | Cache-create:  | Output: 0 | Cost: $ | Duration: ms | Turns: 
[2026-04-04T01:38:41Z] Iter 138 | Total-in: 0 | Non-cached: 0 | Cache-read: 0 | Cache-create: 0 | Output: 0 | Cost: $0 | Duration: 561ms | Turns: 1
[2026-04-04T01:38:46Z] Iter 143 | Total-in: 0 | Non-cached: 0 | Cache-read: 0 | Cache-create: 0 | Output: 0 | Cost: $0 | Duration: 809ms | Turns: 1
[2026-04-04T01:38:51Z] Iter 143 | Total-in: 0 | Non-cached: 0 | Cache-read: 0 | Cache-create: 0 | Output: 0 | Cost: $0 | Duration: 531ms | Turns: 1
[2026-04-04T01:38:54Z] Iter 143 | Total-in: 0 | Non-cached: 0 | Cache-read: 0 | Cache-create: 0 | Output: 0 | Cost: $0 | Duration: 573ms | Turns: 
[2026-04-04T01:38:58Z] Iter 139 | Total-in: 0 | Non-cached: 0 | Cache-read: 0 | Cache-create: 0 | Output: 0 | Cost: $0 | Duration: 516ms | Turns: 1
[2026-04-04T01:39:03Z] Iter 144 | Total-in: 0 | Non-cached: 0 | Cache-read: 0 | Cache-create: 0 | Output: 0 | Cost: $0 | Duration: 551ms | Turns: 1
[2026-04-04T01:39:07Z] Iter 144 | Total-in: 0 | Non-cached: 0 | Cache-read: 0 | Cache-create: 0 | Output: 0 | Cost: $0 | Duration: 629ms | Turns: 1
[] Iter 144 | No token data (result file empty or parse failed)
[2026-04-04T01:39:15Z] Iter 140 | Total-in: 0 | Non-cached: 0 | Cache-read: 0 | Cache-create: 0 | Output: 0 | Cost: $0 | Duration: 814ms | Turns: 1
[2026-04-04T01:39:19Z] Iter 145 | Total-in: 0 | Non-cached: 0 | Cache-read: 0 | Cache-create: 0 | Output: 0 | Cost: $0 | Duration: 539ms | Turns: 1
[2026-04-04T01:39:25Z] Iter 145 | Total-in: 0 | Non-cached: 0 | Cache-read: 0 | Cache-create: 0 | Output: 0 | Cost: $0 | Duration: 456ms | Turns: 1
[2026-04-04T01:39:27Z] Iter 145 | Total-in: 0 | Non-cached: 0 | Cache-read: 0 | Cache-create: 0 | Output: 0 | Cost: $0 | Duration: ms | Turns: 
[2026-04-04T01:39:32Z] Iter 141 | Total-in: 0 | Non-cached: 0 | Cache-read: 0 | Cache-create: 0 | Output: 0 | Cost: $0 | Duration: 486ms | Turns: 1
[2026-04-04T01:39:37Z] Iter 146 | Total-in: 0 | Non-cached: 0 | Cache-read: 0 | Cache-create: 0 | Output: 0 | Cost: $0 | Duration: 512ms | Turns: 1
[2026-04-04T01:39:42Z] Iter 146 | Total-in: 0 | Non-cached: 0 | Cache-read: 0 | Cache-create: 0 | Output: 0 | Cost: $0 | Duration: 510ms | Turns: 1
[2026-04-04T01:39:46Z] Iter 146 | Total-in: 0 | Non-cached: 0 | Cache-read: 0 | Cache-create: 0 | Output: 0 | Cost: $0 | Duration: 676ms | Turns: 1
[2026-04-04T01:39:49Z] Iter 142 | Total-in: 0 | Non-cached: 0 | Cache-read: 0 | Cache-create: 0 | Output: 0 | Cost: $0 | Duration: 613ms | Turns: 1
[2026-04-04T01:39:54Z] Iter 147 | Total-in: 0 | Non-cached: 0 | Cache-read:  | Cache-create:  | Output: 0 | Cost: $ | Duration: ms | Turns: 
[2026-04-04T01:39:59Z] Iter 147 | Total-in: 0 | Non-cached: 0 | Cache-read: 0 | Cache-create: 0 | Output: 0 | Cost: $0 | Duration: 515ms | Turns: 1
[2026-04-04T01:40:04Z] Iter 147 | Total-in: 0 | Non-cached: 0 | Cache-read: 0 | Cache-create: 0 | Output: 0 | Cost: $0 | Duration: 1240ms | Turns: 1
[2026-04-04T01:40:06Z] Iter 143 | Total-in: 0 | Non-cached: 0 | Cache-read: 0 | Cache-create: 0 | Output: 0 | Cost: $0 | Duration: 477ms | Turns: 1
[2026-04-04T01:40:11Z] Iter 148 | Total-in: 0 | Non-cached: 0 | Cache-read: 0 | Cache-create: 0 | Output: 0 | Cost: $0 | Duration: 617ms | Turns: 1
[2026-04-04T01:40:16Z] Iter 148 | Total-in: 0 | Non-cached: 0 | Cache-read: 0 | Cache-create: 0 | Output: 0 | Cost: $0 | Duration: 511ms | Turns: 1
[2026-04-04T01:40:20Z] Iter 148 | Total-in: 0 | Non-cached: 0 | Cache-read: 0 | Cache-create: 0 | Output: 0 | Cost: $0 | Duration: 399ms | Turns: 1
[2026-04-04T01:40:23Z] Iter 144 | Total-in: 0 | Non-cached: 0 | Cache-read: 0 | Cache-create: 0 | Output: 0 | Cost: $0 | Duration: 1626ms | Turns: 1
[2026-04-04T01:40:26Z] Iter 149 | Total-in: 0 | Non-cached: 0 | Cache-read: 0 | Cache-create: 0 | Output: 0 | Cost: $0 | Duration: 447ms | Turns: 1
[2026-04-04T01:40:30Z] Iter 149 | Total-in: 0 | Non-cached: 0 | Cache-read: 0 | Cache-create: 0 | Output: 0 | Cost: $0 | Duration: 491ms | Turns: 1
[2026-04-04T01:40:35Z] Iter 149 | Total-in: 0 | Non-cached: 0 | Cache-read: 0 | Cache-create: 0 | Output: 0 | Cost: $0 | Duration: 635ms | Turns: 1
[2026-04-04T01:40:38Z] Iter 145 | Total-in: 0 | Non-cached: 0 | Cache-read: 0 | Cache-create: 0 | Output: 0 | Cost: $ | Duration: ms | Turns: 
[2026-04-04T01:40:41Z] Iter 150 | Total-in: 0 | Non-cached: 0 | Cache-read: 0 | Cache-create: 0 | Output: 0 | Cost: $0 | Duration: 530ms | Turns: 1
[2026-04-04T01:40:44Z] Iter 150 | Total-in: 0 | Non-cached: 0 | Cache-read: 0 | Cache-create: 0 | Output: 0 | Cost: $0 | Duration: 499ms | Turns: 1
[2026-04-04T01:40:51Z] Iter 150 | Total-in: 0 | Non-cached: 0 | Cache-read: 0 | Cache-create: 0 | Output: 0 | Cost: $0 | Duration: 874ms | Turns: 1
[2026-04-04T01:40:53Z] Iter 146 | Total-in: 0 | Non-cached: 0 | Cache-read: 0 | Cache-create: 0 | Output: 0 | Cost: $0 | Duration: 419ms | Turns: 1
[2026-04-04T01:40:55Z] Iter 151 | Total-in: 0 | Non-cached: 0 | Cache-read: 0 | Cache-create: 0 | Output: 0 | Cost: $0 | Duration: 500ms | Turns: 1
[2026-04-04T01:40:59Z] Iter 151 | Total-in: 0 | Non-cached: 0 | Cache-read: 0 | Cache-create: 0 | Output: 0 | Cost: $0 | Duration: 521ms | Turns: 1
[2026-04-04T01:41:05Z] Iter 151 | Total-in: 0 | Non-cached: 0 | Cache-read: 0 | Cache-create: 0 | Output: 0 | Cost: $0 | Duration: 500ms | Turns: 1
[2026-04-04T01:41:08Z] Iter 147 | Total-in: 0 | Non-cached: 0 | Cache-read: 0 | Cache-create: 0 | Output: 0 | Cost: $0 | Duration: 488ms | Turns: 1
[2026-04-04T01:41:10Z] Iter 152 | Total-in: 0 | Non-cached: 0 | Cache-read: 0 | Cache-create: 0 | Output: 0 | Cost: $0 | Duration: 446ms | Turns: 1
[2026-04-04T01:41:14Z] Iter 152 | Total-in: 0 | Non-cached: 0 | Cache-read: 0 | Cache-create: 0 | Output: 0 | Cost: $0 | Duration: 426ms | Turns: 1
[2026-04-04T01:41:19Z] Iter 152 | Total-in: 0 | Non-cached: 0 | Cache-read: 0 | Cache-create: 0 | Output: 0 | Cost: $0 | Duration: 442ms | Turns: 1
[2026-04-04T01:41:24Z] Iter 148 | Total-in: 0 | Non-cached: 0 | Cache-read: 0 | Cache-create: 0 | Output: 0 | Cost: $0 | Duration: 580ms | Turns: 1
[2026-04-04T01:41:25Z] Iter 153 | Total-in: 0 | Non-cached: 0 | Cache-read: 0 | Cache-create: 0 | Output: 0 | Cost: $0 | Duration: 448ms | Turns: 1
[2026-04-04T01:41:29Z] Iter 153 | Total-in: 0 | Non-cached: 0 | Cache-read: 0 | Cache-create: 0 | Output: 0 | Cost: $0 | Duration: 413ms | Turns: 1
[2026-04-04T01:41:34Z] Iter 153 | Total-in: 0 | Non-cached: 0 | Cache-read: 0 | Cache-create: 0 | Output: 0 | Cost: $0 | Duration: 444ms | Turns: 1
[2026-04-04T01:41:39Z] Iter 149 | Total-in: 0 | Non-cached: 0 | Cache-read: 0 | Cache-create: 0 | Output: 0 | Cost: $0 | Duration: 457ms | Turns: 1
[] Iter 154 | No token data (result file empty or parse failed)
[2026-04-04T01:41:44Z] Iter 154 | Total-in: 0 | Non-cached: 0 | Cache-read: 0 | Cache-create: 0 | Output: 0 | Cost: $0 | Duration: 408ms | Turns: 1
[2026-04-04T01:41:50Z] Iter 154 | Total-in: 0 | Non-cached: 0 | Cache-read: 0 | Cache-create: 0 | Output: 0 | Cost: $0 | Duration: 426ms | Turns: 1
[2026-04-04T01:41:54Z] Iter 150 | Total-in: 0 | Non-cached: 0 | Cache-read: 0 | Cache-create: 0 | Output: 0 | Cost: $0 | Duration: 521ms | Turns: 1
[2026-04-04T01:41:56Z] Iter 155 | Total-in: 0 | Non-cached: 0 | Cache-read: 0 | Cache-create: 0 | Output: 0 | Cost: $0 | Duration: 416ms | Turns: 1
[2026-04-04T01:42:00Z] Iter 155 | Total-in: 0 | Non-cached: 0 | Cache-read: 0 | Cache-create: 0 | Output: 0 | Cost: $0 | Duration: 478ms | Turns: 1
[2026-04-04T01:42:05Z] Iter 155 | Total-in: 0 | Non-cached: 0 | Cache-read: 0 | Cache-create: 0 | Output: 0 | Cost: $0 | Duration: 528ms | Turns: 1
[2026-04-04T01:42:09Z] Iter 151 | Total-in: 0 | Non-cached: 0 | Cache-read: 0 | Cache-create: 0 | Output: 0 | Cost: $0 | Duration: 434ms | Turns: 1
[2026-04-04T01:42:11Z] Iter 156 | Total-in: 0 | Non-cached: 0 | Cache-read: 0 | Cache-create: 0 | Output: 0 | Cost: $0 | Duration: 528ms | Turns: 1
[2026-04-04T01:42:16Z] Iter 156 | Total-in: 0 | Non-cached: 0 | Cache-read: 0 | Cache-create: 0 | Output: 0 | Cost: $0 | Duration: 500ms | Turns: 1
[] Iter 156 | No token data (result file empty or parse failed)
[] Iter 152 | No token data (result file empty or parse failed)
[] Iter 157 | No token data (result file empty or parse failed)
[2026-04-04T01:42:31Z] Iter 157 | Total-in: 0 | Non-cached: 0 | Cache-read: 0 | Cache-create: 0 | Output: 0 | Cost: $0 | Duration: ms | Turns: 
[] Iter 157 | No token data (result file empty or parse failed)
[] Iter 153 | No token data (result file empty or parse failed)
[2026-04-04T01:42:41Z] Iter 158 | Total-in: 0 | Non-cached:  | Cache-read:  | Cache-create:  | Output:  | Cost: $ | Duration: ms | Turns: 
[2026-04-04T01:42:47Z] Iter 158 | Total-in: 0 | Non-cached: 0 | Cache-read: 0 | Cache-create: 0 | Output: 0 | Cost: $0 | Duration: 462ms | Turns: 1
[] Iter 158 | No token data (result file empty or parse failed)
[2026-04-04T01:42:54Z] Iter 154 | Total-in: 0 | Non-cached: 0 | Cache-read: 0 | Cache-create: 0 | Output: 0 | Cost: $0 | Duration: 531ms | Turns: 1
[2026-04-04T01:42:58Z] Iter 159 | Total-in: 0 | Non-cached: 0 | Cache-read: 0 | Cache-create: 0 | Output: 0 | Cost: $0 | Duration: 488ms | Turns: 1
[2026-04-04T01:43:03Z] Iter 159 | Total-in: 0 | Non-cached: 0 | Cache-read: 0 | Cache-create: 0 | Output: 0 | Cost: $0 | Duration: 527ms | Turns: 1
[2026-04-04T01:43:05Z] Iter 159 | Total-in: 0 | Non-cached: 0 | Cache-read: 0 | Cache-create: 0 | Output: 0 | Cost: $0 | Duration: 440ms | Turns: 1
[2026-04-04T01:43:10Z] Iter 155 | Total-in: 0 | Non-cached: 0 | Cache-read: 0 | Cache-create: 0 | Output: 0 | Cost: $0 | Duration: 464ms | Turns: 1
[2026-04-04T01:43:14Z] Iter 160 | Total-in: 0 | Non-cached: 0 | Cache-read: 0 | Cache-create: 0 | Output: 0 | Cost: $0 | Duration: 552ms | Turns: 1
[2026-04-04T01:43:19Z] Iter 160 | Total-in: 0 | Non-cached: 0 | Cache-read: 0 | Cache-create: 0 | Output: 0 | Cost: $0 | Duration: 632ms | Turns: 1
[2026-04-04T01:43:21Z] Iter 160 | Total-in: 0 | Non-cached: 0 | Cache-read: 0 | Cache-create: 0 | Output: 0 | Cost: $0 | Duration: 491ms | Turns: 1
[2026-04-04T01:43:26Z] Iter 156 | Total-in: 0 | Non-cached: 0 | Cache-read: 0 | Cache-create: 0 | Output: 0 | Cost: $0 | Duration: 564ms | Turns: 1
[2026-04-04T01:43:30Z] Iter 161 | Total-in: 0 | Non-cached: 0 | Cache-read: 0 | Cache-create: 0 | Output: 0 | Cost: $0 | Duration: 610ms | Turns: 1
[2026-04-04T01:43:36Z] Iter 161 | Total-in: 0 | Non-cached: 0 | Cache-read: 0 | Cache-create: 0 | Output: 0 | Cost: $0 | Duration: 504ms | Turns: 1
[] Iter 161 | No token data (result file empty or parse failed)
[2026-04-04T01:43:43Z] Iter 157 | Total-in: 0 | Non-cached: 0 | Cache-read: 0 | Cache-create: 0 | Output: 0 | Cost: $0 | Duration: 520ms | Turns: 1
[2026-04-04T01:43:47Z] Iter 162 | Total-in: 0 | Non-cached: 0 | Cache-read: 0 | Cache-create: 0 | Output: 0 | Cost: $0 | Duration: 656ms | Turns: 1
[2026-04-04T01:43:54Z] Iter 162 | Total-in: 0 | Non-cached: 0 | Cache-read: 0 | Cache-create: 0 | Output: 0 | Cost: $0 | Duration: 547ms | Turns: 1
[2026-04-04T01:43:55Z] Iter 162 | Total-in: 0 | Non-cached:  | Cache-read:  | Cache-create:  | Output:  | Cost: $ | Duration: ms | Turns: 
[2026-04-04T01:44:00Z] Iter 158 | Total-in: 0 | Non-cached: 0 | Cache-read: 0 | Cache-create: 0 | Output: 0 | Cost: $0 | Duration: 463ms | Turns: 1
[2026-04-04T01:44:04Z] Iter 163 | Total-in: 0 | Non-cached: 0 | Cache-read: 0 | Cache-create: 0 | Output: 0 | Cost: $0 | Duration: 638ms | Turns: 1
[2026-04-04T01:44:11Z] Iter 163 | Total-in: 0 | Non-cached: 0 | Cache-read: 0 | Cache-create: 0 | Output: 0 | Cost: $0 | Duration: 461ms | Turns: 1
[] Iter 163 | No token data (result file empty or parse failed)
[2026-04-04T01:44:17Z] Iter 159 | Total-in: 0 | Non-cached: 0 | Cache-read: 0 | Cache-create: 0 | Output: 0 | Cost: $0 | Duration: 547ms | Turns: 1
[2026-04-04T01:44:22Z] Iter 164 | Total-in: 0 | Non-cached: 0 | Cache-read: 0 | Cache-create: 0 | Output: 0 | Cost: $0 | Duration: 576ms | Turns: 1
[2026-04-04T01:44:28Z] Iter 164 | Total-in: 0 | Non-cached: 0 | Cache-read: 0 | Cache-create: 0 | Output: 0 | Cost: $0 | Duration: 782ms | Turns: 1
[2026-04-04T01:44:28Z] Iter 164 | Total-in: 0 | Non-cached: 0 | Cache-read: 0 | Cache-create: 0 | Output: 0 | Cost: $0 | Duration: 782ms | Turns: 1
[2026-04-04T01:44:34Z] Iter 160 | Total-in: 0 | Non-cached: 0 | Cache-read: 0 | Cache-create: 0 | Output: 0 | Cost: $0 | Duration: 512ms | Turns: 1
[2026-04-04T01:44:40Z] Iter 165 | Total-in: 0 | Non-cached: 0 | Cache-read: 0 | Cache-create: 0 | Output: 0 | Cost: $0 | Duration: 625ms | Turns: 1
[2026-04-04T01:44:46Z] Iter 165 | Total-in: 0 | Non-cached: 0 | Cache-read: 0 | Cache-create: 0 | Output: 0 | Cost: $0 | Duration: 568ms | Turns: 1
[2026-04-04T01:44:46Z] Iter 165 | Total-in: 0 | Non-cached: 0 | Cache-read: 0 | Cache-create: 0 | Output: 0 | Cost: $0 | Duration: 568ms | Turns: 1
[2026-04-04T01:44:51Z] Iter 161 | Total-in: 0 | Non-cached: 0 | Cache-read: 0 | Cache-create: 0 | Output: 0 | Cost: $0 | Duration: 513ms | Turns: 1
[2026-04-04T01:44:56Z] Iter 166 | Total-in: 0 | Non-cached: 0 | Cache-read: 0 | Cache-create: 0 | Output: 0 | Cost: $0 | Duration: 477ms | Turns: 1
[2026-04-04T01:45:01Z] Iter 166 | Total-in: 0 | Non-cached: 0 | Cache-read: 0 | Cache-create: 0 | Output: 0 | Cost: $0 | Duration: 456ms | Turns: 1
[2026-04-04T01:45:01Z] Iter 166 | Total-in: 0 | Non-cached: 0 | Cache-read: 0 | Cache-create: 0 | Output: 0 | Cost: $0 | Duration: 456ms | Turns: 1
[2026-04-04T01:45:06Z] Iter 162 | Total-in: 0 | Non-cached: 0 | Cache-read: 0 | Cache-create: 0 | Output: 0 | Cost: $0 | Duration: 415ms | Turns: 1
[2026-04-04T01:45:10Z] Iter 167 | Total-in: 0 | Non-cached: 0 | Cache-read: 0 | Cache-create: 0 | Output: 0 | Cost: $0 | Duration: 474ms | Turns: 1
[2026-04-04T01:45:16Z] Iter 167 | Total-in: 0 | Non-cached: 0 | Cache-read: 0 | Cache-create: 0 | Output: 0 | Cost: $0 | Duration: 1450ms | Turns: 1
[2026-04-04T01:45:16Z] Iter 167 | Total-in: 0 | Non-cached: 0 | Cache-read: 0 | Cache-create: 0 | Output: 0 | Cost: $0 | Duration: 1450ms | Turns: 1
[2026-04-04T01:45:21Z] Iter 163 | Total-in: 0 | Non-cached: 0 | Cache-read: 0 | Cache-create: 0 | Output: 0 | Cost: $0 | Duration: 467ms | Turns: 1
[2026-04-04T01:45:25Z] Iter 168 | Total-in: 0 | Non-cached: 0 | Cache-read: 0 | Cache-create: 0 | Output: 0 | Cost: $0 | Duration: 406ms | Turns: 1
[2026-04-04T01:45:30Z] Iter 168 | Total-in: 0 | Non-cached: 0 | Cache-read: 0 | Cache-create: 0 | Output: 0 | Cost: $0 | Duration: 645ms | Turns: 1
[2026-04-04T01:45:31Z] Iter 168 | Total-in: 0 | Non-cached: 0 | Cache-read: 0 | Cache-create: 0 | Output: 0 | Cost: $0 | Duration: 645ms | Turns: 1
[2026-04-04T01:45:35Z] Iter 164 | Total-in: 0 | Non-cached: 0 | Cache-read: 0 | Cache-create: 0 | Output: 0 | Cost: $0 | Duration: 480ms | Turns: 1
[] Iter 169 | No token data (result file empty or parse failed)
[2026-04-04T01:45:45Z] Iter 169 | Total-in: 0 | Non-cached: 0 | Cache-read: 0 | Cache-create: 0 | Output: 0 | Cost: $0 | Duration: 479ms | Turns: 1
[2026-04-04T01:45:45Z] Iter 169 | Total-in: 0 | Non-cached: 0 | Cache-read: 0 | Cache-create: 0 | Output: 0 | Cost: $0 | Duration: 479ms | Turns: 1
[2026-04-04T01:45:50Z] Iter 165 | Total-in: 0 | Non-cached: 0 | Cache-read: 0 | Cache-create: 0 | Output: 0 | Cost: $0 | Duration: 443ms | Turns: 1
[] Iter 170 | No token data (result file empty or parse failed)
[2026-04-04T01:46:00Z] Iter 170 | Total-in: 0 | Non-cached: 0 | Cache-read: 0 | Cache-create: 0 | Output: 0 | Cost: $0 | Duration: 438ms | Turns: 1
[] Iter 170 | No token data (result file empty or parse failed)
[2026-04-04T01:46:05Z] Iter 166 | Total-in: 0 | Non-cached: 0 | Cache-read: 0 | Cache-create: 0 | Output: 0 | Cost: $0 | Duration: 563ms | Turns: 1
[] Iter 171 | No token data (result file empty or parse failed)
[] Iter 171 | No token data (result file empty or parse failed)
[2026-04-04T01:46:16Z] Iter 171 | Total-in: 0 | Non-cached: 0 | Cache-read: 0 | Cache-create: 0 | Output: 0 | Cost: $0 | Duration: 1510ms | Turns: 1
[2026-04-04T01:46:19Z] Iter 167 | Total-in: 0 | Non-cached: 0 | Cache-read: 0 | Cache-create: 0 | Output: 0 | Cost: $0 | Duration: 474ms | Turns: 1
[2026-04-04T01:46:21Z] Iter 172 | Total-in: 0 | Non-cached: 0 | Cache-read: 0 | Cache-create: 0 | Output: 0 | Cost: $0 | Duration: 432ms | Turns: 1
[2026-04-04T01:46:30Z] Iter 172 | Total-in: 0 | Non-cached: 0 | Cache-read: 0 | Cache-create: 0 | Output: 0 | Cost: $0 | Duration: 459ms | Turns: 1
[2026-04-04T01:46:30Z] Iter 172 | Total-in: 0 | Non-cached: 0 | Cache-read: 0 | Cache-create: 0 | Output: 0 | Cost: $0 | Duration: 459ms | Turns: 1
[2026-04-04T01:46:35Z] Iter 168 | Total-in: 0 | Non-cached: 0 | Cache-read: 0 | Cache-create: 0 | Output: 0 | Cost: $0 | Duration: 471ms | Turns: 1
[2026-04-04T01:46:37Z] Iter 173 | Total-in: 0 | Non-cached: 0 | Cache-read: 0 | Cache-create: 0 | Output: 0 | Cost: $0 | Duration: 467ms | Turns: 1
[2026-04-04T01:46:45Z] Iter 173 | Total-in: 0 | Non-cached: 0 | Cache-read: 0 | Cache-create: 0 | Output: 0 | Cost: $0 | Duration: 593ms | Turns: 1
[2026-04-04T01:46:46Z] Iter 173 | Total-in: 0 | Non-cached: 0 | Cache-read: 0 | Cache-create: 0 | Output: 0 | Cost: $0 | Duration: 593ms | Turns: 1
[2026-04-04T01:46:50Z] Iter 169 | Total-in: 0 | Non-cached: 0 | Cache-read: 0 | Cache-create: 0 | Output: 0 | Cost: $0 | Duration: 470ms | Turns: 1
[2026-04-04T01:46:53Z] Iter 174 | Total-in: 0 | Non-cached: 0 | Cache-read: 0 | Cache-create: 0 | Output: 0 | Cost: $ | Duration: ms | Turns: 
[2026-04-04T01:47:01Z] Iter 174 | Total-in: 0 | Non-cached:  | Cache-read:  | Cache-create:  | Output:  | Cost: $ | Duration: ms | Turns: 
[] Iter 174 | No token data (result file empty or parse failed)
[2026-04-04T01:47:06Z] Iter 170 | Total-in: 0 | Non-cached: 0 | Cache-read: 0 | Cache-create: 0 | Output: 0 | Cost: $0 | Duration: 451ms | Turns: 1
[] Iter 175 | No token data (result file empty or parse failed)
[2026-04-04T01:47:17Z] Iter 175 | Total-in: 0 | Non-cached: 0 | Cache-read: 0 | Cache-create: 0 | Output: 0 | Cost: $0 | Duration: 754ms | Turns: 1
[2026-04-04T01:47:18Z] Iter 175 | Total-in: 0 | Non-cached: 0 | Cache-read: 0 | Cache-create: 0 | Output: 0 | Cost: $0 | Duration: 754ms | Turns: 1
[2026-04-04T01:47:22Z] Iter 171 | Total-in: 0 | Non-cached: 0 | Cache-read: 0 | Cache-create: 0 | Output: 0 | Cost: $0 | Duration: 555ms | Turns: 1
[] Iter 176 | No token data (result file empty or parse failed)
[2026-04-04T01:47:33Z] Iter 176 | Total-in: 0 | Non-cached: 0 | Cache-read: 0 | Cache-create: 0 | Output: 0 | Cost: $0 | Duration: 467ms | Turns: 1
[2026-04-04T01:47:34Z] Iter 176 | Total-in: 0 | Non-cached: 0 | Cache-read: 0 | Cache-create: 0 | Output: 0 | Cost: $0 | Duration: 467ms | Turns: 1
[2026-04-04T01:47:40Z] Iter 172 | Total-in: 0 | Non-cached: 0 | Cache-read: 0 | Cache-create: 0 | Output: 0 | Cost: $0 | Duration: 531ms | Turns: 1
[2026-04-04T01:47:41Z] Iter 177 | Total-in: 0 | Non-cached: 0 | Cache-read: 0 | Cache-create: 0 | Output: 0 | Cost: $0 | Duration: 531ms | Turns: 1
[2026-04-04T01:47:50Z] Iter 177 | Total-in: 0 | Non-cached: 0 | Cache-read: 0 | Cache-create: 0 | Output: 0 | Cost: $0 | Duration: 468ms | Turns: 1
[2026-04-04T01:47:51Z] Iter 177 | Total-in: 0 | Non-cached: 0 | Cache-read: 0 | Cache-create: 0 | Output: 0 | Cost: $0 | Duration: 1486ms | Turns: 1
[2026-04-04T01:47:56Z] Iter 173 | Total-in: 0 | Non-cached: 0 | Cache-read: 0 | Cache-create: 0 | Output: 0 | Cost: $0 | Duration: 460ms | Turns: 1
[2026-04-04T01:47:58Z] Iter 178 | Total-in: 0 | Non-cached: 0 | Cache-read: 0 | Cache-create: 0 | Output: 0 | Cost: $0 | Duration: 469ms | Turns: 1
[2026-04-04T01:48:07Z] Iter 178 | Total-in: 0 | Non-cached: 0 | Cache-read: 0 | Cache-create: 0 | Output: 0 | Cost: $0 | Duration: 484ms | Turns: 1
[2026-04-04T01:48:09Z] Iter 178 | Total-in: 0 | Non-cached: 0 | Cache-read: 0 | Cache-create: 0 | Output: 0 | Cost: $0 | Duration: 535ms | Turns: 1
[2026-04-04T01:48:14Z] Iter 174 | Total-in: 0 | Non-cached: 0 | Cache-read: 0 | Cache-create: 0 | Output: 0 | Cost: $0 | Duration: 449ms | Turns: 1
[] Iter 179 | No token data (result file empty or parse failed)
[2026-04-04T01:48:25Z] Iter 179 | Total-in: 0 | Non-cached: 0 | Cache-read: 0 | Cache-create: 0 | Output: 0 | Cost: $0 | Duration: 484ms | Turns: 1
[2026-04-04T01:48:26Z] Iter 179 | Total-in: 0 | Non-cached: 0 | Cache-read: 0 | Cache-create: 0 | Output: 0 | Cost: $0 | Duration: 484ms | Turns: 1
[2026-04-04T01:48:32Z] Iter 175 | Total-in: 0 | Non-cached: 0 | Cache-read: 0 | Cache-create: 0 | Output: 0 | Cost: $0 | Duration: 508ms | Turns: 1
[2026-04-04T01:48:32Z] Iter 180 | Total-in: 0 | Non-cached: 0 | Cache-read: 0 | Cache-create: 0 | Output: 0 | Cost: $0 | Duration: 508ms | Turns: 1
[2026-04-04T01:48:42Z] Iter 180 | Total-in: 0 | Non-cached: 0 | Cache-read: 0 | Cache-create: 0 | Output: 0 | Cost: $0 | Duration: 496ms | Turns: 1
[2026-04-04T01:48:43Z] Iter 180 | Total-in: 0 | Non-cached: 0 | Cache-read: 0 | Cache-create: 0 | Output: 0 | Cost: $0 | Duration: 496ms | Turns: 1
[2026-04-04T01:48:50Z] Iter 176 | Total-in: 0 | Non-cached: 0 | Cache-read:  | Cache-create:  | Output: 0 | Cost: $ | Duration: ms | Turns: 
[] Iter 181 | No token data (result file empty or parse failed)
[2026-04-04T01:48:59Z] Iter 181 | Total-in: 0 | Non-cached: 0 | Cache-read: 0 | Cache-create: 0 | Output: 0 | Cost: $0 | Duration: 501ms | Turns: 1
[2026-04-04T01:49:00Z] Iter 181 | Total-in: 0 | Non-cached: 0 | Cache-read: 0 | Cache-create: 0 | Output: 0 | Cost: $0 | Duration: 501ms | Turns: 1
[2026-04-04T01:49:07Z] Iter 177 | Total-in: 0 | Non-cached: 0 | Cache-read:  | Cache-create:  | Output:  | Cost: $ | Duration: ms | Turns: 
[] Iter 182 | No token data (result file empty or parse failed)
[2026-04-04T01:49:17Z] Iter 182 | Total-in: 0 | Non-cached: 0 | Cache-read: 0 | Cache-create: 0 | Output: 0 | Cost: $0 | Duration: 513ms | Turns: 1
[2026-04-04T01:49:18Z] Iter 182 | Total-in: 0 | Non-cached: 0 | Cache-read: 0 | Cache-create: 0 | Output: 0 | Cost: $0 | Duration: 467ms | Turns: 1
[2026-04-04T01:49:22Z] Iter 183 | Total-in: 0 | Non-cached: 0 | Cache-read: 0 | Cache-create: 0 | Output: 0 | Cost: $0 | Duration: 958ms | Turns: 1
[2026-04-04T01:49:22Z] Iter 178 | Total-in: 0 | Non-cached: 0 | Cache-read: 0 | Cache-create: 0 | Output: 0 | Cost: $0 | Duration: 958ms | Turns: 1
[2026-04-04T01:49:31Z] Iter 183 | Total-in: 0 | Non-cached: 0 | Cache-read: 0 | Cache-create: 0 | Output: 0 | Cost: $0 | Duration: 487ms | Turns: 1
[2026-04-04T01:49:32Z] Iter 183 | Total-in: 0 | Non-cached: 0 | Cache-read: 0 | Cache-create: 0 | Output: 0 | Cost: $0 | Duration: 475ms | Turns: 1
[2026-04-04T01:49:37Z] Iter 184 | Total-in: 0 | Non-cached: 0 | Cache-read: 0 | Cache-create: 0 | Output: 0 | Cost: $0 | Duration: 496ms | Turns: 1
[2026-04-04T01:49:37Z] Iter 179 | Total-in: 0 | Non-cached: 0 | Cache-read: 0 | Cache-create: 0 | Output: 0 | Cost: $0 | Duration: 496ms | Turns: 1
[] Iter 184 | No token data (result file empty or parse failed)
[2026-04-04T01:49:47Z] Iter 184 | Total-in: 0 | Non-cached: 0 | Cache-read: 0 | Cache-create: 0 | Output: 0 | Cost: $0 | Duration: 536ms | Turns: 1
[2026-04-04T01:49:51Z] Iter 185 | Total-in: 0 | Non-cached: 0 | Cache-read: 0 | Cache-create: 0 | Output: 0 | Cost: $0 | Duration: 396ms | Turns: 1
[2026-04-04T01:49:52Z] Iter 180 | Total-in: 0 | Non-cached: 0 | Cache-read: 0 | Cache-create: 0 | Output: 0 | Cost: $0 | Duration: 396ms | Turns: 1
[2026-04-04T01:49:59Z] Iter 185 | Total-in: 0 | Non-cached:  | Cache-read:  | Cache-create:  | Output:  | Cost: $ | Duration: ms | Turns: 
[2026-04-04T01:50:02Z] Iter 185 | Total-in: 0 | Non-cached: 0 | Cache-read: 0 | Cache-create: 0 | Output: 0 | Cost: $0 | Duration: 870ms | Turns: 1
[] Iter 181 | No token data (result file empty or parse failed)
[2026-04-04T01:50:07Z] Iter 186 | Total-in: 0 | Non-cached: 0 | Cache-read: 0 | Cache-create: 0 | Output: 0 | Cost: $0 | Duration: 1642ms | Turns: 1
[2026-04-04T01:50:13Z] Iter 186 | Total-in: 0 | Non-cached: 0 | Cache-read: 0 | Cache-create: 0 | Output: 0 | Cost: $0 | Duration: 467ms | Turns: 1
[2026-04-04T01:50:17Z] Iter 186 | Total-in: 0 | Non-cached: 0 | Cache-read: 0 | Cache-create: 0 | Output: 0 | Cost: $0 | Duration: 814ms | Turns: 1
[2026-04-04T01:50:21Z] Iter 182 | Total-in: 0 | Non-cached: 0 | Cache-read: 0 | Cache-create: 0 | Output: 0 | Cost: $ | Duration: ms | Turns: 
[2026-04-04T01:50:22Z] Iter 187 | Total-in: 0 | Non-cached: 0 | Cache-read: 0 | Cache-create: 0 | Output: 0 | Cost: $0 | Duration: 478ms | Turns: 1
[2026-04-04T01:50:28Z] Iter 187 | Total-in: 0 | Non-cached: 0 | Cache-read: 0 | Cache-create: 0 | Output: 0 | Cost: $0 | Duration: 437ms | Turns: 1
[2026-04-04T01:50:32Z] Iter 187 | Total-in: 0 | Non-cached: 0 | Cache-read: 0 | Cache-create: 0 | Output: 0 | Cost: $0 | Duration: 443ms | Turns: 1
[] Iter 183 | No token data (result file empty or parse failed)
[2026-04-04T01:50:37Z] Iter 188 | Total-in: 0 | Non-cached: 0 | Cache-read: 0 | Cache-create: 0 | Output: 0 | Cost: $0 | Duration: 459ms | Turns: 1
[2026-04-04T01:50:42Z] Iter 188 | Total-in: 0 | Non-cached: 0 | Cache-read: 0 | Cache-create: 0 | Output: 0 | Cost: $ | Duration: ms | Turns: 
[2026-04-04T01:50:47Z] Iter 188 | Total-in: 0 | Non-cached: 0 | Cache-read: 0 | Cache-create: 0 | Output: 0 | Cost: $0 | Duration: 423ms | Turns: 1
[2026-04-04T01:50:50Z] Iter 184 | Total-in: 0 | Non-cached: 0 | Cache-read: 0 | Cache-create: 0 | Output: 0 | Cost: $0 | Duration: 538ms | Turns: 1
[2026-04-04T01:50:52Z] Iter 189 | Total-in: 0 | Non-cached: 0 | Cache-read: 0 | Cache-create: 0 | Output: 0 | Cost: $0 | Duration: 668ms | Turns: 1
[2026-04-04T01:50:57Z] Iter 189 | Total-in: 0 | Non-cached: 0 | Cache-read: 0 | Cache-create:  | Output: 0 | Cost: $ | Duration: ms | Turns: 
[2026-04-04T01:51:03Z] Iter 189 | Total-in: 0 | Non-cached: 0 | Cache-read: 0 | Cache-create: 0 | Output: 0 | Cost: $0 | Duration: 519ms | Turns: 1
[] Iter 185 | No token data (result file empty or parse failed)
[2026-04-04T01:51:07Z] Iter 190 | Total-in: 0 | Non-cached: 0 | Cache-read: 0 | Cache-create: 0 | Output: 0 | Cost: $0 | Duration: 499ms | Turns: 1
[2026-04-04T01:51:12Z] Iter 190 | Total-in: 0 | Non-cached: 0 | Cache-read: 0 | Cache-create: 0 | Output: 0 | Cost: $0 | Duration: 460ms | Turns: 1
[2026-04-04T01:51:18Z] Iter 190 | Total-in: 0 | Non-cached: 0 | Cache-read: 0 | Cache-create: 0 | Output: 0 | Cost: $0 | Duration: 692ms | Turns: 1
[] Iter 186 | No token data (result file empty or parse failed)
[2026-04-04T01:51:23Z] Iter 191 | Total-in: 0 | Non-cached: 0 | Cache-read: 0 | Cache-create: 0 | Output: 0 | Cost: $0 | Duration: 482ms | Turns: 1
[] Iter 191 | No token data (result file empty or parse failed)
[2026-04-04T01:51:35Z] Iter 191 | Total-in: 0 | Non-cached: 0 | Cache-read: 0 | Cache-create: 0 | Output: 0 | Cost: $0 | Duration: 559ms | Turns: 1
[2026-04-04T01:51:36Z] Iter 187 | Total-in: 0 | Non-cached: 0 | Cache-read: 0 | Cache-create: 0 | Output: 0 | Cost: $0 | Duration: 520ms | Turns: 1
[2026-04-04T01:51:39Z] Iter 192 | Total-in: 0 | Non-cached: 0 | Cache-read: 0 | Cache-create: 0 | Output: 0 | Cost: $0 | Duration: 463ms | Turns: 1
[] Iter 192 | No token data (result file empty or parse failed)
[2026-04-04T01:51:51Z] Iter 192 | Total-in: 0 | Non-cached: 0 | Cache-read: 0 | Cache-create: 0 | Output: 0 | Cost: $0 | Duration: 476ms | Turns: 1
[2026-04-04T01:51:53Z] Iter 188 | Total-in: 0 | Non-cached: 0 | Cache-read: 0 | Cache-create: 0 | Output: 0 | Cost: $0 | Duration: 666ms | Turns: 1
[2026-04-04T01:51:55Z] Iter 193 | Total-in: 0 | Non-cached: 0 | Cache-read: 0 | Cache-create: 0 | Output: 0 | Cost: $0 | Duration: 576ms | Turns: 1
[] Iter 193 | No token data (result file empty or parse failed)
[2026-04-04T01:52:08Z] Iter 193 | Total-in: 0 | Non-cached: 0 | Cache-read: 0 | Cache-create: 0 | Output: 0 | Cost: $0 | Duration: 1288ms | Turns: 1
[2026-04-04T01:52:11Z] Iter 189 | Total-in: 0 | Non-cached: 0 | Cache-read: 0 | Cache-create: 0 | Output: 0 | Cost: $0 | Duration: 541ms | Turns: 1
[2026-04-04T01:52:13Z] Iter 194 | Total-in: 0 | Non-cached: 0 | Cache-read: 0 | Cache-create: 0 | Output: 0 | Cost: $0 | Duration: 485ms | Turns: 1
[2026-04-04T01:52:15Z] Iter 194 | Total-in: 0 | Non-cached: 0 | Cache-read: 0 | Cache-create: 0 | Output: 0 | Cost: $0 | Duration: 503ms | Turns: 1
[2026-04-04T01:52:25Z] Iter 194 | Total-in: 0 | Non-cached: 0 | Cache-read: 0 | Cache-create: 0 | Output: 0 | Cost: $0 | Duration: 484ms | Turns: 1
[2026-04-04T01:52:30Z] Iter 190 | Total-in: 0 | Non-cached: 0 | Cache-read: 0 | Cache-create: 0 | Output: 0 | Cost: $0 | Duration: 715ms | Turns: 1
[2026-04-04T01:52:30Z] Iter 195 | Total-in: 0 | Non-cached: 0 | Cache-read: 0 | Cache-create: 0 | Output: 0 | Cost: $0 | Duration: 715ms | Turns: 1
[2026-04-04T01:52:32Z] Iter 195 | Total-in: 0 | Non-cached: 0 | Cache-read: 0 | Cache-create: 0 | Output: 0 | Cost: $0 | Duration: 448ms | Turns: 1
[2026-04-04T01:52:42Z] Iter 195 | Total-in: 0 | Non-cached: 0 | Cache-read: 0 | Cache-create: 0 | Output: 0 | Cost: $0 | Duration: 769ms | Turns: 1
[2026-04-04T01:52:48Z] Iter 191 | Total-in: 0 | Non-cached: 0 | Cache-read: 0 | Cache-create: 0 | Output: 0 | Cost: $0 | Duration: 471ms | Turns: 1
[2026-04-04T01:52:49Z] Iter 196 | Total-in: 0 | Non-cached: 0 | Cache-read: 0 | Cache-create: 0 | Output: 0 | Cost: $0 | Duration: 471ms | Turns: 1
[] Iter 196 | No token data (result file empty or parse failed)
[2026-04-04T01:52:59Z] Iter 196 | Total-in: 0 | Non-cached: 0 | Cache-read: 0 | Cache-create: 0 | Output: 0 | Cost: $0 | Duration: 489ms | Turns: 1
[2026-04-04T01:53:06Z] Iter 192 | Total-in: 0 | Non-cached: 0 | Cache-read: 0 | Cache-create: 0 | Output: 0 | Cost: $0 | Duration: 489ms | Turns: 1
[2026-04-04T01:53:07Z] Iter 197 | Total-in: 0 | Non-cached: 0 | Cache-read: 0 | Cache-create: 0 | Output: 0 | Cost: $0 | Duration: 489ms | Turns: 1
[2026-04-04T01:53:07Z] Iter 197 | Total-in: 0 | Non-cached: 0 | Cache-read: 0 | Cache-create: 0 | Output: 0 | Cost: $0 | Duration: 489ms | Turns: 1
[2026-04-04T01:53:16Z] Iter 197 | Total-in: 0 | Non-cached: 0 | Cache-read: 0 | Cache-create: 0 | Output: 0 | Cost: $0 | Duration: 587ms | Turns: 1
[2026-04-04T01:53:24Z] Iter 198 | Total-in: 0 | Non-cached: 0 | Cache-read: 0 | Cache-create: 0 | Output: 0 | Cost: $0 | Duration: 465ms | Turns: 1
[2026-04-04T01:53:25Z] Iter 193 | Total-in: 0 | Non-cached: 0 | Cache-read: 0 | Cache-create: 0 | Output: 0 | Cost: $0 | Duration: 501ms | Turns: 1
[2026-04-04T01:53:26Z] Iter 198 | Total-in: 0 | Non-cached: 0 | Cache-read: 0 | Cache-create: 0 | Output: 0 | Cost: $0 | Duration: 501ms | Turns: 1
[] Iter 198 | No token data (result file empty or parse failed)
[2026-04-04T01:53:39Z] Iter 199 | Total-in: 0 | Non-cached: 0 | Cache-read: 0 | Cache-create: 0 | Output: 0 | Cost: $0 | Duration: 525ms | Turns: 1
[] Iter 194 | No token data (result file empty or parse failed)
[2026-04-04T01:53:41Z] Iter 199 | Total-in: 0 | Non-cached: 0 | Cache-read: 0 | Cache-create: 0 | Output: 0 | Cost: $0 | Duration: 426ms | Turns: 1
[2026-04-04T01:53:46Z] Iter 199 | Total-in: 0 | Non-cached: 0 | Cache-read: 0 | Cache-create: 0 | Output: 0 | Cost: $0 | Duration: 636ms | Turns: 1
[] Iter 195 | No token data (result file empty or parse failed)
[] Iter 200 | No token data (result file empty or parse failed)
[2026-04-04T01:53:56Z] Iter 200 | Total-in: 0 | Non-cached: 0 | Cache-read: 0 | Cache-create: 0 | Output: 0 | Cost: $0 | Duration: 496ms | Turns: 1
[2026-04-04T01:54:00Z] Iter 200 | Total-in: 0 | Non-cached: 0 | Cache-read: 0 | Cache-create: 0 | Output: 0 | Cost: $0 | Duration: 453ms | Turns: 1
[2026-04-04T01:54:08Z] Iter 196 | Total-in: 0 | Non-cached: 0 | Cache-read: 0 | Cache-create: 0 | Output: 0 | Cost: $0 | Duration: 501ms | Turns: 1
[2026-04-04T01:54:08Z] Iter 201 | Total-in: 0 | Non-cached: 0 | Cache-read: 0 | Cache-create: 0 | Output: 0 | Cost: $0 | Duration: 501ms | Turns: 1
[2026-04-04T01:54:11Z] Iter 201 | Total-in: 0 | Non-cached: 0 | Cache-read: 0 | Cache-create: 0 | Output: 0 | Cost: $0 | Duration: 396ms | Turns: 1
[2026-04-04T01:54:14Z] Iter 201 | Total-in: 0 | Non-cached: 0 | Cache-read: 0 | Cache-create: 0 | Output: 0 | Cost: $0 | Duration: 441ms | Turns: 1
[2026-04-04T01:54:23Z] Iter 197 | Total-in: 0 | Non-cached: 0 | Cache-read: 0 | Cache-create: 0 | Output: 0 | Cost: $0 | Duration: 573ms | Turns: 1
[2026-04-04T01:54:23Z] Iter 202 | Total-in: 0 | Non-cached: 0 | Cache-read: 0 | Cache-create: 0 | Output: 0 | Cost: $0 | Duration: 573ms | Turns: 1
[2026-04-04T01:54:26Z] Iter 202 | Total-in: 0 | Non-cached: 0 | Cache-read: 0 | Cache-create: 0 | Output: 0 | Cost: $0 | Duration: 415ms | Turns: 1
[2026-04-04T01:54:29Z] Iter 202 | Total-in: 0 | Non-cached: 0 | Cache-read: 0 | Cache-create: 0 | Output: 0 | Cost: $0 | Duration: 415ms | Turns: 1
[2026-04-04T01:54:38Z] Iter 198 | Total-in: 0 | Non-cached: 0 | Cache-read: 0 | Cache-create: 0 | Output: 0 | Cost: $0 | Duration: 508ms | Turns: 1
[2026-04-04T01:54:38Z] Iter 203 | Total-in: 0 | Non-cached: 0 | Cache-read: 0 | Cache-create: 0 | Output: 0 | Cost: $0 | Duration: 508ms | Turns: 1
[2026-04-04T01:54:41Z] Iter 203 | Total-in: 0 | Non-cached: 0 | Cache-read: 0 | Cache-create: 0 | Output: 0 | Cost: $0 | Duration: 655ms | Turns: 1
[2026-04-04T01:54:45Z] Iter 203 | Total-in: 0 | Non-cached: 0 | Cache-read: 0 | Cache-create: 0 | Output: 0 | Cost: $0 | Duration: 1458ms | Turns: 1
[] Iter 204 | No token data (result file empty or parse failed)
[2026-04-04T01:54:54Z] Iter 199 | Total-in: 0 | Non-cached: 0 | Cache-read: 0 | Cache-create: 0 | Output: 0 | Cost: $0 | Duration: 514ms | Turns: 1
[2026-04-04T01:54:56Z] Iter 204 | Total-in: 0 | Non-cached: 0 | Cache-read: 0 | Cache-create: 0 | Output: 0 | Cost: $0 | Duration: 549ms | Turns: 1
[2026-04-04T01:55:00Z] Iter 204 | Total-in: 0 | Non-cached:  | Cache-read:  | Cache-create:  | Output:  | Cost: $ | Duration: ms | Turns: 
[] Iter 205 | No token data (result file empty or parse failed)
[2026-04-04T01:55:10Z] Iter 200 | Total-in: 0 | Non-cached: 0 | Cache-read: 0 | Cache-create: 0 | Output: 0 | Cost: $0 | Duration: 439ms | Turns: 1
[2026-04-04T01:55:11Z] Iter 205 | Total-in: 0 | Non-cached: 0 | Cache-read: 0 | Cache-create: 0 | Output: 0 | Cost: $0 | Duration: 442ms | Turns: 1
[2026-04-04T01:55:17Z] Iter 205 | Total-in: 0 | Non-cached: 0 | Cache-read: 0 | Cache-create: 0 | Output: 0 | Cost: $0 | Duration: 519ms | Turns: 1
[2026-04-04T01:55:23Z] Iter 206 | Total-in: 0 | Non-cached: 0 | Cache-read: 0 | Cache-create: 0 | Output: 0 | Cost: $0 | Duration: 464ms | Turns: 1
[2026-04-04T01:55:26Z] Iter 201 | Total-in: 0 | Non-cached: 0 | Cache-read: 0 | Cache-create: 0 | Output: 0 | Cost: $0 | Duration: 432ms | Turns: 1
[2026-04-04T01:55:27Z] Iter 206 | Total-in: 0 | Non-cached: 0 | Cache-read: 0 | Cache-create: 0 | Output: 0 | Cost: $0 | Duration: 528ms | Turns: 1
[2026-04-04T01:55:32Z] Iter 206 | Total-in: 0 | Non-cached: 0 | Cache-read: 0 | Cache-create: 0 | Output: 0 | Cost: $0 | Duration: 434ms | Turns: 1
[2026-04-04T01:55:38Z] Iter 207 | Total-in: 0 | Non-cached: 0 | Cache-read: 0 | Cache-create: 0 | Output: 0 | Cost: $0 | Duration: 509ms | Turns: 1
[2026-04-04T01:55:42Z] Iter 202 | Total-in: 0 | Non-cached: 0 | Cache-read: 0 | Cache-create: 0 | Output: 0 | Cost: $0 | Duration: 482ms | Turns: 1
[2026-04-04T01:55:43Z] Iter 207 | Total-in: 0 | Non-cached: 0 | Cache-read: 0 | Cache-create: 0 | Output: 0 | Cost: $0 | Duration: 533ms | Turns: 1
[2026-04-04T01:55:48Z] Iter 207 | Total-in: 0 | Non-cached: 0 | Cache-read: 0 | Cache-create: 0 | Output: 0 | Cost: $0 | Duration: 419ms | Turns: 1
[2026-04-04T01:55:54Z] Iter 208 | Total-in: 0 | Non-cached: 0 | Cache-read: 0 | Cache-create: 0 | Output: 0 | Cost: $0 | Duration: 518ms | Turns: 1
[2026-04-04T01:55:59Z] Iter 203 | Total-in: 0 | Non-cached: 0 | Cache-read: 0 | Cache-create: 0 | Output: 0 | Cost: $0 | Duration: 534ms | Turns: 1
[2026-04-04T01:55:59Z] Iter 208 | Total-in: 0 | Non-cached: 0 | Cache-read: 0 | Cache-create: 0 | Output: 0 | Cost: $0 | Duration: 534ms | Turns: 1
[2026-04-04T01:56:04Z] Iter 208 | Total-in: 0 | Non-cached: 0 | Cache-read: 0 | Cache-create: 0 | Output: 0 | Cost: $0 | Duration: 454ms | Turns: 1
[2026-04-04T01:56:10Z] Iter 209 | Total-in: 0 | Non-cached: 0 | Cache-read: 0 | Cache-create: 0 | Output: 0 | Cost: $0 | Duration: 452ms | Turns: 1
[2026-04-04T01:56:15Z] Iter 204 | Total-in: 0 | Non-cached: 0 | Cache-read: 0 | Cache-create: 0 | Output: 0 | Cost: $0 | Duration: 551ms | Turns: 1
[2026-04-04T01:56:16Z] Iter 209 | Total-in: 0 | Non-cached: 0 | Cache-read: 0 | Cache-create: 0 | Output: 0 | Cost: $0 | Duration: 551ms | Turns: 1
[2026-04-04T01:56:20Z] Iter 209 | Total-in: 0 | Non-cached: 0 | Cache-read: 0 | Cache-create: 0 | Output: 0 | Cost: $0 | Duration: 431ms | Turns: 1
[2026-04-04T01:56:25Z] Iter 210 | Total-in: 0 | Non-cached: 0 | Cache-read: 0 | Cache-create: 0 | Output: 0 | Cost: $0 | Duration: 439ms | Turns: 1
[2026-04-04T01:56:31Z] Iter 205 | Total-in: 0 | Non-cached: 0 | Cache-read: 0 | Cache-create: 0 | Output: 0 | Cost: $0 | Duration: 446ms | Turns: 1
[2026-04-04T01:56:32Z] Iter 210 | Total-in: 0 | Non-cached: 0 | Cache-read: 0 | Cache-create: 0 | Output: 0 | Cost: $0 | Duration: 535ms | Turns: 1
[2026-04-04T01:56:38Z] Iter 210 | Total-in: 0 | Non-cached: 0 | Cache-read: 0 | Cache-create: 0 | Output: 0 | Cost: $0 | Duration: 487ms | Turns: 1
[2026-04-04T01:56:42Z] Iter 211 | Total-in: 0 | Non-cached: 0 | Cache-read: 0 | Cache-create: 0 | Output: 0 | Cost: $0 | Duration: 572ms | Turns: 1
[2026-04-04T01:56:48Z] Iter 206 | Total-in: 0 | Non-cached: 0 | Cache-read: 0 | Cache-create: 0 | Output: 0 | Cost: $0 | Duration: 549ms | Turns: 1
[2026-04-04T01:56:49Z] Iter 211 | Total-in: 0 | Non-cached: 0 | Cache-read: 0 | Cache-create: 0 | Output: 0 | Cost: $0 | Duration: 549ms | Turns: 1
[2026-04-04T01:56:55Z] Iter 211 | Total-in: 0 | Non-cached: 0 | Cache-read: 0 | Cache-create: 0 | Output: 0 | Cost: $0 | Duration: 439ms | Turns: 1
[2026-04-04T01:57:01Z] Iter 212 | Total-in: 0 | Non-cached: 0 | Cache-read: 0 | Cache-create: 0 | Output: 0 | Cost: $0 | Duration: 548ms | Turns: 1
[2026-04-04T01:57:05Z] Iter 207 | Total-in: 0 | Non-cached: 0 | Cache-read: 0 | Cache-create: 0 | Output: 0 | Cost: $0 | Duration: 497ms | Turns: 1
[2026-04-04T01:57:06Z] Iter 212 | Total-in: 0 | Non-cached: 0 | Cache-read: 0 | Cache-create: 0 | Output: 0 | Cost: $0 | Duration: 513ms | Turns: 1
[2026-04-04T01:57:12Z] Iter 212 | Total-in: 0 | Non-cached: 0 | Cache-read: 0 | Cache-create: 0 | Output: 0 | Cost: $0 | Duration: 577ms | Turns: 1
[2026-04-04T01:57:19Z] Iter 213 | Total-in: 0 | Non-cached: 0 | Cache-read: 0 | Cache-create: 0 | Output: 0 | Cost: $0 | Duration: 635ms | Turns: 1
[2026-04-04T01:57:24Z] Iter 208 | Total-in: 0 | Non-cached: 0 | Cache-read: 0 | Cache-create: 0 | Output: 0 | Cost: $0 | Duration: 613ms | Turns: 1
[2026-04-04T01:57:24Z] Iter 213 | Total-in: 0 | Non-cached: 0 | Cache-read: 0 | Cache-create: 0 | Output: 0 | Cost: $0 | Duration: 613ms | Turns: 1
[2026-04-04T01:57:29Z] Iter 213 | Total-in: 0 | Non-cached: 0 | Cache-read: 0 | Cache-create: 0 | Output: 0 | Cost: $0 | Duration: 492ms | Turns: 1
[2026-04-04T01:57:36Z] Iter 214 | Total-in: 0 | Non-cached: 0 | Cache-read: 0 | Cache-create: 0 | Output: 0 | Cost: $0 | Duration: 632ms | Turns: 1
[2026-04-04T01:57:41Z] Iter 209 | Total-in: 0 | Non-cached: 0 | Cache-read: 0 | Cache-create: 0 | Output: 0 | Cost: $0 | Duration: 452ms | Turns: 1
[2026-04-04T01:57:42Z] Iter 214 | Total-in: 0 | Non-cached: 0 | Cache-read: 0 | Cache-create: 0 | Output: 0 | Cost: $0 | Duration: 452ms | Turns: 1
[2026-04-04T01:57:46Z] Iter 214 | Total-in: 0 | Non-cached: 0 | Cache-read: 0 | Cache-create: 0 | Output: 0 | Cost: $0 | Duration: 518ms | Turns: 1
[2026-04-04T01:57:52Z] Iter 215 | Total-in: 0 | Non-cached: 0 | Cache-read: 0 | Cache-create: 0 | Output: 0 | Cost: $0 | Duration: 561ms | Turns: 1
[2026-04-04T01:57:58Z] Iter 210 | Total-in: 0 | Non-cached: 0 | Cache-read: 0 | Cache-create: 0 | Output: 0 | Cost: $0 | Duration: 580ms | Turns: 1
[2026-04-04T01:57:59Z] Iter 215 | Total-in: 0 | Non-cached: 0 | Cache-read: 0 | Cache-create: 0 | Output: 0 | Cost: $0 | Duration: 580ms | Turns: 1
[2026-04-04T01:58:02Z] Iter 215 | Total-in: 0 | Non-cached: 0 | Cache-read: 0 | Cache-create: 0 | Output: 0 | Cost: $0 | Duration: 396ms | Turns: 1
[] Iter 216 | No token data (result file empty or parse failed)
[] Iter 211 | No token data (result file empty or parse failed)
[2026-04-04T01:58:14Z] Iter 216 | Total-in: 0 | Non-cached: 0 | Cache-read: 0 | Cache-create: 0 | Output: 0 | Cost: $0 | Duration: 1536ms | Turns: 1
[2026-04-04T01:58:17Z] Iter 216 | Total-in: 0 | Non-cached: 0 | Cache-read: 0 | Cache-create: 0 | Output: 0 | Cost: $0 | Duration: 384ms | Turns: 1
[2026-04-04T01:58:20Z] Iter 217 | Total-in: 0 | Non-cached: 0 | Cache-read: 0 | Cache-create: 0 | Output: 0 | Cost: $0 | Duration: 442ms | Turns: 1
[2026-04-04T01:58:27Z] Iter 212 | Total-in: 0 | Non-cached: 0 | Cache-read: 0 | Cache-create: 0 | Output: 0 | Cost: $ | Duration: ms | Turns: 
[2026-04-04T01:58:29Z] Iter 217 | Total-in: 0 | Non-cached: 0 | Cache-read: 0 | Cache-create: 0 | Output: 0 | Cost: $0 | Duration: 559ms | Turns: 1
[2026-04-04T01:58:33Z] Iter 217 | Total-in: 0 | Non-cached: 0 | Cache-read: 0 | Cache-create: 0 | Output: 0 | Cost: $0 | Duration: 1641ms | Turns: 1
[2026-04-04T01:58:36Z] Iter 218 | Total-in: 0 | Non-cached: 0 | Cache-read: 0 | Cache-create: 0 | Output: 0 | Cost: $0 | Duration: 1542ms | Turns: 
[2026-04-04T01:58:43Z] Iter 213 | Total-in: 0 | Non-cached: 0 | Cache-read: 0 | Cache-create: 0 | Output: 0 | Cost: $0 | Duration: 903ms | Turns: 1
[] Iter 218 | No token data (result file empty or parse failed)
[2026-04-04T01:58:48Z] Iter 218 | Total-in: 0 | Non-cached: 0 | Cache-read: 0 | Cache-create: 0 | Output: 0 | Cost: $0 | Duration: 448ms | Turns: 1
[2026-04-04T01:58:51Z] Iter 219 | Total-in: 0 | Non-cached:  | Cache-read:  | Cache-create:  | Output:  | Cost: $ | Duration: ms | Turns: 
[2026-04-04T01:58:57Z] Iter 214 | Total-in: 0 | Non-cached: 0 | Cache-read: 0 | Cache-create: 0 | Output: 0 | Cost: $0 | Duration: 469ms | Turns: 1
[2026-04-04T01:58:58Z] Iter 219 | Total-in: 0 | Non-cached: 0 | Cache-read: 0 | Cache-create: 0 | Output: 0 | Cost: $0 | Duration: 479ms | Turns: 1
[2026-04-04T01:59:02Z] Iter 219 | Total-in: 0 | Non-cached: 0 | Cache-read: 0 | Cache-create: 0 | Output: 0 | Cost: $0 | Duration: 419ms | Turns: 1
[] Iter 220 | No token data (result file empty or parse failed)
[] Iter 220 | No token data (result file empty or parse failed)
[] Iter 215 | No token data (result file empty or parse failed)
[2026-04-04T01:59:17Z] Iter 220 | Total-in: 0 | Non-cached: 0 | Cache-read: 0 | Cache-create: 0 | Output: 0 | Cost: $0 | Duration: 554ms | Turns: 1
[] Iter 221 | No token data (result file empty or parse failed)
[] Iter 216 | No token data (result file empty or parse failed)
[2026-04-04T01:59:27Z] Iter 221 | Total-in: 0 | Non-cached: 0 | Cache-read:  | Cache-create:  | Output:  | Cost: $ | Duration: ms | Turns: 
[2026-04-04T01:59:33Z] Iter 221 | Total-in: 0 | Non-cached: 0 | Cache-read: 0 | Cache-create: 0 | Output: 0 | Cost: $0 | Duration: 426ms | Turns: 1
[] Iter 222 | No token data (result file empty or parse failed)
[] Iter 217 | No token data (result file empty or parse failed)
[2026-04-04T01:59:41Z] Iter 222 | Total-in: 0 | Non-cached: 0 | Cache-read: 0 | Cache-create: 0 | Output: 0 | Cost: $0 | Duration: 490ms | Turns: 1
[2026-04-04T01:59:47Z] Iter 222 | Total-in: 0 | Non-cached: 0 | Cache-read: 0 | Cache-create: 0 | Output: 0 | Cost: $0 | Duration: 406ms | Turns: 1
[2026-04-04T01:59:49Z] Iter 223 | Total-in: 0 | Non-cached: 0 | Cache-read: 0 | Cache-create: 0 | Output: 0 | Cost: $0 | Duration: 494ms | Turns: 
[] Iter 218 | No token data (result file empty or parse failed)
[] Iter 223 | No token data (result file empty or parse failed)
[2026-04-04T02:00:03Z] Iter 223 | Total-in: 0 | Non-cached: 0 | Cache-read: 0 | Cache-create: 0 | Output: 0 | Cost: $0 | Duration: 604ms | Turns: 1
[2026-04-04T02:00:05Z] Iter 224 | Total-in: 0 | Non-cached: 0 | Cache-read: 0 | Cache-create: 0 | Output: 0 | Cost: $0 | Duration: 516ms | Turns: 1
[2026-04-04T02:00:10Z] Iter 219 | Total-in: 0 | Non-cached: 0 | Cache-read: 0 | Cache-create: 0 | Output: 0 | Cost: $0 | Duration: 577ms | Turns: 1
[] Iter 224 | No token data (result file empty or parse failed)
[] Iter 224 | No token data (result file empty or parse failed)
[2026-04-04T02:00:21Z] Iter 225 | Total-in: 0 | Non-cached: 0 | Cache-read: 0 | Cache-create: 0 | Output: 0 | Cost: $0 | Duration: 470ms | Turns: 1
[2026-04-04T02:00:26Z] Iter 220 | Total-in: 0 | Non-cached: 0 | Cache-read: 0 | Cache-create: 0 | Output: 0 | Cost: $0 | Duration: 471ms | Turns: 1
[2026-04-04T02:00:26Z] Iter 225 | Total-in: 0 | Non-cached: 0 | Cache-read: 0 | Cache-create: 0 | Output: 0 | Cost: $0 | Duration: 471ms | Turns: 1
[2026-04-04T02:00:34Z] Iter 225 | Total-in: 0 | Non-cached: 0 | Cache-read:  | Cache-create:  | Output: 0 | Cost: $ | Duration: ms | Turns: 
[2026-04-04T02:00:37Z] Iter 226 | Total-in: 0 | Non-cached: 0 | Cache-read: 0 | Cache-create: 0 | Output: 0 | Cost: $0 | Duration: 514ms | Turns: 1
[] Iter 226 | No token data (result file empty or parse failed)
[] Iter 221 | No token data (result file empty or parse failed)
[] Iter 226 | No token data (result file empty or parse failed)
[2026-04-04T02:00:53Z] Iter 227 | Total-in: 0 | Non-cached: 0 | Cache-read: 0 | Cache-create: 0 | Output: 0 | Cost: $0 | Duration: 627ms | Turns: 1
[2026-04-04T02:00:58Z] Iter 222 | Total-in: 0 | Non-cached: 0 | Cache-read: 0 | Cache-create: 0 | Output: 0 | Cost: $0 | Duration: 1640ms | Turns: 1
[2026-04-04T02:00:59Z] Iter 227 | Total-in: 0 | Non-cached: 0 | Cache-read: 0 | Cache-create: 0 | Output: 0 | Cost: $0 | Duration: 1640ms | Turns: 1
[2026-04-04T02:01:04Z] Iter 227 | Total-in: 0 | Non-cached: 0 | Cache-read: 0 | Cache-create: 0 | Output: 0 | Cost: $0 | Duration: 484ms | Turns: 1
[2026-04-04T02:01:10Z] Iter 228 | Total-in: 0 | Non-cached: 0 | Cache-read: 0 | Cache-create: 0 | Output: 0 | Cost: $0 | Duration: 609ms | Turns: 1
[2026-04-04T02:01:15Z] Iter 223 | Total-in: 0 | Non-cached: 0 | Cache-read: 0 | Cache-create: 0 | Output: 0 | Cost: $0 | Duration: 486ms | Turns: 1
[2026-04-04T02:01:17Z] Iter 228 | Total-in: 0 | Non-cached: 0 | Cache-read: 0 | Cache-create: 0 | Output: 0 | Cost: $0 | Duration: 510ms | Turns: 1
[2026-04-04T02:01:21Z] Iter 228 | Total-in: 0 | Non-cached: 0 | Cache-read: 0 | Cache-create: 0 | Output: 0 | Cost: $0 | Duration: 511ms | Turns: 1
[2026-04-04T02:01:27Z] Iter 229 | Total-in: 0 | Non-cached: 0 | Cache-read: 0 | Cache-create: 0 | Output: 0 | Cost: $0 | Duration: 554ms | Turns: 1
[2026-04-04T02:01:34Z] Iter 224 | Total-in: 0 | Non-cached: 0 | Cache-read: 0 | Cache-create: 0 | Output: 0 | Cost: $0 | Duration: 502ms | Turns: 1
[2026-04-04T02:01:36Z] Iter 229 | Total-in: 0 | Non-cached: 0 | Cache-read: 0 | Cache-create: 0 | Output: 0 | Cost: $0 | Duration: 2179ms | Turns: 1
[2026-04-04T02:01:39Z] Iter 229 | Total-in: 0 | Non-cached: 0 | Cache-read: 0 | Cache-create: 0 | Output: 0 | Cost: $0 | Duration: 600ms | Turns: 1
[2026-04-04T02:01:44Z] Iter 230 | Total-in: 0 | Non-cached: 0 | Cache-read: 0 | Cache-create: 0 | Output: 0 | Cost: $0 | Duration: 554ms | Turns: 1
[] Iter 225 | No token data (result file empty or parse failed)
[2026-04-04T02:01:53Z] Iter 230 | Total-in: 0 | Non-cached: 0 | Cache-read: 0 | Cache-create: 0 | Output: 0 | Cost: $0 | Duration: 476ms | Turns: 1
[2026-04-04T02:01:56Z] Iter 230 | Total-in: 0 | Non-cached: 0 | Cache-read: 0 | Cache-create: 0 | Output: 0 | Cost: $0 | Duration: 543ms | Turns: 1
[2026-04-04T02:02:01Z] Iter 231 | Total-in: 0 | Non-cached: 0 | Cache-read: 0 | Cache-create: 0 | Output: 0 | Cost: $0 | Duration: 530ms | Turns: 1
[2026-04-04T02:02:08Z] Iter 226 | Total-in: 0 | Non-cached: 0 | Cache-read: 0 | Cache-create: 0 | Output: 0 | Cost: $0 | Duration: 552ms | Turns: 1
[2026-04-04T02:02:11Z] Iter 231 | Total-in: 0 | Non-cached: 0 | Cache-read: 0 | Cache-create: 0 | Output: 0 | Cost: $0 | Duration: 506ms | Turns: 1
[2026-04-04T02:02:14Z] Iter 231 | Total-in: 0 | Non-cached: 0 | Cache-read: 0 | Cache-create: 0 | Output: 0 | Cost: $0 | Duration: 1309ms | Turns: 1
[2026-04-04T02:02:18Z] Iter 232 | Total-in: 0 | Non-cached: 0 | Cache-read: 0 | Cache-create: 0 | Output: 0 | Cost: $0 | Duration: 497ms | Turns: 1
[2026-04-04T02:02:26Z] Iter 227 | Total-in: 0 | Non-cached:  | Cache-read:  | Cache-create:  | Output:  | Cost: $ | Duration: ms | Turns: 
[2026-04-04T02:02:28Z] Iter 232 | Total-in: 0 | Non-cached: 0 | Cache-read: 0 | Cache-create: 0 | Output: 0 | Cost: $0 | Duration: 495ms | Turns: 1
[2026-04-04T02:02:32Z] Iter 232 | Total-in: 0 | Non-cached: 0 | Cache-read: 0 | Cache-create: 0 | Output: 0 | Cost: $0 | Duration: 595ms | Turns: 1
[2026-04-04T02:02:36Z] Iter 233 | Total-in: 0 | Non-cached: 0 | Cache-read: 0 | Cache-create: 0 | Output: 0 | Cost: $0 | Duration: 720ms | Turns: 1
[2026-04-04T02:02:42Z] Iter 228 | Total-in: 0 | Non-cached: 0 | Cache-read: 0 | Cache-create: 0 | Output: 0 | Cost: $0 | Duration: 411ms | Turns: 1
[2026-04-04T02:02:43Z] Iter 233 | Total-in: 0 | Non-cached: 0 | Cache-read: 0 | Cache-create: 0 | Output: 0 | Cost: $0 | Duration: 411ms | Turns: 1
[2026-04-04T02:02:46Z] Iter 233 | Total-in: 0 | Non-cached: 0 | Cache-read: 0 | Cache-create: 0 | Output: 0 | Cost: $0 | Duration: 456ms | Turns: 1
[2026-04-04T02:02:50Z] Iter 234 | Total-in: 0 | Non-cached: 0 | Cache-read:  | Cache-create:  | Output: 0 | Cost: $ | Duration: ms | Turns: 
[2026-04-04T02:02:56Z] Iter 229 | Total-in: 0 | Non-cached: 0 | Cache-read: 0 | Cache-create: 0 | Output: 0 | Cost: $0 | Duration: 592ms | Turns: 1
[2026-04-04T02:02:57Z] Iter 234 | Total-in: 0 | Non-cached: 0 | Cache-read: 0 | Cache-create: 0 | Output: 0 | Cost: $0 | Duration: 592ms | Turns: 1
[2026-04-04T02:03:01Z] Iter 234 | Total-in: 0 | Non-cached: 0 | Cache-read: 0 | Cache-create: 0 | Output: 0 | Cost: $0 | Duration: 526ms | Turns: 1
[] Iter 235 | No token data (result file empty or parse failed)
[2026-04-04T02:03:11Z] Iter 230 | Total-in: 0 | Non-cached: 0 | Cache-read: 0 | Cache-create: 0 | Output: 0 | Cost: $0 | Duration: 412ms | Turns: 1
[2026-04-04T02:03:12Z] Iter 235 | Total-in: 0 | Non-cached: 0 | Cache-read: 0 | Cache-create: 0 | Output: 0 | Cost: $0 | Duration: 1368ms | Turns: 1
[2026-04-04T02:03:16Z] Iter 235 | Total-in: 0 | Non-cached: 0 | Cache-read: 0 | Cache-create: 0 | Output: 0 | Cost: $0 | Duration: 397ms | Turns: 1
[] Iter 236 | No token data (result file empty or parse failed)
[] Iter 231 | No token data (result file empty or parse failed)
[2026-04-04T02:03:27Z] Iter 236 | Total-in: 0 | Non-cached: 0 | Cache-read: 0 | Cache-create: 0 | Output: 0 | Cost: $0 | Duration: 514ms | Turns: 1
[2026-04-04T02:03:30Z] Iter 236 | Total-in: 0 | Non-cached: 0 | Cache-read: 0 | Cache-create: 0 | Output: 0 | Cost: $0 | Duration: 431ms | Turns: 1
[2026-04-04T02:03:35Z] Iter 237 | Total-in: 0 | Non-cached: 0 | Cache-read: 0 | Cache-create: 0 | Output: 0 | Cost: $0 | Duration: 834ms | Turns: 1
[2026-04-04T02:03:40Z] Iter 232 | Total-in: 0 | Non-cached: 0 | Cache-read: 0 | Cache-create: 0 | Output: 0 | Cost: $0 | Duration: 536ms | Turns: 1
[2026-04-04T02:03:42Z] Iter 237 | Total-in: 0 | Non-cached: 0 | Cache-read: 0 | Cache-create: 0 | Output: 0 | Cost: $0 | Duration: 427ms | Turns: 1
[2026-04-04T02:03:45Z] Iter 237 | Total-in: 0 | Non-cached: 0 | Cache-read: 0 | Cache-create: 0 | Output: 0 | Cost: $0 | Duration: 435ms | Turns: 1
[] Iter 238 | No token data (result file empty or parse failed)
[2026-04-04T02:03:55Z] Iter 233 | Total-in: 0 | Non-cached: 0 | Cache-read: 0 | Cache-create: 0 | Output: 0 | Cost: $0 | Duration: 433ms | Turns: 1
[2026-04-04T02:03:57Z] Iter 238 | Total-in: 0 | Non-cached: 0 | Cache-read: 0 | Cache-create: 0 | Output: 0 | Cost: $0 | Duration: 463ms | Turns: 1
[2026-04-04T02:03:59Z] Iter 238 | Total-in: 0 | Non-cached: 0 | Cache-read: 0 | Cache-create: 0 | Output: 0 | Cost: $0 | Duration: 479ms | Turns: 1
[2026-04-04T02:04:04Z] Iter 239 | Total-in: 0 | Non-cached: 0 | Cache-read: 0 | Cache-create: 0 | Output: 0 | Cost: $0 | Duration: 449ms | Turns: 1
[2026-04-04T02:04:10Z] Iter 234 | Total-in: 0 | Non-cached: 0 | Cache-read: 0 | Cache-create: 0 | Output: 0 | Cost: $0 | Duration: 487ms | Turns: 1
[2026-04-04T02:04:13Z] Iter 239 | Total-in: 0 | Non-cached: 0 | Cache-read: 0 | Cache-create: 0 | Output: 0 | Cost: $0 | Duration: 447ms | Turns: 1
[2026-04-04T02:04:15Z] Iter 239 | Total-in: 0 | Non-cached: 0 | Cache-read: 0 | Cache-create: 0 | Output: 0 | Cost: $0 | Duration: 580ms | Turns: 1
[2026-04-04T02:04:19Z] Iter 240 | Total-in: 0 | Non-cached: 0 | Cache-read: 0 | Cache-create: 0 | Output: 0 | Cost: $0 | Duration: 480ms | Turns: 1
[2026-04-04T02:04:24Z] Iter 235 | Total-in: 0 | Non-cached: 0 | Cache-read: 0 | Cache-create: 0 | Output: 0 | Cost: $0 | Duration: 422ms | Turns: 1
[2026-04-04T02:04:28Z] Iter 240 | Total-in: 0 | Non-cached: 0 | Cache-read: 0 | Cache-create: 0 | Output: 0 | Cost: $0 | Duration: 432ms | Turns: 1
[2026-04-04T02:04:30Z] Iter 240 | Total-in: 0 | Non-cached: 0 | Cache-read: 0 | Cache-create: 0 | Output: 0 | Cost: $0 | Duration: 405ms | Turns: 1
[2026-04-04T02:04:34Z] Iter 241 | Total-in: 0 | Non-cached: 0 | Cache-read: 0 | Cache-create: 0 | Output: 0 | Cost: $0 | Duration: 502ms | Turns: 1
[2026-04-04T02:04:40Z] Iter 236 | Total-in: 0 | Non-cached: 0 | Cache-read: 0 | Cache-create: 0 | Output: 0 | Cost: $0 | Duration: 512ms | Turns: 1
[2026-04-04T02:04:44Z] Iter 241 | Total-in: 0 | Non-cached: 0 | Cache-read: 0 | Cache-create: 0 | Output: 0 | Cost: $0 | Duration: 462ms | Turns: 1
[2026-04-04T02:04:46Z] Iter 241 | Total-in: 0 | Non-cached: 0 | Cache-read: 0 | Cache-create: 0 | Output: 0 | Cost: $0 | Duration: 526ms | Turns: 1
[2026-04-04T02:04:49Z] Iter 242 | Total-in: 0 | Non-cached: 0 | Cache-read: 0 | Cache-create: 0 | Output: 0 | Cost: $0 | Duration: 434ms | Turns: 1
[2026-04-04T02:04:55Z] Iter 237 | Total-in: 0 | Non-cached: 0 | Cache-read: 0 | Cache-create: 0 | Output: 0 | Cost: $0 | Duration: 493ms | Turns: 1
[2026-04-04T02:04:59Z] Iter 242 | Total-in: 0 | Non-cached: 0 | Cache-read: 0 | Cache-create: 0 | Output: 0 | Cost: $0 | Duration: 464ms | Turns: 1
[2026-04-04T02:05:02Z] Iter 242 | Total-in: 0 | Non-cached: 0 | Cache-read: 0 | Cache-create: 0 | Output: 0 | Cost: $0 | Duration: 645ms | Turns: 1
[2026-04-04T02:05:05Z] Iter 243 | Total-in: 0 | Non-cached: 0 | Cache-read: 0 | Cache-create: 0 | Output: 0 | Cost: $0 | Duration: 509ms | Turns: 1
[2026-04-04T02:05:11Z] Iter 238 | Total-in: 0 | Non-cached: 0 | Cache-read: 0 | Cache-create: 0 | Output: 0 | Cost: $0 | Duration: 472ms | Turns: 1
[2026-04-04T02:05:16Z] Iter 243 | Total-in: 0 | Non-cached: 0 | Cache-read: 0 | Cache-create: 0 | Output: 0 | Cost: $0 | Duration: 483ms | Turns: 1
[] Iter 243 | No token data (result file empty or parse failed)
[2026-04-04T02:05:21Z] Iter 244 | Total-in: 0 | Non-cached: 0 | Cache-read: 0 | Cache-create: 0 | Output: 0 | Cost: $0 | Duration: 534ms | Turns: 1
[2026-04-04T02:05:27Z] Iter 239 | Total-in: 0 | Non-cached: 0 | Cache-read: 0 | Cache-create: 0 | Output: 0 | Cost: $0 | Duration: 473ms | Turns: 1
[2026-04-04T02:05:33Z] Iter 244 | Total-in: 0 | Non-cached: 0 | Cache-read: 0 | Cache-create: 0 | Output: 0 | Cost: $0 | Duration: 473ms | Turns: 1
[2026-04-04T02:05:37Z] Iter 244 | Total-in: 0 | Non-cached: 0 | Cache-read: 0 | Cache-create: 0 | Output: 0 | Cost: $0 | Duration: 528ms | Turns: 1
[2026-04-04T02:05:38Z] Iter 245 | Total-in: 0 | Non-cached: 0 | Cache-read: 0 | Cache-create: 0 | Output: 0 | Cost: $0 | Duration: 528ms | Turns: 1
[2026-04-04T02:05:43Z] Iter 240 | Total-in: 0 | Non-cached: 0 | Cache-read: 0 | Cache-create: 0 | Output: 0 | Cost: $0 | Duration: 441ms | Turns: 1
[2026-04-04T02:05:50Z] Iter 245 | Total-in: 0 | Non-cached: 0 | Cache-read: 0 | Cache-create: 0 | Output: 0 | Cost: $0 | Duration: 1031ms | Turns: 1
[2026-04-04T02:05:54Z] Iter 245 | Total-in: 0 | Non-cached: 0 | Cache-read: 0 | Cache-create: 0 | Output: 0 | Cost: $0 | Duration: 483ms | Turns: 1
[2026-04-04T02:05:55Z] Iter 246 | Total-in: 0 | Non-cached: 0 | Cache-read: 0 | Cache-create: 0 | Output: 0 | Cost: $0 | Duration: 483ms | Turns: 1
[2026-04-04T02:06:00Z] Iter 241 | Total-in: 0 | Non-cached: 0 | Cache-read: 0 | Cache-create: 0 | Output: 0 | Cost: $0 | Duration: 479ms | Turns: 1
[2026-04-04T02:06:07Z] Iter 246 | Total-in: 0 | Non-cached: 0 | Cache-read: 0 | Cache-create: 0 | Output: 0 | Cost: $0 | Duration: 541ms | Turns: 1
[2026-04-04T02:06:11Z] Iter 246 | Total-in: 0 | Non-cached: 0 | Cache-read: 0 | Cache-create: 0 | Output: 0 | Cost: $0 | Duration: 540ms | Turns: 1
[2026-04-04T02:06:12Z] Iter 247 | Total-in: 0 | Non-cached: 0 | Cache-read: 0 | Cache-create: 0 | Output: 0 | Cost: $0 | Duration: 540ms | Turns: 1
[2026-04-04T02:06:17Z] Iter 242 | Total-in: 0 | Non-cached: 0 | Cache-read: 0 | Cache-create: 0 | Output: 0 | Cost: $0 | Duration: 581ms | Turns: 1
[2026-04-04T02:06:24Z] Iter 247 | Total-in: 0 | Non-cached: 0 | Cache-read: 0 | Cache-create: 0 | Output: 0 | Cost: $0 | Duration: 1667ms | Turns: 1
[2026-04-04T02:06:28Z] Iter 247 | Total-in: 0 | Non-cached: 0 | Cache-read: 0 | Cache-create: 0 | Output: 0 | Cost: $0 | Duration: 589ms | Turns: 1
[2026-04-04T02:06:29Z] Iter 248 | Total-in: 0 | Non-cached: 0 | Cache-read: 0 | Cache-create: 0 | Output: 0 | Cost: $0 | Duration: 589ms | Turns: 1
[2026-04-04T02:06:34Z] Iter 243 | Total-in: 0 | Non-cached: 0 | Cache-read: 0 | Cache-create: 0 | Output: 0 | Cost: $0 | Duration: 488ms | Turns: 1
[2026-04-04T02:06:41Z] Iter 248 | Total-in: 0 | Non-cached: 0 | Cache-read: 0 | Cache-create: 0 | Output: 0 | Cost: $0 | Duration: 597ms | Turns: 1
[2026-04-04T02:06:46Z] Iter 249 | Total-in: 0 | Non-cached: 0 | Cache-read: 0 | Cache-create: 0 | Output: 0 | Cost: $0 | Duration: 585ms | Turns: 1
[2026-04-04T02:06:47Z] Iter 248 | Total-in: 0 | Non-cached: 0 | Cache-read: 0 | Cache-create: 0 | Output: 0 | Cost: $0 | Duration: 585ms | Turns: 1
[2026-04-04T02:06:52Z] Iter 244 | Total-in: 0 | Non-cached: 0 | Cache-read: 0 | Cache-create: 0 | Output: 0 | Cost: $0 | Duration: 473ms | Turns: 1
[2026-04-04T02:06:58Z] Iter 249 | Total-in: 0 | Non-cached: 0 | Cache-read: 0 | Cache-create: 0 | Output: 0 | Cost: $0 | Duration: 541ms | Turns: 1
[2026-04-04T02:07:04Z] Iter 249 | Total-in: 0 | Non-cached: 0 | Cache-read: 0 | Cache-create: 0 | Output: 0 | Cost: $0 | Duration: 429ms | Turns: 1
[2026-04-04T02:07:04Z] Iter 250 | Total-in: 0 | Non-cached: 0 | Cache-read: 0 | Cache-create: 0 | Output: 0 | Cost: $0 | Duration: 429ms | Turns: 1
[2026-04-04T02:07:09Z] Iter 245 | Total-in: 0 | Non-cached: 0 | Cache-read: 0 | Cache-create: 0 | Output: 0 | Cost: $0 | Duration: 479ms | Turns: 1
[] Iter 250 | No token data (result file empty or parse failed)
[2026-04-04T02:07:18Z] Iter 250 | Total-in: 0 | Non-cached: 0 | Cache-read: 0 | Cache-create: 0 | Output: 0 | Cost: $0 | Duration: 700ms | Turns: 1
[2026-04-04T02:07:19Z] Iter 251 | Total-in: 0 | Non-cached:  | Cache-read:  | Cache-create:  | Output:  | Cost: $ | Duration: ms | Turns: 
[2026-04-04T02:07:23Z] Iter 246 | Total-in: 0 | Non-cached: 0 | Cache-read: 0 | Cache-create: 0 | Output: 0 | Cost: $0 | Duration: 404ms | Turns: 1
[] Iter 251 | No token data (result file empty or parse failed)
[2026-04-04T02:07:33Z] Iter 251 | Total-in: 0 | Non-cached: 0 | Cache-read: 0 | Cache-create: 0 | Output: 0 | Cost: $0 | Duration: 431ms | Turns: 1
[2026-04-04T02:07:34Z] Iter 252 | Total-in: 0 | Non-cached: 0 | Cache-read: 0 | Cache-create: 0 | Output: 0 | Cost: $0 | Duration: 512ms | Turns: 1
[2026-04-04T02:07:38Z] Iter 247 | Total-in: 0 | Non-cached: 0 | Cache-read: 0 | Cache-create: 0 | Output: 0 | Cost: $0 | Duration: 775ms | Turns: 1
[2026-04-04T02:07:41Z] Iter 252 | Total-in: 0 | Non-cached: 0 | Cache-read: 0 | Cache-create:  | Output: 0 | Cost: $ | Duration: ms | Turns: 
[2026-04-04T02:07:47Z] Iter 252 | Total-in: 0 | Non-cached: 0 | Cache-read: 0 | Cache-create: 0 | Output: 0 | Cost: $0 | Duration: 502ms | Turns: 1
[] Iter 253 | No token data (result file empty or parse failed)
[2026-04-04T02:07:53Z] Iter 248 | Total-in: 0 | Non-cached: 0 | Cache-read: 0 | Cache-create: 0 | Output: 0 | Cost: $0 | Duration: 443ms | Turns: 1
[2026-04-04T02:07:57Z] Iter 253 | Total-in: 0 | Non-cached: 0 | Cache-read: 0 | Cache-create: 0 | Output: 0 | Cost: $0 | Duration: 1528ms | Turns: 1
[2026-04-04T02:08:02Z] Iter 253 | Total-in: 0 | Non-cached: 0 | Cache-read: 0 | Cache-create: 0 | Output: 0 | Cost: $0 | Duration: 411ms | Turns: 1
[2026-04-04T02:08:03Z] Iter 254 | Total-in: 0 | Non-cached: 0 | Cache-read: 0 | Cache-create: 0 | Output: 0 | Cost: $0 | Duration: 411ms | Turns: 1
[2026-04-04T02:08:08Z] Iter 249 | Total-in: 0 | Non-cached: 0 | Cache-read: 0 | Cache-create: 0 | Output: 0 | Cost: $0 | Duration: 785ms | Turns: 1
[] Iter 254 | No token data (result file empty or parse failed)
[2026-04-04T02:08:18Z] Iter 254 | Total-in: 0 | Non-cached: 0 | Cache-read: 0 | Cache-create: 0 | Output: 0 | Cost: $0 | Duration: 506ms | Turns: 1
[] Iter 255 | No token data (result file empty or parse failed)
[2026-04-04T02:08:23Z] Iter 250 | Total-in: 0 | Non-cached: 0 | Cache-read: 0 | Cache-create: 0 | Output: 0 | Cost: $0 | Duration: 587ms | Turns: 1
[] Iter 255 | No token data (result file empty or parse failed)
[2026-04-04T02:08:33Z] Iter 256 | Total-in: 0 | Non-cached: 0 | Cache-read: 0 | Cache-create: 0 | Output: 0 | Cost: $0 | Duration: 463ms | Turns: 1
[2026-04-04T02:08:33Z] Iter 255 | Total-in: 0 | Non-cached: 0 | Cache-read: 0 | Cache-create: 0 | Output: 0 | Cost: $0 | Duration: 463ms | Turns: 
[2026-04-04T02:08:39Z] Iter 251 | Total-in: 0 | Non-cached: 0 | Cache-read: 0 | Cache-create: 0 | Output: 0 | Cost: $0 | Duration: 1124ms | Turns: 1
[2026-04-04T02:08:40Z] Iter 256 | Total-in: 0 | Non-cached: 0 | Cache-read: 0 | Cache-create: 0 | Output: 0 | Cost: $0 | Duration: 395ms | Turns: 1
[] Iter 257 | No token data (result file empty or parse failed)
[2026-04-04T02:08:50Z] Iter 256 | Total-in: 0 | Non-cached: 0 | Cache-read: 0 | Cache-create: 0 | Output: 0 | Cost: $0 | Duration: 1194ms | Turns: 1
[2026-04-04T02:08:54Z] Iter 252 | Total-in: 0 | Non-cached: 0 | Cache-read: 0 | Cache-create: 0 | Output: 0 | Cost: $0 | Duration: 483ms | Turns: 1
[] Iter 257 | No token data (result file empty or parse failed)
[] Iter 258 | No token data (result file empty or parse failed)
[2026-04-04T02:09:05Z] Iter 257 | Total-in: 0 | Non-cached: 0 | Cache-read: 0 | Cache-create: 0 | Output: 0 | Cost: $0 | Duration: 513ms | Turns: 1
[] Iter 253 | No token data (result file empty or parse failed)
[2026-04-04T02:09:10Z] Iter 258 | Total-in: 0 | Non-cached: 0 | Cache-read: 0 | Cache-create: 0 | Output: 0 | Cost: $0 | Duration: 449ms | Turns: 1
[] Iter 259 | No token data (result file empty or parse failed)
[2026-04-04T02:09:21Z] Iter 258 | Total-in: 0 | Non-cached: 0 | Cache-read: 0 | Cache-create: 0 | Output: 0 | Cost: $0 | Duration: 509ms | Turns: 1
[2026-04-04T02:09:24Z] Iter 254 | Total-in: 0 | Non-cached: 0 | Cache-read: 0 | Cache-create: 0 | Output: 0 | Cost: $0 | Duration: 431ms | Turns: 1
[2026-04-04T02:09:27Z] Iter 259 | Total-in: 0 | Non-cached: 0 | Cache-read: 0 | Cache-create: 0 | Output: 0 | Cost: $0 | Duration: 443ms | Turns: 1
[2026-04-04T02:09:31Z] Iter 260 | Total-in: 0 | Non-cached:  | Cache-read:  | Cache-create:  | Output:  | Cost: $ | Duration: ms | Turns: 
[2026-04-04T02:09:36Z] Iter 259 | Total-in: 0 | Non-cached: 0 | Cache-read: 0 | Cache-create: 0 | Output: 0 | Cost: $0 | Duration: 508ms | Turns: 1
[2026-04-04T02:09:40Z] Iter 255 | Total-in: 0 | Non-cached: 0 | Cache-read: 0 | Cache-create: 0 | Output: 0 | Cost: $0 | Duration: 447ms | Turns: 1
[2026-04-04T02:09:44Z] Iter 260 | Total-in: 0 | Non-cached: 0 | Cache-read: 0 | Cache-create: 0 | Output: 0 | Cost: $0 | Duration: 515ms | Turns: 1
[2026-04-04T02:09:47Z] Iter 261 | Total-in: 0 | Non-cached: 0 | Cache-read: 0 | Cache-create: 0 | Output: 0 | Cost: $0 | Duration: 487ms | Turns: 1
[2026-04-04T02:09:53Z] Iter 260 | Total-in: 0 | Non-cached: 0 | Cache-read: 0 | Cache-create: 0 | Output: 0 | Cost: $0 | Duration: 448ms | Turns: 1
[2026-04-04T02:09:56Z] Iter 256 | Total-in: 0 | Non-cached: 0 | Cache-read: 0 | Cache-create: 0 | Output: 0 | Cost: $0 | Duration: 609ms | Turns: 1
[2026-04-04T02:10:00Z] Iter 261 | Total-in: 0 | Non-cached: 0 | Cache-read: 0 | Cache-create: 0 | Output: 0 | Cost: $0 | Duration: 510ms | Turns: 1
[2026-04-04T02:10:04Z] Iter 262 | Total-in: 0 | Non-cached: 0 | Cache-read: 0 | Cache-create: 0 | Output: 0 | Cost: $0 | Duration: ms | Turns: 
[] Iter 261 | No token data (result file empty or parse failed)
[2026-04-04T02:10:14Z] Iter 257 | Total-in: 0 | Non-cached: 0 | Cache-read: 0 | Cache-create: 0 | Output: 0 | Cost: $0 | Duration: 1612ms | Turns: 1
[2026-04-04T02:10:17Z] Iter 262 | Total-in: 0 | Non-cached: 0 | Cache-read: 0 | Cache-create: 0 | Output: 0 | Cost: $0 | Duration: 473ms | Turns: 1
[2026-04-04T02:10:20Z] Iter 263 | Total-in: 0 | Non-cached: 0 | Cache-read: 0 | Cache-create: 0 | Output: 0 | Cost: $0 | Duration: 569ms | Turns: 1
[2026-04-04T02:10:24Z] Iter 262 | Total-in: 0 | Non-cached: 0 | Cache-read: 0 | Cache-create: 0 | Output: 0 | Cost: $0 | Duration: 580ms | Turns: 1
[2026-04-04T02:10:30Z] Iter 258 | Total-in: 0 | Non-cached: 0 | Cache-read: 0 | Cache-create: 0 | Output: 0 | Cost: $0 | Duration: 435ms | Turns: 1
[2026-04-04T02:10:34Z] Iter 263 | Total-in: 0 | Non-cached: 0 | Cache-read: 0 | Cache-create: 0 | Output: 0 | Cost: $0 | Duration: 547ms | Turns: 1
[2026-04-04T02:10:37Z] Iter 264 | Total-in: 0 | Non-cached: 0 | Cache-read: 0 | Cache-create: 0 | Output: 0 | Cost: $0 | Duration: 562ms | Turns: 1
[2026-04-04T02:10:41Z] Iter 263 | Total-in: 0 | Non-cached: 0 | Cache-read: 0 | Cache-create: 0 | Output: 0 | Cost: $0 | Duration: 506ms | Turns: 1
[2026-04-04T02:10:47Z] Iter 259 | Total-in: 0 | Non-cached: 0 | Cache-read: 0 | Cache-create: 0 | Output: 0 | Cost: $0 | Duration: 485ms | Turns: 1
[2026-04-04T02:10:51Z] Iter 264 | Total-in: 0 | Non-cached: 0 | Cache-read: 0 | Cache-create: 0 | Output: 0 | Cost: $0 | Duration: 841ms | Turns: 1
[2026-04-04T02:10:54Z] Iter 265 | Total-in: 0 | Non-cached: 0 | Cache-read: 0 | Cache-create: 0 | Output: 0 | Cost: $0 | Duration: 513ms | Turns: 1
[2026-04-04T02:10:58Z] Iter 264 | Total-in: 0 | Non-cached: 0 | Cache-read: 0 | Cache-create: 0 | Output: 0 | Cost: $0 | Duration: 489ms | Turns: 1
[2026-04-04T02:11:06Z] Iter 260 | Total-in: 0 | Non-cached: 0 | Cache-read: 0 | Cache-create: 0 | Output: 0 | Cost: $ | Duration: ms | Turns: 
[2026-04-04T02:11:08Z] Iter 265 | Total-in: 0 | Non-cached: 0 | Cache-read: 0 | Cache-create: 0 | Output: 0 | Cost: $0 | Duration: 588ms | Turns: 1
[2026-04-04T02:11:11Z] Iter 266 | Total-in: 0 | Non-cached: 0 | Cache-read: 0 | Cache-create: 0 | Output: 0 | Cost: $0 | Duration: 621ms | Turns: 1
[2026-04-04T02:11:15Z] Iter 265 | Total-in: 0 | Non-cached: 0 | Cache-read: 0 | Cache-create: 0 | Output: 0 | Cost: $0 | Duration: 445ms | Turns: 1
[2026-04-04T02:11:23Z] Iter 261 | Total-in: 0 | Non-cached: 0 | Cache-read: 0 | Cache-create: 0 | Output: 0 | Cost: $0 | Duration: 459ms | Turns: 
[2026-04-04T02:11:25Z] Iter 266 | Total-in: 0 | Non-cached: 0 | Cache-read: 0 | Cache-create: 0 | Output: 0 | Cost: $0 | Duration: 498ms | Turns: 1
[2026-04-04T02:11:29Z] Iter 267 | Total-in: 0 | Non-cached: 0 | Cache-read: 0 | Cache-create: 0 | Output: 0 | Cost: $0 | Duration: 487ms | Turns: 1
[2026-04-04T02:11:32Z] Iter 266 | Total-in: 0 | Non-cached: 0 | Cache-read: 0 | Cache-create: 0 | Output: 0 | Cost: $0 | Duration: 487ms | Turns: 1
[2026-04-04T02:11:37Z] Iter 262 | Total-in: 0 | Non-cached: 0 | Cache-read: 0 | Cache-create: 0 | Output: 0 | Cost: $0 | Duration: 716ms | Turns: 1
[2026-04-04T02:11:39Z] Iter 267 | Total-in: 0 | Non-cached: 0 | Cache-read: 0 | Cache-create: 0 | Output: 0 | Cost: $0 | Duration: 425ms | Turns: 1
[2026-04-04T02:11:43Z] Iter 268 | Total-in: 0 | Non-cached: 0 | Cache-read: 0 | Cache-create: 0 | Output: 0 | Cost: $0 | Duration: 421ms | Turns: 1
[2026-04-04T02:11:46Z] Iter 267 | Total-in: 0 | Non-cached: 0 | Cache-read: 0 | Cache-create: 0 | Output: 0 | Cost: $0 | Duration: 487ms | Turns: 1
[2026-04-04T02:11:53Z] Iter 263 | Total-in: 0 | Non-cached: 0 | Cache-read: 0 | Cache-create: 0 | Output: 0 | Cost: $0 | Duration: 479ms | Turns: 1
[2026-04-04T02:11:55Z] Iter 268 | Total-in: 0 | Non-cached: 0 | Cache-read: 0 | Cache-create: 0 | Output: 0 | Cost: $0 | Duration: 407ms | Turns: 1
[2026-04-04T02:11:58Z] Iter 269 | Total-in: 0 | Non-cached: 0 | Cache-read: 0 | Cache-create: 0 | Output: 0 | Cost: $0 | Duration: 386ms | Turns: 1
[] Iter 268 | No token data (result file empty or parse failed)
[2026-04-04T02:12:07Z] Iter 264 | Total-in: 0 | Non-cached: 0 | Cache-read: 0 | Cache-create: 0 | Output: 0 | Cost: $0 | Duration: 514ms | Turns: 1
[2026-04-04T02:12:09Z] Iter 269 | Total-in: 0 | Non-cached: 0 | Cache-read: 0 | Cache-create: 0 | Output: 0 | Cost: $0 | Duration: 436ms | Turns: 1
[2026-04-04T02:12:13Z] Iter 270 | Total-in: 0 | Non-cached: 0 | Cache-read: 0 | Cache-create: 0 | Output: 0 | Cost: $0 | Duration: 500ms | Turns: 1
[] Iter 269 | No token data (result file empty or parse failed)
[] Iter 265 | No token data (result file empty or parse failed)
[2026-04-04T02:12:23Z] Iter 270 | Total-in: 0 | Non-cached: 0 | Cache-read: 0 | Cache-create: 0 | Output: 0 | Cost: $0 | Duration: 390ms | Turns: 1
[2026-04-04T02:12:29Z] Iter 271 | Total-in: 0 | Non-cached: 0 | Cache-read: 0 | Cache-create: 0 | Output: 0 | Cost: $0 | Duration: 508ms | Turns: 1
[2026-04-04T02:12:29Z] Iter 270 | Total-in: 0 | Non-cached: 0 | Cache-read: 0 | Cache-create: 0 | Output: 0 | Cost: $0 | Duration: 508ms | Turns: 1
[2026-04-04T02:12:35Z] Iter 266 | Total-in: 0 | Non-cached: 0 | Cache-read: 0 | Cache-create: 0 | Output: 0 | Cost: $0 | Duration: 426ms | Turns: 1
[2026-04-04T02:12:38Z] Iter 271 | Total-in: 0 | Non-cached: 0 | Cache-read: 0 | Cache-create: 0 | Output: 0 | Cost: $0 | Duration: 464ms | Turns: 1
[2026-04-04T02:12:43Z] Iter 272 | Total-in: 0 | Non-cached: 0 | Cache-read: 0 | Cache-create: 0 | Output: 0 | Cost: $0 | Duration: 485ms | Turns: 1
[2026-04-04T02:12:44Z] Iter 271 | Total-in: 0 | Non-cached: 0 | Cache-read: 0 | Cache-create: 0 | Output: 0 | Cost: $0 | Duration: 485ms | Turns: 1
[2026-04-04T02:12:49Z] Iter 267 | Total-in: 0 | Non-cached: 0 | Cache-read: 0 | Cache-create: 0 | Output: 0 | Cost: $0 | Duration: 748ms | Turns: 1
[2026-04-04T02:12:53Z] Iter 272 | Total-in: 0 | Non-cached: 0 | Cache-read: 0 | Cache-create: 0 | Output: 0 | Cost: $0 | Duration: 494ms | Turns: 1
[] Iter 273 | No token data (result file empty or parse failed)
[2026-04-04T02:12:58Z] Iter 272 | Total-in: 0 | Non-cached: 0 | Cache-read: 0 | Cache-create: 0 | Output: 0 | Cost: $0 | Duration: 421ms | Turns: 1
[2026-04-04T02:13:04Z] Iter 268 | Total-in: 0 | Non-cached: 0 | Cache-read:  | Cache-create:  | Output: 0 | Cost: $ | Duration: ms | Turns: 
[] Iter 273 | No token data (result file empty or parse failed)
[2026-04-04T02:13:12Z] Iter 274 | Total-in: 0 | Non-cached: 0 | Cache-read: 0 | Cache-create: 0 | Output: 0 | Cost: $0 | Duration: 506ms | Turns: 1
[] Iter 273 | No token data (result file empty or parse failed)
[] Iter 269 | No token data (result file empty or parse failed)
[] Iter 274 | No token data (result file empty or parse failed)
[2026-04-04T02:13:28Z] Iter 275 | Total-in: 0 | Non-cached: 0 | Cache-read: 0 | Cache-create: 0 | Output: 0 | Cost: $0 | Duration: 598ms | Turns: 1
[] Iter 274 | No token data (result file empty or parse failed)
[2026-04-04T02:13:34Z] Iter 270 | Total-in: 0 | Non-cached: 0 | Cache-read: 0 | Cache-create: 0 | Output: 0 | Cost: $0 | Duration: 670ms | Turns: 1
[2026-04-04T02:13:37Z] Iter 275 | Total-in: 0 | Non-cached: 0 | Cache-read: 0 | Cache-create: 0 | Output: 0 | Cost: $0 | Duration: 464ms | Turns: 1
[2026-04-04T02:13:43Z] Iter 275 | Total-in: 0 | Non-cached: 0 | Cache-read: 0 | Cache-create: 0 | Output: 0 | Cost: $0 | Duration: 459ms | Turns: 1
[2026-04-04T02:13:44Z] Iter 276 | Total-in: 0 | Non-cached: 0 | Cache-read: 0 | Cache-create: 0 | Output: 0 | Cost: $0 | Duration: 459ms | Turns: 1
[2026-04-04T02:13:50Z] Iter 271 | Total-in: 0 | Non-cached: 0 | Cache-read: 0 | Cache-create: 0 | Output: 0 | Cost: $0 | Duration: 451ms | Turns: 1
[2026-04-04T02:13:53Z] Iter 276 | Total-in: 0 | Non-cached: 0 | Cache-read: 0 | Cache-create: 0 | Output: 0 | Cost: $0 | Duration: 446ms | Turns: 1
[2026-04-04T02:14:00Z] Iter 277 | Total-in: 0 | Non-cached: 0 | Cache-read: 0 | Cache-create: 0 | Output: 0 | Cost: $0 | Duration: 759ms | Turns: 1
[2026-04-04T02:14:01Z] Iter 276 | Total-in: 0 | Non-cached: 0 | Cache-read: 0 | Cache-create:  | Output: 0 | Cost: $ | Duration: ms | Turns: 
[2026-04-04T02:14:06Z] Iter 272 | Total-in: 0 | Non-cached: 0 | Cache-read: 0 | Cache-create: 0 | Output: 0 | Cost: $0 | Duration: 585ms | Turns: 1
[2026-04-04T02:14:09Z] Iter 277 | Total-in: 0 | Non-cached: 0 | Cache-read: 0 | Cache-create: 0 | Output: 0 | Cost: $0 | Duration: 486ms | Turns: 1
[2026-04-04T02:14:16Z] Iter 278 | Total-in: 0 | Non-cached: 0 | Cache-read: 0 | Cache-create: 0 | Output: 0 | Cost: $0 | Duration: 551ms | Turns: 1
[2026-04-04T02:14:17Z] Iter 277 | Total-in: 0 | Non-cached: 0 | Cache-read: 0 | Cache-create: 0 | Output: 0 | Cost: $0 | Duration: 551ms | Turns: 1
[2026-04-04T02:14:22Z] Iter 273 | Total-in: 0 | Non-cached: 0 | Cache-read: 0 | Cache-create: 0 | Output: 0 | Cost: $0 | Duration: 566ms | Turns: 1
[] Iter 278 | No token data (result file empty or parse failed)
[2026-04-04T02:14:32Z] Iter 279 | Total-in: 0 | Non-cached: 0 | Cache-read: 0 | Cache-create: 0 | Output: 0 | Cost: $0 | Duration: 522ms | Turns: 1
[] Iter 278 | No token data (result file empty or parse failed)
[2026-04-04T02:14:38Z] Iter 274 | Total-in: 0 | Non-cached: 0 | Cache-read: 0 | Cache-create: 0 | Output: 0 | Cost: $0 | Duration: 475ms | Turns: 1
[2026-04-04T02:14:41Z] Iter 279 | Total-in: 0 | Non-cached: 0 | Cache-read: 0 | Cache-create: 0 | Output: 0 | Cost: $0 | Duration: 510ms | Turns: 1
[2026-04-04T02:14:49Z] Iter 280 | Total-in: 0 | Non-cached: 0 | Cache-read: 0 | Cache-create:  | Output: 0 | Cost: $ | Duration: ms | Turns: 
[2026-04-04T02:14:49Z] Iter 279 | Total-in: 0 | Non-cached:  | Cache-read:  | Cache-create:  | Output:  | Cost: $ | Duration: ms | Turns: 
[2026-04-04T02:14:55Z] Iter 275 | Total-in: 0 | Non-cached: 0 | Cache-read: 0 | Cache-create: 0 | Output: 0 | Cost: $0 | Duration: 445ms | Turns: 1
[2026-04-04T02:14:58Z] Iter 280 | Total-in: 0 | Non-cached: 0 | Cache-read: 0 | Cache-create: 0 | Output: 0 | Cost: $0 | Duration: 451ms | Turns: 1
[2026-04-04T02:15:06Z] Iter 280 | Total-in: 0 | Non-cached:  | Cache-read:  | Cache-create:  | Output:  | Cost: $ | Duration: ms | Turns: 
[2026-04-04T02:15:08Z] Iter 281 | Total-in: 0 | Non-cached: 0 | Cache-read: 0 | Cache-create: 0 | Output: 0 | Cost: $0 | Duration: 1596ms | Turns: 1
[2026-04-04T02:15:12Z] Iter 276 | Total-in: 0 | Non-cached: 0 | Cache-read: 0 | Cache-create: 0 | Output: 0 | Cost: $0 | Duration: 513ms | Turns: 1
[] Iter 281 | No token data (result file empty or parse failed)
[2026-04-04T02:15:23Z] Iter 281 | Total-in: 0 | Non-cached: 0 | Cache-read: 0 | Cache-create: 0 | Output: 0 | Cost: $0 | Duration: 486ms | Turns: 1
[2026-04-04T02:15:25Z] Iter 282 | Total-in: 0 | Non-cached: 0 | Cache-read: 0 | Cache-create: 0 | Output: 0 | Cost: $0 | Duration: 508ms | Turns: 1
[2026-04-04T02:15:30Z] Iter 277 | Total-in: 0 | Non-cached: 0 | Cache-read: 0 | Cache-create: 0 | Output: 0 | Cost: $0 | Duration: 462ms | Turns: 1
[] Iter 282 | No token data (result file empty or parse failed)
[2026-04-04T02:15:40Z] Iter 282 | Total-in: 0 | Non-cached: 0 | Cache-read: 0 | Cache-create: 0 | Output: 0 | Cost: $0 | Duration: 639ms | Turns: 1
[2026-04-04T02:15:43Z] Iter 283 | Total-in: 0 | Non-cached: 0 | Cache-read: 0 | Cache-create: 0 | Output: 0 | Cost: $0 | Duration: 480ms | Turns: 1
[2026-04-04T02:15:47Z] Iter 278 | Total-in: 0 | Non-cached: 0 | Cache-read: 0 | Cache-create: 0 | Output: 0 | Cost: $0 | Duration: 508ms | Turns: 1
[2026-04-04T02:15:48Z] Iter 283 | Total-in: 0 | Non-cached: 0 | Cache-read: 0 | Cache-create: 0 | Output: 0 | Cost: $0 | Duration: 508ms | Turns: 1
[2026-04-04T02:15:56Z] Iter 283 | Total-in: 0 | Non-cached: 0 | Cache-read: 0 | Cache-create: 0 | Output: 0 | Cost: $0 | Duration: 485ms | Turns: 1
[2026-04-04T02:16:00Z] Iter 284 | Total-in: 0 | Non-cached: 0 | Cache-read: 0 | Cache-create: 0 | Output: 0 | Cost: $0 | Duration: 431ms | Turns: 1
[2026-04-04T02:16:02Z] Iter 279 | Total-in: 0 | Non-cached: 0 | Cache-read: 0 | Cache-create: 0 | Output: 0 | Cost: $0 | Duration: 468ms | Turns: 1
[2026-04-04T02:16:02Z] Iter 284 | Total-in: 0 | Non-cached: 0 | Cache-read: 0 | Cache-create: 0 | Output: 0 | Cost: $0 | Duration: 468ms | Turns: 1
[] Iter 284 | No token data (result file empty or parse failed)
[2026-04-04T02:16:13Z] Iter 285 | Total-in: 0 | Non-cached: 0 | Cache-read: 0 | Cache-create: 0 | Output: 0 | Cost: $0 | Duration: 467ms | Turns: 1
[2026-04-04T02:16:16Z] Iter 280 | Total-in: 0 | Non-cached: 0 | Cache-read: 0 | Cache-create: 0 | Output: 0 | Cost: $0 | Duration: 398ms | Turns: 1
[2026-04-04T02:16:17Z] Iter 285 | Total-in: 0 | Non-cached: 0 | Cache-read: 0 | Cache-create: 0 | Output: 0 | Cost: $0 | Duration: 398ms | Turns: 1
[] Iter 285 | No token data (result file empty or parse failed)
[2026-04-04T02:16:28Z] Iter 286 | Total-in: 0 | Non-cached: 0 | Cache-read: 0 | Cache-create: 0 | Output: 0 | Cost: $0 | Duration: 505ms | Turns: 1
[2026-04-04T02:16:31Z] Iter 286 | Total-in: 0 | Non-cached: 0 | Cache-read: 0 | Cache-create: 0 | Output: 0 | Cost: $0 | Duration: 532ms | Turns: 1
[2026-04-04T02:16:31Z] Iter 281 | Total-in: 0 | Non-cached: 0 | Cache-read: 0 | Cache-create: 0 | Output: 0 | Cost: $0 | Duration: 532ms | Turns: 1
[2026-04-04T02:16:39Z] Iter 286 | Total-in: 0 | Non-cached: 0 | Cache-read: 0 | Cache-create: 0 | Output: 0 | Cost: $0 | Duration: 468ms | Turns: 1
[2026-04-04T02:16:43Z] Iter 287 | Total-in: 0 | Non-cached: 0 | Cache-read: 0 | Cache-create: 0 | Output: 0 | Cost: $0 | Duration: 551ms | Turns: 1
[2026-04-04T02:16:46Z] Iter 287 | Total-in: 0 | Non-cached: 0 | Cache-read:  | Cache-create:  | Output: 0 | Cost: $ | Duration: ms | Turns: 
[2026-04-04T02:16:47Z] Iter 282 | Total-in: 0 | Non-cached: 0 | Cache-read: 0 | Cache-create: 0 | Output: 0 | Cost: $0 | Duration: 525ms | Turns: 1
[2026-04-04T02:16:53Z] Iter 287 | Total-in: 0 | Non-cached: 0 | Cache-read: 0 | Cache-create: 0 | Output: 0 | Cost: $0 | Duration: 506ms | Turns: 1
[2026-04-04T02:16:57Z] Iter 288 | Total-in: 0 | Non-cached: 0 | Cache-read: 0 | Cache-create: 0 | Output: 0 | Cost: $0 | Duration: 435ms | Turns: 1
[2026-04-04T02:17:02Z] Iter 288 | Total-in: 0 | Non-cached: 0 | Cache-read: 0 | Cache-create: 0 | Output: 0 | Cost: $0 | Duration: 1280ms | Turns: 1
[2026-04-04T02:17:03Z] Iter 283 | Total-in: 0 | Non-cached: 0 | Cache-read: 0 | Cache-create: 0 | Output: 0 | Cost: $0 | Duration: 425ms | Turns: 1
[2026-04-04T02:17:08Z] Iter 288 | Total-in: 0 | Non-cached: 0 | Cache-read: 0 | Cache-create: 0 | Output: 0 | Cost: $0 | Duration: 418ms | Turns: 1
[2026-04-04T02:17:12Z] Iter 289 | Total-in: 0 | Non-cached: 0 | Cache-read: 0 | Cache-create: 0 | Output: 0 | Cost: $0 | Duration: 390ms | Turns: 1
[2026-04-04T02:17:17Z] Iter 289 | Total-in: 0 | Non-cached: 0 | Cache-read: 0 | Cache-create: 0 | Output: 0 | Cost: $0 | Duration: 482ms | Turns: 1
[2026-04-04T02:17:18Z] Iter 284 | Total-in: 0 | Non-cached: 0 | Cache-read: 0 | Cache-create: 0 | Output: 0 | Cost: $0 | Duration: 545ms | Turns: 1
[2026-04-04T02:17:23Z] Iter 289 | Total-in: 0 | Non-cached: 0 | Cache-read: 0 | Cache-create: 0 | Output: 0 | Cost: $0 | Duration: 446ms | Turns: 1
[] Iter 290 | No token data (result file empty or parse failed)
[2026-04-04T02:17:31Z] Iter 290 | Total-in: 0 | Non-cached: 0 | Cache-read: 0 | Cache-create: 0 | Output: 0 | Cost: $0 | Duration: 426ms | Turns: 1
[2026-04-04T02:17:32Z] Iter 285 | Total-in: 0 | Non-cached: 0 | Cache-read: 0 | Cache-create: 0 | Output: 0 | Cost: $0 | Duration: 451ms | Turns: 1
[2026-04-04T02:17:37Z] Iter 290 | Total-in: 0 | Non-cached: 0 | Cache-read: 0 | Cache-create: 0 | Output: 0 | Cost: $0 | Duration: 532ms | Turns: 1
[] Iter 291 | No token data (result file empty or parse failed)
[2026-04-04T02:17:46Z] Iter 291 | Total-in: 0 | Non-cached: 0 | Cache-read: 0 | Cache-create: 0 | Output: 0 | Cost: $0 | Duration: 492ms | Turns: 1
[2026-04-04T02:17:47Z] Iter 286 | Total-in: 0 | Non-cached: 0 | Cache-read: 0 | Cache-create: 0 | Output: 0 | Cost: $ | Duration: ms | Turns: 
[2026-04-04T02:17:53Z] Iter 291 | Total-in: 0 | Non-cached: 0 | Cache-read: 0 | Cache-create: 0 | Output: 0 | Cost: $0 | Duration: 443ms | Turns: 1
[2026-04-04T02:17:55Z] Iter 292 | Total-in: 0 | Non-cached: 0 | Cache-read:  | Cache-create:  | Output:  | Cost: $ | Duration: ms | Turns: 
[2026-04-04T02:18:02Z] Iter 292 | Total-in: 0 | Non-cached: 0 | Cache-read: 0 | Cache-create: 0 | Output: 0 | Cost: $0 | Duration: 442ms | Turns: 1
[] Iter 287 | No token data (result file empty or parse failed)
[2026-04-04T02:18:09Z] Iter 292 | Total-in: 0 | Non-cached: 0 | Cache-read: 0 | Cache-create: 0 | Output: 0 | Cost: $0 | Duration: 1517ms | Turns: 1
[] Iter 293 | No token data (result file empty or parse failed)
[2026-04-04T02:18:17Z] Iter 293 | Total-in: 0 | Non-cached: 0 | Cache-read:  | Cache-create:  | Output:  | Cost: $0 | Duration: 455ms | Turns: 1
[2026-04-04T02:18:18Z] Iter 288 | Total-in: 0 | Non-cached: 0 | Cache-read: 0 | Cache-create: 0 | Output: 0 | Cost: $0 | Duration: 455ms | Turns: 1
[] Iter 293 | No token data (result file empty or parse failed)
[] Iter 294 | No token data (result file empty or parse failed)
[2026-04-04T02:18:34Z] Iter 294 | Total-in: 0 | Non-cached: 0 | Cache-read: 0 | Cache-create: 0 | Output: 0 | Cost: $0 | Duration: 773ms | Turns: 1
[2026-04-04T02:18:35Z] Iter 289 | Total-in: 0 | Non-cached: 0 | Cache-read: 0 | Cache-create: 0 | Output: 0 | Cost: $0 | Duration: 773ms | Turns: 1
[2026-04-04T02:18:41Z] Iter 294 | Total-in: 0 | Non-cached: 0 | Cache-read: 0 | Cache-create: 0 | Output: 0 | Cost: $0 | Duration: 434ms | Turns: 1
[2026-04-04T02:18:41Z] Iter 295 | Total-in: 0 | Non-cached: 0 | Cache-read: 0 | Cache-create: 0 | Output: 0 | Cost: $0 | Duration: 434ms | Turns: 1
[2026-04-04T02:18:50Z] Iter 295 | Total-in: 0 | Non-cached: 0 | Cache-read: 0 | Cache-create: 0 | Output: 0 | Cost: $0 | Duration: 445ms | Turns: 1
[2026-04-04T02:18:51Z] Iter 290 | Total-in: 0 | Non-cached: 0 | Cache-read: 0 | Cache-create: 0 | Output: 0 | Cost: $0 | Duration: 445ms | Turns: 1
[2026-04-04T02:18:58Z] Iter 296 | Total-in: 0 | Non-cached: 0 | Cache-read: 0 | Cache-create: 0 | Output: 0 | Cost: $0 | Duration: 457ms | Turns: 1
[] Iter 295 | No token data (result file empty or parse failed)
[] Iter 296 | No token data (result file empty or parse failed)
[2026-04-04T02:19:08Z] Iter 291 | Total-in: 0 | Non-cached: 0 | Cache-read: 0 | Cache-create: 0 | Output: 0 | Cost: $0 | Duration: 493ms | Turns: 1
[2026-04-04T02:19:14Z] Iter 297 | Total-in: 0 | Non-cached: 0 | Cache-read: 0 | Cache-create: 0 | Output: 0 | Cost: $0 | Duration: 555ms | Turns: 1
[2026-04-04T02:19:15Z] Iter 296 | Total-in: 0 | Non-cached: 0 | Cache-read: 0 | Cache-create: 0 | Output: 0 | Cost: $0 | Duration: 555ms | Turns: 1
[2026-04-04T02:19:22Z] Iter 297 | Total-in: 0 | Non-cached: 0 | Cache-read:  | Cache-create:  | Output:  | Cost: $ | Duration: ms | Turns: 
[2026-04-04T02:19:25Z] Iter 292 | Total-in: 0 | Non-cached: 0 | Cache-read: 0 | Cache-create: 0 | Output: 0 | Cost: $0 | Duration: 1330ms | Turns: 1
[2026-04-04T02:19:31Z] Iter 298 | Total-in: 0 | Non-cached: 0 | Cache-read: 0 | Cache-create: 0 | Output: 0 | Cost: $0 | Duration: 569ms | Turns: 1
[2026-04-04T02:19:33Z] Iter 297 | Total-in: 0 | Non-cached: 0 | Cache-read: 0 | Cache-create: 0 | Output: 0 | Cost: $0 | Duration: ms | Turns: 
[2026-04-04T02:19:39Z] Iter 298 | Total-in: 0 | Non-cached: 0 | Cache-read: 0 | Cache-create: 0 | Output: 0 | Cost: $ | Duration: ms | Turns: 
[2026-04-04T02:19:42Z] Iter 293 | Total-in: 0 | Non-cached: 0 | Cache-read: 0 | Cache-create: 0 | Output: 0 | Cost: $0 | Duration: 495ms | Turns: 1
[2026-04-04T02:19:48Z] Iter 299 | Total-in: 0 | Non-cached: 0 | Cache-read: 0 | Cache-create: 0 | Output: 0 | Cost: $0 | Duration: 485ms | Turns: 1
[2026-04-04T02:19:50Z] Iter 298 | Total-in: 0 | Non-cached: 0 | Cache-read: 0 | Cache-create:  | Output: 0 | Cost: $ | Duration: ms | Turns: 
[2026-04-04T02:19:56Z] Iter 299 | Total-in: 0 | Non-cached:  | Cache-read:  | Cache-create:  | Output:  | Cost: $ | Duration: ms | Turns: 
[2026-04-04T02:20:01Z] Iter 294 | Total-in: 0 | Non-cached: 0 | Cache-read: 0 | Cache-create: 0 | Output: 0 | Cost: $0 | Duration: 866ms | Turns: 1
[2026-04-04T02:20:06Z] Iter 300 | Total-in: 0 | Non-cached: 0 | Cache-read: 0 | Cache-create: 0 | Output: 0 | Cost: $0 | Duration: 451ms | Turns: 1
[2026-04-04T02:20:08Z] Iter 299 | Total-in: 0 | Non-cached: 0 | Cache-read: 0 | Cache-create: 0 | Output: 0 | Cost: $0 | Duration: 438ms | Turns: 
[2026-04-04T02:20:13Z] Iter 300 | Total-in: 0 | Non-cached: 0 | Cache-read: 0 | Cache-create: 0 | Output: 0 | Cost: $0 | Duration: 1532ms | Turns: 1
[2026-04-04T02:20:18Z] Iter 295 | Total-in: 0 | Non-cached: 0 | Cache-read: 0 | Cache-create: 0 | Output: 0 | Cost: $0 | Duration: 509ms | Turns: 1
[2026-04-04T02:20:24Z] Iter 301 | Total-in: 0 | Non-cached: 0 | Cache-read: 0 | Cache-create: 0 | Output: 0 | Cost: $0 | Duration: 1633ms | Turns: 1
[2026-04-04T02:20:25Z] Iter 300 | Total-in: 0 | Non-cached: 0 | Cache-read: 0 | Cache-create: 0 | Output: 0 | Cost: $0 | Duration: ms | Turns: 
[2026-04-04T02:20:30Z] Iter 301 | Total-in: 0 | Non-cached: 0 | Cache-read: 0 | Cache-create: 0 | Output: 0 | Cost: $0 | Duration: 450ms | Turns: 1
[2026-04-04T02:20:33Z] Iter 296 | Total-in: 0 | Non-cached: 0 | Cache-read:  | Cache-create:  | Output: 0 | Cost: $ | Duration: ms | Turns: 
[] Iter 302 | No token data (result file empty or parse failed)
[2026-04-04T02:20:40Z] Iter 301 | Total-in: 0 | Non-cached: 0 | Cache-read: 0 | Cache-create: 0 | Output: 0 | Cost: $0 | Duration: 405ms | Turns: 1
[2026-04-04T02:20:44Z] Iter 302 | Total-in: 0 | Non-cached: 0 | Cache-read: 0 | Cache-create: 0 | Output: 0 | Cost: $0 | Duration: 442ms | Turns: 1
[2026-04-04T02:20:47Z] Iter 297 | Total-in: 0 | Non-cached: 0 | Cache-read: 0 | Cache-create: 0 | Output: 0 | Cost: $0 | Duration: 487ms | Turns: 1
[2026-04-04T02:20:52Z] Iter 303 | Total-in: 0 | Non-cached: 0 | Cache-read: 0 | Cache-create: 0 | Output: 0 | Cost: $0 | Duration: 386ms | Turns: 1
[2026-04-04T02:20:55Z] Iter 302 | Total-in: 0 | Non-cached: 0 | Cache-read: 0 | Cache-create: 0 | Output: 0 | Cost: $0 | Duration: 475ms | Turns: 1
[2026-04-04T02:20:58Z] Iter 303 | Total-in: 0 | Non-cached: 0 | Cache-read: 0 | Cache-create: 0 | Output: 0 | Cost: $0 | Duration: 434ms | Turns: 1
[] Iter 298 | No token data (result file empty or parse failed)
[2026-04-04T02:21:06Z] Iter 304 | Total-in: 0 | Non-cached: 0 | Cache-read: 0 | Cache-create: 0 | Output: 0 | Cost: $0 | Duration: 636ms | Turns: 1
[2026-04-04T02:21:09Z] Iter 303 | Total-in: 0 | Non-cached: 0 | Cache-read: 0 | Cache-create: 0 | Output: 0 | Cost: $0 | Duration: 435ms | Turns: 1
[2026-04-04T02:21:13Z] Iter 304 | Total-in: 0 | Non-cached: 0 | Cache-read: 0 | Cache-create: 0 | Output: 0 | Cost: $0 | Duration: 831ms | Turns: 1
[2026-04-04T02:21:16Z] Iter 299 | Total-in: 0 | Non-cached: 0 | Cache-read: 0 | Cache-create: 0 | Output: 0 | Cost: $0 | Duration: 483ms | Turns: 1
[2026-04-04T02:21:21Z] Iter 305 | Total-in: 0 | Non-cached: 0 | Cache-read: 0 | Cache-create: 0 | Output: 0 | Cost: $0 | Duration: ms | Turns: 
[2026-04-04T02:21:23Z] Iter 304 | Total-in: 0 | Non-cached: 0 | Cache-read: 0 | Cache-create: 0 | Output: 0 | Cost: $0 | Duration: 415ms | Turns: 1
[2026-04-04T02:21:27Z] Iter 305 | Total-in: 0 | Non-cached: 0 | Cache-read: 0 | Cache-create: 0 | Output: 0 | Cost: $0 | Duration: 416ms | Turns: 1
[2026-04-04T02:21:31Z] Iter 300 | Total-in: 0 | Non-cached: 0 | Cache-read: 0 | Cache-create:  | Output: 0 | Cost: $ | Duration: ms | Turns: 
[] Iter 306 | No token data (result file empty or parse failed)
[2026-04-04T02:21:38Z] Iter 305 | Total-in: 0 | Non-cached: 0 | Cache-read: 0 | Cache-create: 0 | Output: 0 | Cost: $0 | Duration: 482ms | Turns: 1
[] Iter 306 | No token data (result file empty or parse failed)
[] Iter 301 | No token data (result file empty or parse failed)
[2026-04-04T02:21:50Z] Iter 307 | Total-in: 0 | Non-cached: 0 | Cache-read: 0 | Cache-create: 0 | Output: 0 | Cost: $0 | Duration: 448ms | Turns: 1
[2026-04-04T02:21:53Z] Iter 306 | Total-in: 0 | Non-cached: 0 | Cache-read: 0 | Cache-create: 0 | Output: 0 | Cost: $0 | Duration: 541ms | Turns: 1
[2026-04-04T02:21:59Z] Iter 307 | Total-in: 0 | Non-cached: 0 | Cache-read: 0 | Cache-create: 0 | Output: 0 | Cost: $0 | Duration: 1990ms | Turns: 1
[2026-04-04T02:22:00Z] Iter 302 | Total-in: 0 | Non-cached: 0 | Cache-read: 0 | Cache-create: 0 | Output: 0 | Cost: $0 | Duration: 509ms | Turns: 1
[2026-04-04T02:22:05Z] Iter 308 | Total-in: 0 | Non-cached: 0 | Cache-read: 0 | Cache-create: 0 | Output: 0 | Cost: $0 | Duration: 502ms | Turns: 1
[2026-04-04T02:22:08Z] Iter 307 | Total-in: 0 | Non-cached: 0 | Cache-read:  | Cache-create:  | Output:  | Cost: $ | Duration: ms | Turns: 
[] Iter 303 | No token data (result file empty or parse failed)
[2026-04-04T02:22:16Z] Iter 308 | Total-in: 0 | Non-cached:  | Cache-read:  | Cache-create:  | Output:  | Cost: $ | Duration: ms | Turns: 
[2026-04-04T02:22:19Z] Iter 309 | Total-in: 0 | Non-cached: 0 | Cache-read: 0 | Cache-create: 0 | Output: 0 | Cost: $0 | Duration: 424ms | Turns: 1
[2026-04-04T02:22:25Z] Iter 308 | Total-in: 0 | Non-cached: 0 | Cache-read: 0 | Cache-create: 0 | Output: 0 | Cost: $0 | Duration: 527ms | Turns: 1
[2026-04-04T02:22:30Z] Iter 304 | Total-in: 0 | Non-cached: 0 | Cache-read: 0 | Cache-create: 0 | Output: 0 | Cost: $0 | Duration: 431ms | Turns: 1
[2026-04-04T02:22:31Z] Iter 309 | Total-in: 0 | Non-cached: 0 | Cache-read: 0 | Cache-create: 0 | Output: 0 | Cost: $0 | Duration: 431ms | Turns: 1
[2026-04-04T02:22:35Z] Iter 310 | Total-in: 0 | Non-cached: 0 | Cache-read: 0 | Cache-create: 0 | Output: 0 | Cost: $0 | Duration: 492ms | Turns: 1
[2026-04-04T02:22:40Z] Iter 309 | Total-in: 0 | Non-cached: 0 | Cache-read: 0 | Cache-create: 0 | Output: 0 | Cost: $0 | Duration: 457ms | Turns: 1
[2026-04-04T02:22:47Z] Iter 305 | Total-in: 0 | Non-cached: 0 | Cache-read: 0 | Cache-create: 0 | Output: 0 | Cost: $0 | Duration: 1494ms | Turns: 1
[] Iter 310 | No token data (result file empty or parse failed)
[2026-04-04T02:22:51Z] Iter 311 | Total-in: 0 | Non-cached: 0 | Cache-read: 0 | Cache-create: 0 | Output: 0 | Cost: $0 | Duration: 552ms | Turns: 1
[] Iter 310 | No token data (result file empty or parse failed)
[] Iter 311 | No token data (result file empty or parse failed)
[] Iter 306 | No token data (result file empty or parse failed)
[2026-04-04T02:23:07Z] Iter 312 | Total-in: 0 | Non-cached: 0 | Cache-read: 0 | Cache-create: 0 | Output: 0 | Cost: $0 | Duration: 720ms | Turns: 1
[] Iter 311 | No token data (result file empty or parse failed)
[] Iter 312 | No token data (result file empty or parse failed)
[2026-04-04T02:23:18Z] Iter 307 | Total-in: 0 | Non-cached: 0 | Cache-read: 0 | Cache-create: 0 | Output: 0 | Cost: $0 | Duration: 452ms | Turns: 1
[2026-04-04T02:23:23Z] Iter 313 | Total-in: 0 | Non-cached: 0 | Cache-read: 0 | Cache-create: 0 | Output: 0 | Cost: $0 | Duration: 430ms | Turns: 1
[] Iter 312 | No token data (result file empty or parse failed)
[] Iter 313 | No token data (result file empty or parse failed)
[2026-04-04T02:23:36Z] Iter 308 | Total-in: 0 | Non-cached: 0 | Cache-read: 0 | Cache-create: 0 | Output: 0 | Cost: $0 | Duration: 572ms | Turns: 1
[2026-04-04T02:23:39Z] Iter 314 | Total-in: 0 | Non-cached: 0 | Cache-read: 0 | Cache-create: 0 | Output: 0 | Cost: $0 | Duration: 480ms | Turns: 1
[2026-04-04T02:23:40Z] Iter 313 | Total-in: 0 | Non-cached: 0 | Cache-read: 0 | Cache-create: 0 | Output: 0 | Cost: $0 | Duration: 636ms | Turns: 1
[2026-04-04T02:23:47Z] Iter 314 | Total-in: 0 | Non-cached: 0 | Cache-read: 0 | Cache-create: 0 | Output: 0 | Cost: $0 | Duration: 571ms | Turns: 1
[2026-04-04T02:23:54Z] Iter 309 | Total-in: 0 | Non-cached: 0 | Cache-read: 0 | Cache-create: 0 | Output: 0 | Cost: $0 | Duration: 433ms | Turns: 1
[] Iter 315 | No token data (result file empty or parse failed)
[2026-04-04T02:23:57Z] Iter 314 | Total-in: 0 | Non-cached: 0 | Cache-read: 0 | Cache-create: 0 | Output: 0 | Cost: $0 | Duration: 883ms | Turns: 1
[2026-04-04T02:24:04Z] Iter 315 | Total-in: 0 | Non-cached: 0 | Cache-read: 0 | Cache-create: 0 | Output: 0 | Cost: $0 | Duration: 845ms | Turns: 1
[2026-04-04T02:24:10Z] Iter 310 | Total-in: 0 | Non-cached: 0 | Cache-read: 0 | Cache-create: 0 | Output: 0 | Cost: $0 | Duration: 476ms | Turns: 1
[2026-04-04T02:24:12Z] Iter 316 | Total-in: 0 | Non-cached: 0 | Cache-read: 0 | Cache-create: 0 | Output: 0 | Cost: $0 | Duration: 502ms | Turns: 
[2026-04-04T02:24:14Z] Iter 315 | Total-in: 0 | Non-cached: 0 | Cache-read: 0 | Cache-create: 0 | Output: 0 | Cost: $0 | Duration: 450ms | Turns: 1
[2026-04-04T02:24:20Z] Iter 316 | Total-in: 0 | Non-cached: 0 | Cache-read: 0 | Cache-create: 0 | Output: 0 | Cost: $0 | Duration: 531ms | Turns: 1
[2026-04-04T02:24:27Z] Iter 311 | Total-in: 0 | Non-cached: 0 | Cache-read: 0 | Cache-create: 0 | Output: 0 | Cost: $0 | Duration: 459ms | Turns: 1
[2026-04-04T02:24:28Z] Iter 317 | Total-in: 0 | Non-cached: 0 | Cache-read: 0 | Cache-create: 0 | Output: 0 | Cost: $0 | Duration: 459ms | Turns: 
[2026-04-04T02:24:31Z] Iter 316 | Total-in: 0 | Non-cached: 0 | Cache-read: 0 | Cache-create: 0 | Output: 0 | Cost: $0 | Duration: 613ms | Turns: 1
[2026-04-04T02:24:37Z] Iter 317 | Total-in: 0 | Non-cached: 0 | Cache-read: 0 | Cache-create: 0 | Output: 0 | Cost: $0 | Duration: 469ms | Turns: 1
[2026-04-04T02:24:44Z] Iter 312 | Total-in: 0 | Non-cached: 0 | Cache-read: 0 | Cache-create: 0 | Output: 0 | Cost: $0 | Duration: 490ms | Turns: 1
[2026-04-04T02:24:46Z] Iter 318 | Total-in: 0 | Non-cached: 0 | Cache-read: 0 | Cache-create: 0 | Output: 0 | Cost: $0 | Duration: 536ms | Turns: 1
[2026-04-04T02:24:48Z] Iter 317 | Total-in: 0 | Non-cached: 0 | Cache-read: 0 | Cache-create: 0 | Output: 0 | Cost: $0 | Duration: 618ms | Turns: 1
[2026-04-04T02:24:53Z] Iter 318 | Total-in: 0 | Non-cached: 0 | Cache-read: 0 | Cache-create: 0 | Output: 0 | Cost: $0 | Duration: 492ms | Turns: 1
[2026-04-04T02:25:01Z] Iter 313 | Total-in: 0 | Non-cached:  | Cache-read:  | Cache-create:  | Output:  | Cost: $ | Duration: ms | Turns: 
[2026-04-04T02:25:04Z] Iter 319 | Total-in: 0 | Non-cached: 0 | Cache-read: 0 | Cache-create: 0 | Output: 0 | Cost: $0 | Duration: 482ms | Turns: 1
[2026-04-04T02:25:07Z] Iter 318 | Total-in: 0 | Non-cached: 0 | Cache-read: 0 | Cache-create: 0 | Output: 0 | Cost: $0 | Duration: 1791ms | Turns: 1
[2026-04-04T02:25:10Z] Iter 319 | Total-in: 0 | Non-cached: 0 | Cache-read: 0 | Cache-create: 0 | Output: 0 | Cost: $0 | Duration: 502ms | Turns: 1
[2026-04-04T02:25:17Z] Iter 314 | Total-in: 0 | Non-cached: 0 | Cache-read: 0 | Cache-create: 0 | Output: 0 | Cost: $0 | Duration: 523ms | Turns: 1
[] Iter 320 | No token data (result file empty or parse failed)
[2026-04-04T02:25:21Z] Iter 319 | Total-in: 0 | Non-cached: 0 | Cache-read: 0 | Cache-create: 0 | Output: 0 | Cost: $0 | Duration: 444ms | Turns: 1
[2026-04-04T02:25:25Z] Iter 320 | Total-in: 0 | Non-cached: 0 | Cache-read: 0 | Cache-create: 0 | Output: 0 | Cost: $0 | Duration: 431ms | Turns: 1
[2026-04-04T02:25:32Z] Iter 315 | Total-in: 0 | Non-cached: 0 | Cache-read: 0 | Cache-create: 0 | Output: 0 | Cost: $0 | Duration: ms | Turns: 
[2026-04-04T02:25:33Z] Iter 321 | Total-in: 0 | Non-cached: 0 | Cache-read: 0 | Cache-create: 0 | Output: 0 | Cost: $0 | Duration: 534ms | Turns: 1
[2026-04-04T02:25:36Z] Iter 320 | Total-in: 0 | Non-cached: 0 | Cache-read: 0 | Cache-create: 0 | Output: 0 | Cost: $0 | Duration: 426ms | Turns: 1
[2026-04-04T02:25:40Z] Iter 321 | Total-in: 0 | Non-cached: 0 | Cache-read:  | Cache-create:  | Output: 0 | Cost: $ | Duration: ms | Turns: 
[2026-04-04T02:25:47Z] Iter 316 | Total-in: 0 | Non-cached: 0 | Cache-read: 0 | Cache-create: 0 | Output: 0 | Cost: $0 | Duration: 509ms | Turns: 1
[2026-04-04T02:25:48Z] Iter 322 | Total-in: 0 | Non-cached: 0 | Cache-read: 0 | Cache-create: 0 | Output: 0 | Cost: $0 | Duration: 691ms | Turns: 1
[2026-04-04T02:25:51Z] Iter 321 | Total-in: 0 | Non-cached: 0 | Cache-read: 0 | Cache-create: 0 | Output: 0 | Cost: $0 | Duration: 507ms | Turns: 1
[] Iter 322 | No token data (result file empty or parse failed)
[2026-04-04T02:26:01Z] Iter 317 | Total-in: 0 | Non-cached: 0 | Cache-read: 0 | Cache-create: 0 | Output: 0 | Cost: $0 | Duration: 475ms | Turns: 1
[2026-04-04T02:26:03Z] Iter 323 | Total-in: 0 | Non-cached: 0 | Cache-read: 0 | Cache-create: 0 | Output: 0 | Cost: $0 | Duration: 405ms | Turns: 1
[2026-04-04T02:26:06Z] Iter 322 | Total-in: 0 | Non-cached: 0 | Cache-read: 0 | Cache-create: 0 | Output: 0 | Cost: $0 | Duration: 426ms | Turns: 1
[2026-04-04T02:26:10Z] Iter 323 | Total-in: 0 | Non-cached: 0 | Cache-read: 0 | Cache-create: 0 | Output: 0 | Cost: $0 | Duration: 429ms | Turns: 1
[2026-04-04T02:26:15Z] Iter 318 | Total-in: 0 | Non-cached: 0 | Cache-read: 0 | Cache-create: 0 | Output: 0 | Cost: $0 | Duration: 511ms | Turns: 1
[] Iter 324 | No token data (result file empty or parse failed)
[2026-04-04T02:26:22Z] Iter 323 | Total-in: 0 | Non-cached: 0 | Cache-read: 0 | Cache-create: 0 | Output: 0 | Cost: $0 | Duration: 1543ms | Turns: 1
[2026-04-04T02:26:24Z] Iter 324 | Total-in: 0 | Non-cached: 0 | Cache-read: 0 | Cache-create: 0 | Output: 0 | Cost: $0 | Duration: 441ms | Turns: 1
[] Iter 319 | No token data (result file empty or parse failed)
[2026-04-04T02:26:33Z] Iter 325 | Total-in: 0 | Non-cached: 0 | Cache-read: 0 | Cache-create: 0 | Output: 0 | Cost: $0 | Duration: 446ms | Turns: 1
[2026-04-04T02:26:37Z] Iter 324 | Total-in: 0 | Non-cached:  | Cache-read:  | Cache-create:  | Output:  | Cost: $ | Duration: ms | Turns: 
[2026-04-04T02:26:39Z] Iter 325 | Total-in: 0 | Non-cached: 0 | Cache-read: 0 | Cache-create: 0 | Output: 0 | Cost: $0 | Duration: 448ms | Turns: 1
[2026-04-04T02:26:44Z] Iter 320 | Total-in: 0 | Non-cached: 0 | Cache-read: 0 | Cache-create: 0 | Output: 0 | Cost: $0 | Duration: 414ms | Turns: 1
[2026-04-04T02:26:48Z] Iter 326 | Total-in: 0 | Non-cached: 0 | Cache-read: 0 | Cache-create: 0 | Output: 0 | Cost: $0 | Duration: 530ms | Turns: 1
[] Iter 325 | No token data (result file empty or parse failed)
[2026-04-04T02:26:54Z] Iter 326 | Total-in: 0 | Non-cached: 0 | Cache-read: 0 | Cache-create: 0 | Output: 0 | Cost: $0 | Duration: 441ms | Turns: 1
[2026-04-04T02:27:01Z] Iter 321 | Total-in: 0 | Non-cached: 0 | Cache-read: 0 | Cache-create: 0 | Output: 0 | Cost: $0 | Duration: 498ms | Turns: 1
[2026-04-04T02:27:04Z] Iter 327 | Total-in: 0 | Non-cached: 0 | Cache-read: 0 | Cache-create: 0 | Output: 0 | Cost: $0 | Duration: 559ms | Turns: 1
[2026-04-04T02:27:07Z] Iter 326 | Total-in: 0 | Non-cached: 0 | Cache-read: 0 | Cache-create: 0 | Output: 0 | Cost: $0 | Duration: 589ms | Turns: 1
[2026-04-04T02:27:10Z] Iter 327 | Total-in: 0 | Non-cached: 0 | Cache-read: 0 | Cache-create: 0 | Output: 0 | Cost: $0 | Duration: 413ms | Turns: 1
[2026-04-04T02:27:16Z] Iter 322 | Total-in: 0 | Non-cached: 0 | Cache-read: 0 | Cache-create: 0 | Output: 0 | Cost: $0 | Duration: 539ms | Turns: 1
[2026-04-04T02:27:21Z] Iter 328 | Total-in: 0 | Non-cached: 0 | Cache-read: 0 | Cache-create: 0 | Output: 0 | Cost: $0 | Duration: 1514ms | Turns: 1
[2026-04-04T02:27:23Z] Iter 327 | Total-in: 0 | Non-cached: 0 | Cache-read: 0 | Cache-create: 0 | Output: 0 | Cost: $0 | Duration: 425ms | Turns: 1
[2026-04-04T02:27:25Z] Iter 328 | Total-in: 0 | Non-cached: 0 | Cache-read: 0 | Cache-create: 0 | Output: 0 | Cost: $0 | Duration: 438ms | Turns: 1
[2026-04-04T02:27:32Z] Iter 323 | Total-in: 0 | Non-cached: 0 | Cache-read: 0 | Cache-create: 0 | Output: 0 | Cost: $0 | Duration: 560ms | Turns: 1
[2026-04-04T02:27:36Z] Iter 329 | Total-in: 0 | Non-cached: 0 | Cache-read: 0 | Cache-create: 0 | Output: 0 | Cost: $0 | Duration: 480ms | Turns: 1
[2026-04-04T02:27:39Z] Iter 328 | Total-in: 0 | Non-cached: 0 | Cache-read: 0 | Cache-create: 0 | Output: 0 | Cost: $0 | Duration: 614ms | Turns: 1
[2026-04-04T02:27:41Z] Iter 329 | Total-in: 0 | Non-cached: 0 | Cache-read: 0 | Cache-create: 0 | Output: 0 | Cost: $0 | Duration: 612ms | Turns: 1
[] Iter 324 | No token data (result file empty or parse failed)
[2026-04-04T02:27:53Z] Iter 330 | Total-in: 0 | Non-cached: 0 | Cache-read: 0 | Cache-create: 0 | Output: 0 | Cost: $0 | Duration: 547ms | Turns: 1
[2026-04-04T02:27:55Z] Iter 329 | Total-in: 0 | Non-cached: 0 | Cache-read: 0 | Cache-create: 0 | Output: 0 | Cost: $0 | Duration: 550ms | Turns: 1
[2026-04-04T02:27:59Z] Iter 330 | Total-in: 0 | Non-cached: 0 | Cache-read: 0 | Cache-create: 0 | Output: 0 | Cost: $0 | Duration: 588ms | Turns: 1
[2026-04-04T02:28:03Z] Iter 325 | Total-in: 0 | Non-cached: 0 | Cache-read: 0 | Cache-create: 0 | Output: 0 | Cost: $ | Duration: ms | Turns: 
[2026-04-04T02:28:10Z] Iter 331 | Total-in: 0 | Non-cached: 0 | Cache-read: 0 | Cache-create: 0 | Output: 0 | Cost: $0 | Duration: 508ms | Turns: 1
[2026-04-04T02:28:12Z] Iter 330 | Total-in: 0 | Non-cached: 0 | Cache-read: 0 | Cache-create: 0 | Output: 0 | Cost: $0 | Duration: 579ms | Turns: 1
[2026-04-04T02:28:16Z] Iter 331 | Total-in: 0 | Non-cached: 0 | Cache-read: 0 | Cache-create: 0 | Output: 0 | Cost: $0 | Duration: 544ms | Turns: 1
[2026-04-04T02:28:20Z] Iter 326 | Total-in: 0 | Non-cached: 0 | Cache-read: 0 | Cache-create: 0 | Output: 0 | Cost: $0 | Duration: 598ms | Turns: 1
[2026-04-04T02:28:29Z] Iter 332 | Total-in: 0 | Non-cached: 0 | Cache-read: 0 | Cache-create: 0 | Output: 0 | Cost: $0 | Duration: 560ms | Turns: 1
[2026-04-04T02:28:29Z] Iter 331 | Total-in: 0 | Non-cached: 0 | Cache-read: 0 | Cache-create: 0 | Output: 0 | Cost: $0 | Duration: 560ms | Turns: 1
[2026-04-04T02:28:34Z] Iter 332 | Total-in: 0 | Non-cached: 0 | Cache-read: 0 | Cache-create: 0 | Output: 0 | Cost: $0 | Duration: 493ms | Turns: 1
[] Iter 327 | No token data (result file empty or parse failed)
[2026-04-04T02:28:47Z] Iter 332 | Total-in: 0 | Non-cached: 0 | Cache-read: 0 | Cache-create: 0 | Output: 0 | Cost: $0 | Duration: 505ms | Turns: 1
[2026-04-04T02:28:48Z] Iter 333 | Total-in: 0 | Non-cached: 0 | Cache-read: 0 | Cache-create: 0 | Output: 0 | Cost: $0 | Duration: 505ms | Turns: 1
[2026-04-04T02:28:52Z] Iter 333 | Total-in: 0 | Non-cached: 0 | Cache-read: 0 | Cache-create: 0 | Output: 0 | Cost: $0 | Duration: 538ms | Turns: 1
[2026-04-04T02:28:54Z] Iter 328 | Total-in: 0 | Non-cached: 0 | Cache-read: 0 | Cache-create: 0 | Output: 0 | Cost: $0 | Duration: 662ms | Turns: 1
[2026-04-04T02:29:05Z] Iter 333 | Total-in: 0 | Non-cached: 0 | Cache-read: 0 | Cache-create: 0 | Output: 0 | Cost: $0 | Duration: 514ms | Turns: 1
[2026-04-04T02:29:05Z] Iter 334 | Total-in: 0 | Non-cached: 0 | Cache-read: 0 | Cache-create: 0 | Output: 0 | Cost: $0 | Duration: 514ms | Turns: 1
[2026-04-04T02:29:10Z] Iter 334 | Total-in: 0 | Non-cached: 0 | Cache-read: 0 | Cache-create: 0 | Output: 0 | Cost: $0 | Duration: 689ms | Turns: 1
[] Iter 329 | No token data (result file empty or parse failed)
[2026-04-04T02:29:22Z] Iter 335 | Total-in: 0 | Non-cached: 0 | Cache-read: 0 | Cache-create: 0 | Output: 0 | Cost: $0 | Duration: 576ms | Turns: 1
[2026-04-04T02:29:23Z] Iter 334 | Total-in: 0 | Non-cached: 0 | Cache-read: 0 | Cache-create: 0 | Output: 0 | Cost: $0 | Duration: 576ms | Turns: 1
[2026-04-04T02:29:27Z] Iter 335 | Total-in: 0 | Non-cached: 0 | Cache-read: 0 | Cache-create: 0 | Output: 0 | Cost: $0 | Duration: 512ms | Turns: 1
[2026-04-04T02:29:30Z] Iter 330 | Total-in: 0 | Non-cached: 0 | Cache-read: 0 | Cache-create: 0 | Output: 0 | Cost: $0 | Duration: 2171ms | Turns: 1
[2026-04-04T02:29:38Z] Iter 336 | Total-in: 0 | Non-cached: 0 | Cache-read: 0 | Cache-create: 0 | Output: 0 | Cost: $0 | Duration: 451ms | Turns: 1
[2026-04-04T02:29:39Z] Iter 335 | Total-in: 0 | Non-cached: 0 | Cache-read: 0 | Cache-create: 0 | Output: 0 | Cost: $0 | Duration: 451ms | Turns: 1
[2026-04-04T02:29:41Z] Iter 336 | Total-in: 0 | Non-cached: 0 | Cache-read: 0 | Cache-create: 0 | Output: 0 | Cost: $0 | Duration: 442ms | Turns: 1
[2026-04-04T02:29:44Z] Iter 331 | Total-in: 0 | Non-cached: 0 | Cache-read: 0 | Cache-create: 0 | Output: 0 | Cost: $0 | Duration: 534ms | Turns: 1
[2026-04-04T02:29:53Z] Iter 337 | Total-in: 0 | Non-cached: 0 | Cache-read: 0 | Cache-create: 0 | Output: 0 | Cost: $0 | Duration: 458ms | Turns: 1
[2026-04-04T02:29:54Z] Iter 336 | Total-in: 0 | Non-cached: 0 | Cache-read: 0 | Cache-create: 0 | Output: 0 | Cost: $0 | Duration: 458ms | Turns: 1
[2026-04-04T02:29:56Z] Iter 337 | Total-in: 0 | Non-cached: 0 | Cache-read: 0 | Cache-create: 0 | Output: 0 | Cost: $0 | Duration: 420ms | Turns: 1
[2026-04-04T02:29:59Z] Iter 332 | Total-in: 0 | Non-cached: 0 | Cache-read: 0 | Cache-create: 0 | Output: 0 | Cost: $0 | Duration: 609ms | Turns: 1
[2026-04-04T02:30:08Z] Iter 338 | Total-in: 0 | Non-cached: 0 | Cache-read: 0 | Cache-create: 0 | Output: 0 | Cost: $0 | Duration: 460ms | Turns: 1
[2026-04-04T02:30:09Z] Iter 337 | Total-in: 0 | Non-cached: 0 | Cache-read: 0 | Cache-create: 0 | Output: 0 | Cost: $0 | Duration: 442ms | Turns: 1
[2026-04-04T02:30:11Z] Iter 338 | Total-in: 0 | Non-cached: 0 | Cache-read: 0 | Cache-create: 0 | Output: 0 | Cost: $0 | Duration: 456ms | Turns: 1
[2026-04-04T02:30:14Z] Iter 333 | Total-in: 0 | Non-cached: 0 | Cache-read: 0 | Cache-create: 0 | Output: 0 | Cost: $0 | Duration: 1563ms | Turns: 1
[] Iter 339 | No token data (result file empty or parse failed)
[2026-04-04T02:30:24Z] Iter 338 | Total-in: 0 | Non-cached: 0 | Cache-read: 0 | Cache-create: 0 | Output: 0 | Cost: $0 | Duration: 521ms | Turns: 1
[2026-04-04T02:30:26Z] Iter 339 | Total-in: 0 | Non-cached: 0 | Cache-read: 0 | Cache-create: 0 | Output: 0 | Cost: $0 | Duration: 643ms | Turns: 1
[2026-04-04T02:30:29Z] Iter 334 | Total-in: 0 | Non-cached: 0 | Cache-read: 0 | Cache-create: 0 | Output: 0 | Cost: $0 | Duration: 456ms | Turns: 1
[] Iter 340 | No token data (result file empty or parse failed)
[2026-04-04T02:30:40Z] Iter 339 | Total-in: 0 | Non-cached: 0 | Cache-read: 0 | Cache-create: 0 | Output: 0 | Cost: $0 | Duration: 1076ms | Turns: 1
[2026-04-04T02:30:41Z] Iter 340 | Total-in: 0 | Non-cached: 0 | Cache-read: 0 | Cache-create: 0 | Output: 0 | Cost: $0 | Duration: 436ms | Turns: 1
[2026-04-04T02:30:43Z] Iter 335 | Total-in: 0 | Non-cached: 0 | Cache-read: 0 | Cache-create: 0 | Output: 0 | Cost: $0 | Duration: 416ms | Turns: 1
[] Iter 341 | No token data (result file empty or parse failed)
[2026-04-04T02:30:50Z] Iter 341 | Total-in: 0 | Non-cached: 0 | Cache-read: 0 | Cache-create: 0 | Output: 0 | Cost: $0 | Duration: 598ms | Turns: 1
[2026-04-04T02:30:54Z] Iter 340 | Total-in: 0 | Non-cached: 0 | Cache-read: 0 | Cache-create: 0 | Output: 0 | Cost: $0 | Duration: 428ms | Turns: 1
[2026-04-04T02:30:58Z] Iter 336 | Total-in: 0 | Non-cached: 0 | Cache-read: 0 | Cache-create: 0 | Output: 0 | Cost: $0 | Duration: 395ms | Turns: 1
[2026-04-04T02:31:02Z] Iter 342 | Total-in: 0 | Non-cached: 0 | Cache-read: 0 | Cache-create: 0 | Output: 0 | Cost: $0 | Duration: 433ms | Turns: 1
[] Iter 342 | No token data (result file empty or parse failed)
[2026-04-04T02:31:10Z] Iter 341 | Total-in: 0 | Non-cached:  | Cache-read:  | Cache-create:  | Output:  | Cost: $ | Duration: ms | Turns: 
[2026-04-04T02:31:12Z] Iter 337 | Total-in: 0 | Non-cached: 0 | Cache-read: 0 | Cache-create: 0 | Output: 0 | Cost: $0 | Duration: ms | Turns: 
[2026-04-04T02:31:17Z] Iter 343 | Total-in: 0 | Non-cached: 0 | Cache-read: 0 | Cache-create: 0 | Output: 0 | Cost: $0 | Duration: 405ms | Turns: 1
[2026-04-04T02:31:20Z] Iter 343 | Total-in: 0 | Non-cached: 0 | Cache-read: 0 | Cache-create: 0 | Output: 0 | Cost: $0 | Duration: 590ms | Turns: 1
[] Iter 342 | No token data (result file empty or parse failed)
[] Iter 338 | No token data (result file empty or parse failed)
[] Iter 344 | No token data (result file empty or parse failed)
[2026-04-04T02:31:36Z] Iter 344 | Total-in: 0 | Non-cached: 0 | Cache-read: 0 | Cache-create: 0 | Output: 0 | Cost: $0 | Duration: 459ms | Turns: 1
[] Iter 343 | No token data (result file empty or parse failed)
[2026-04-04T02:31:43Z] Iter 339 | Total-in: 0 | Non-cached: 0 | Cache-read: 0 | Cache-create: 0 | Output: 0 | Cost: $0 | Duration: 560ms | Turns: 1
[2026-04-04T02:31:47Z] Iter 345 | Total-in: 0 | Non-cached: 0 | Cache-read: 0 | Cache-create: 0 | Output: 0 | Cost: $0 | Duration: 557ms | Turns: 1
[] Iter 345 | No token data (result file empty or parse failed)
[2026-04-04T02:31:54Z] Iter 344 | Total-in: 0 | Non-cached: 0 | Cache-read: 0 | Cache-create: 0 | Output: 0 | Cost: $0 | Duration: 597ms | Turns: 1
[] Iter 340 | No token data (result file empty or parse failed)
[2026-04-04T02:32:03Z] Iter 346 | Total-in: 0 | Non-cached: 0 | Cache-read: 0 | Cache-create: 0 | Output: 0 | Cost: $0 | Duration: 488ms | Turns: 1
[] Iter 346 | No token data (result file empty or parse failed)
[] Iter 345 | No token data (result file empty or parse failed)
[] Iter 341 | No token data (result file empty or parse failed)
[2026-04-04T02:32:20Z] Iter 347 | Total-in: 0 | Non-cached: 0 | Cache-read: 0 | Cache-create: 0 | Output: 0 | Cost: $0 | Duration: 446ms | Turns: 1
[2026-04-04T02:32:22Z] Iter 347 | Total-in: 0 | Non-cached: 0 | Cache-read: 0 | Cache-create: 0 | Output: 0 | Cost: $0 | Duration: 477ms | Turns: 1
[2026-04-04T02:32:27Z] Iter 346 | Total-in: 0 | Non-cached: 0 | Cache-read: 0 | Cache-create: 0 | Output: 0 | Cost: $0 | Duration: 452ms | Turns: 1
[2026-04-04T02:32:30Z] Iter 342 | Total-in: 0 | Non-cached: 0 | Cache-read: 0 | Cache-create: 0 | Output: 0 | Cost: $0 | Duration: 473ms | Turns: 
[2026-04-04T02:32:36Z] Iter 348 | Total-in: 0 | Non-cached: 0 | Cache-read: 0 | Cache-create: 0 | Output: 0 | Cost: $0 | Duration: 650ms | Turns: 1
[2026-04-04T02:32:39Z] Iter 348 | Total-in: 0 | Non-cached: 0 | Cache-read: 0 | Cache-create: 0 | Output: 0 | Cost: $0 | Duration: 585ms | Turns: 1
[] Iter 347 | No token data (result file empty or parse failed)
[2026-04-04T02:32:46Z] Iter 343 | Total-in: 0 | Non-cached: 0 | Cache-read: 0 | Cache-create: 0 | Output: 0 | Cost: $0 | Duration: 459ms | Turns: 1
[2026-04-04T02:32:53Z] Iter 349 | Total-in: 0 | Non-cached: 0 | Cache-read: 0 | Cache-create: 0 | Output: 0 | Cost: $0 | Duration: 543ms | Turns: 1
[2026-04-04T02:32:56Z] Iter 349 | Total-in: 0 | Non-cached: 0 | Cache-read: 0 | Cache-create: 0 | Output: 0 | Cost: $0 | Duration: 601ms | Turns: 1
[] Iter 348 | No token data (result file empty or parse failed)
[2026-04-04T02:33:03Z] Iter 344 | Total-in: 0 | Non-cached: 0 | Cache-read: 0 | Cache-create: 0 | Output: 0 | Cost: $0 | Duration: 477ms | Turns: 1
[2026-04-04T02:33:10Z] Iter 350 | Total-in: 0 | Non-cached: 0 | Cache-read: 0 | Cache-create: 0 | Output: 0 | Cost: $0 | Duration: 497ms | Turns: 1
[2026-04-04T02:33:13Z] Iter 350 | Total-in: 0 | Non-cached: 0 | Cache-read: 0 | Cache-create: 0 | Output: 0 | Cost: $0 | Duration: 520ms | Turns: 1
[2026-04-04T02:33:18Z] Iter 349 | Total-in: 0 | Non-cached:  | Cache-read:  | Cache-create:  | Output:  | Cost: $ | Duration: ms | Turns: 
[2026-04-04T02:33:21Z] Iter 345 | Total-in: 0 | Non-cached: 0 | Cache-read: 0 | Cache-create: 0 | Output: 0 | Cost: $0 | Duration: 603ms | Turns: 1
[2026-04-04T02:33:27Z] Iter 351 | Total-in: 0 | Non-cached: 0 | Cache-read: 0 | Cache-create: 0 | Output: 0 | Cost: $0 | Duration: 629ms | Turns: 1
[2026-04-04T02:33:30Z] Iter 351 | Total-in: 0 | Non-cached: 0 | Cache-read: 0 | Cache-create: 0 | Output: 0 | Cost: $0 | Duration: 548ms | Turns: 1
[2026-04-04T02:33:35Z] Iter 350 | Total-in: 0 | Non-cached: 0 | Cache-read: 0 | Cache-create: 0 | Output: 0 | Cost: $0 | Duration: 594ms | Turns: 1
[2026-04-04T02:33:40Z] Iter 346 | Total-in: 0 | Non-cached: 0 | Cache-read: 0 | Cache-create: 0 | Output: 0 | Cost: $0 | Duration: 1319ms | Turns: 1
[2026-04-04T02:33:44Z] Iter 352 | Total-in: 0 | Non-cached: 0 | Cache-read: 0 | Cache-create: 0 | Output: 0 | Cost: $0 | Duration: 462ms | Turns: 1
[2026-04-04T02:33:47Z] Iter 352 | Total-in: 0 | Non-cached: 0 | Cache-read: 0 | Cache-create:  | Output: 0 | Cost: $ | Duration: ms | Turns: 
[2026-04-04T02:33:52Z] Iter 351 | Total-in: 0 | Non-cached: 0 | Cache-read:  | Cache-create:  | Output:  | Cost: $ | Duration: ms | Turns: 
[2026-04-04T02:33:56Z] Iter 347 | Total-in: 0 | Non-cached: 0 | Cache-read: 0 | Cache-create: 0 | Output: 0 | Cost: $0 | Duration: 637ms | Turns: 1
[] Iter 353 | No token data (result file empty or parse failed)
[2026-04-04T02:34:03Z] Iter 353 | Total-in: 0 | Non-cached: 0 | Cache-read: 0 | Cache-create: 0 | Output: 0 | Cost: $0 | Duration: 490ms | Turns: 1
[2026-04-04T02:34:06Z] Iter 352 | Total-in: 0 | Non-cached: 0 | Cache-read: 0 | Cache-create: 0 | Output: 0 | Cost: $0 | Duration: 493ms | Turns: 1
[] Iter 348 | No token data (result file empty or parse failed)
[] Iter 354 | No token data (result file empty or parse failed)
[2026-04-04T02:34:17Z] Iter 354 | Total-in: 0 | Non-cached: 0 | Cache-read: 0 | Cache-create: 0 | Output: 0 | Cost: $0 | Duration: 502ms | Turns: 1
[2026-04-04T02:34:22Z] Iter 353 | Total-in: 0 | Non-cached: 0 | Cache-read: 0 | Cache-create: 0 | Output: 0 | Cost: $0 | Duration: 404ms | Turns: 1
[2026-04-04T02:34:24Z] Iter 349 | Total-in: 0 | Non-cached: 0 | Cache-read: 0 | Cache-create: 0 | Output: 0 | Cost: $0 | Duration: 490ms | Turns: 1
[2026-04-04T02:34:27Z] Iter 355 | Total-in: 0 | Non-cached: 0 | Cache-read: 0 | Cache-create: 0 | Output: 0 | Cost: $0 | Duration: 420ms | Turns: 1
[2026-04-04T02:34:32Z] Iter 355 | Total-in: 0 | Non-cached: 0 | Cache-read: 0 | Cache-create: 0 | Output: 0 | Cost: $0 | Duration: 511ms | Turns: 
[2026-04-04T02:34:36Z] Iter 354 | Total-in: 0 | Non-cached: 0 | Cache-read: 0 | Cache-create: 0 | Output: 0 | Cost: $0 | Duration: 429ms | Turns: 1
[2026-04-04T02:34:41Z] Iter 350 | Total-in: 0 | Non-cached: 0 | Cache-read: 0 | Cache-create: 0 | Output: 0 | Cost: $0 | Duration: 429ms | Turns: 1
[] Iter 356 | No token data (result file empty or parse failed)
[2026-04-04T02:34:46Z] Iter 356 | Total-in: 0 | Non-cached: 0 | Cache-read: 0 | Cache-create: 0 | Output: 0 | Cost: $0 | Duration: 509ms | Turns: 1
[2026-04-04T02:34:50Z] Iter 355 | Total-in: 0 | Non-cached: 0 | Cache-read: 0 | Cache-create: 0 | Output: 0 | Cost: $0 | Duration: 392ms | Turns: 1
[2026-04-04T02:34:55Z] Iter 351 | Total-in: 0 | Non-cached: 0 | Cache-read: 0 | Cache-create: 0 | Output: 0 | Cost: $0 | Duration: 425ms | Turns: 1
[] Iter 357 | No token data (result file empty or parse failed)
[2026-04-04T02:35:01Z] Iter 357 | Total-in: 0 | Non-cached: 0 | Cache-read: 0 | Cache-create: 0 | Output: 0 | Cost: $0 | Duration: 577ms | Turns: 1
[2026-04-04T02:35:05Z] Iter 356 | Total-in: 0 | Non-cached: 0 | Cache-read: 0 | Cache-create: 0 | Output: 0 | Cost: $0 | Duration: 467ms | Turns: 1
[] Iter 352 | No token data (result file empty or parse failed)
[] Iter 358 | No token data (result file empty or parse failed)
[] Iter 358 | No token data (result file empty or parse failed)
[2026-04-04T02:35:19Z] Iter 357 | Total-in: 0 | Non-cached: 0 | Cache-read: 0 | Cache-create: 0 | Output: 0 | Cost: $0 | Duration: 436ms | Turns: 1
[2026-04-04T02:35:23Z] Iter 353 | Total-in: 0 | Non-cached: 0 | Cache-read: 0 | Cache-create: 0 | Output: 0 | Cost: $0 | Duration: 495ms | Turns: 1
[] Iter 359 | No token data (result file empty or parse failed)
[2026-04-04T02:35:30Z] Iter 359 | Total-in: 0 | Non-cached: 0 | Cache-read: 0 | Cache-create:  | Output: 0 | Cost: $ | Duration: ms | Turns: 
[2026-04-04T02:35:33Z] Iter 358 | Total-in: 0 | Non-cached: 0 | Cache-read: 0 | Cache-create: 0 | Output: 0 | Cost: $0 | Duration: 379ms | Turns: 1
[2026-04-04T02:35:37Z] Iter 354 | Total-in: 0 | Non-cached: 0 | Cache-read: 0 | Cache-create: 0 | Output: 0 | Cost: $0 | Duration: 408ms | Turns: 1
[2026-04-04T02:35:41Z] Iter 360 | Total-in: 0 | Non-cached: 0 | Cache-read: 0 | Cache-create: 0 | Output: 0 | Cost: $0 | Duration: 443ms | Turns: 1
[2026-04-04T02:35:46Z] Iter 360 | Total-in: 0 | Non-cached: 0 | Cache-read: 0 | Cache-create: 0 | Output: 0 | Cost: $0 | Duration: 500ms | Turns: 1
[] Iter 359 | No token data (result file empty or parse failed)
[2026-04-04T02:35:53Z] Iter 355 | Total-in: 0 | Non-cached: 0 | Cache-read: 0 | Cache-create: 0 | Output: 0 | Cost: $0 | Duration: 1030ms | Turns: 1
[2026-04-04T02:35:55Z] Iter 361 | Total-in: 0 | Non-cached: 0 | Cache-read:  | Cache-create:  | Output: 0 | Cost: $ | Duration: ms | Turns: 
[2026-04-04T02:36:02Z] Iter 361 | Total-in: 0 | Non-cached: 0 | Cache-read: 0 | Cache-create: 0 | Output: 0 | Cost: $0 | Duration: 412ms | Turns: 1
[2026-04-04T02:36:03Z] Iter 360 | Total-in: 0 | Non-cached: 0 | Cache-read: 0 | Cache-create: 0 | Output: 0 | Cost: $0 | Duration: ms | Turns: 
[2026-04-04T02:36:09Z] Iter 356 | Total-in: 0 | Non-cached: 0 | Cache-read: 0 | Cache-create: 0 | Output: 0 | Cost: $0 | Duration: 470ms | Turns: 1
[] Iter 362 | No token data (result file empty or parse failed)
[2026-04-04T02:36:18Z] Iter 362 | Total-in: 0 | Non-cached: 0 | Cache-read: 0 | Cache-create: 0 | Output: 0 | Cost: $0 | Duration: 432ms | Turns: 1
[2026-04-04T02:36:19Z] Iter 361 | Total-in: 0 | Non-cached: 0 | Cache-read:  | Cache-create:  | Output:  | Cost: $ | Duration: ms | Turns: 
[2026-04-04T02:36:24Z] Iter 357 | Total-in: 0 | Non-cached: 0 | Cache-read: 0 | Cache-create: 0 | Output: 0 | Cost: $0 | Duration: 522ms | Turns: 1
[] Iter 363 | No token data (result file empty or parse failed)
[] Iter 362 | No token data (result file empty or parse failed)
[2026-04-04T02:36:34Z] Iter 363 | Total-in: 0 | Non-cached:  | Cache-read:  | Cache-create:  | Output:  | Cost: $ | Duration: ms | Turns: 
[2026-04-04T02:36:40Z] Iter 358 | Total-in: 0 | Non-cached: 0 | Cache-read: 0 | Cache-create: 0 | Output: 0 | Cost: $0 | Duration: 434ms | Turns: 1
[2026-04-04T02:36:41Z] Iter 364 | Total-in: 0 | Non-cached:  | Cache-read:  | Cache-create:  | Output:  | Cost: $ | Duration: ms | Turns: 
[2026-04-04T02:36:49Z] Iter 363 | Total-in: 0 | Non-cached: 0 | Cache-read: 0 | Cache-create: 0 | Output: 0 | Cost: $0 | Duration: 472ms | Turns: 1
[2026-04-04T02:36:50Z] Iter 364 | Total-in: 0 | Non-cached: 0 | Cache-read: 0 | Cache-create: 0 | Output: 0 | Cost: $0 | Duration: 472ms | Turns: 1
[2026-04-04T02:36:57Z] Iter 359 | Total-in: 0 | Non-cached: 0 | Cache-read: 0 | Cache-create: 0 | Output: 0 | Cost: $0 | Duration: 561ms | Turns: 1
[] Iter 365 | No token data (result file empty or parse failed)
[2026-04-04T02:37:06Z] Iter 365 | Total-in: 0 | Non-cached: 0 | Cache-read: 0 | Cache-create: 0 | Output: 0 | Cost: $0 | Duration: 1577ms | Turns: 1
[2026-04-04T02:37:06Z] Iter 364 | Total-in: 0 | Non-cached: 0 | Cache-read: 0 | Cache-create: 0 | Output: 0 | Cost: $0 | Duration: 1577ms | Turns: 1
[2026-04-04T02:37:13Z] Iter 360 | Total-in: 0 | Non-cached: 0 | Cache-read: 0 | Cache-create: 0 | Output: 0 | Cost: $0 | Duration: 451ms | Turns: 1
[2026-04-04T02:37:13Z] Iter 366 | Total-in: 0 | Non-cached: 0 | Cache-read: 0 | Cache-create: 0 | Output: 0 | Cost: $0 | Duration: 451ms | Turns: 1
[2026-04-04T02:37:22Z] Iter 366 | Total-in: 0 | Non-cached: 0 | Cache-read: 0 | Cache-create: 0 | Output: 0 | Cost: $0 | Duration: 600ms | Turns: 1
[2026-04-04T02:37:23Z] Iter 365 | Total-in: 0 | Non-cached: 0 | Cache-read: 0 | Cache-create: 0 | Output: 0 | Cost: $0 | Duration: 600ms | Turns: 1
[2026-04-04T02:37:30Z] Iter 361 | Total-in: 0 | Non-cached: 0 | Cache-read: 0 | Cache-create: 0 | Output: 0 | Cost: $0 | Duration: 1630ms | Turns: 1
[2026-04-04T02:37:30Z] Iter 367 | Total-in: 0 | Non-cached: 0 | Cache-read: 0 | Cache-create: 0 | Output: 0 | Cost: $0 | Duration: ms | Turns: 
[2026-04-04T02:37:40Z] Iter 366 | Total-in: 0 | Non-cached: 0 | Cache-read: 0 | Cache-create: 0 | Output: 0 | Cost: $0 | Duration: 1315ms | Turns: 1
[2026-04-04T02:37:40Z] Iter 367 | Total-in: 0 | Non-cached: 0 | Cache-read: 0 | Cache-create: 0 | Output: 0 | Cost: $0 | Duration: 1315ms | Turns: 1
[2026-04-04T02:37:46Z] Iter 362 | Total-in: 0 | Non-cached: 0 | Cache-read: 0 | Cache-create: 0 | Output: 0 | Cost: $0 | Duration: 483ms | Turns: 1
[2026-04-04T02:37:47Z] Iter 368 | Total-in: 0 | Non-cached: 0 | Cache-read: 0 | Cache-create: 0 | Output: 0 | Cost: $0 | Duration: 483ms | Turns: 1
[2026-04-04T02:37:57Z] Iter 367 | Total-in: 0 | Non-cached: 0 | Cache-read: 0 | Cache-create: 0 | Output: 0 | Cost: $0 | Duration: 581ms | Turns: 1
[2026-04-04T02:37:57Z] Iter 368 | Total-in: 0 | Non-cached: 0 | Cache-read: 0 | Cache-create: 0 | Output: 0 | Cost: $0 | Duration: 581ms | Turns: 1
[2026-04-04T02:38:04Z] Iter 363 | Total-in: 0 | Non-cached: 0 | Cache-read: 0 | Cache-create: 0 | Output: 0 | Cost: $0 | Duration: 439ms | Turns: 1
[2026-04-04T02:38:05Z] Iter 369 | Total-in: 0 | Non-cached: 0 | Cache-read: 0 | Cache-create: 0 | Output: 0 | Cost: $0 | Duration: 439ms | Turns: 1
[2026-04-04T02:38:14Z] Iter 368 | Total-in: 0 | Non-cached: 0 | Cache-read: 0 | Cache-create: 0 | Output: 0 | Cost: $0 | Duration: 535ms | Turns: 1
[2026-04-04T02:38:15Z] Iter 369 | Total-in: 0 | Non-cached: 0 | Cache-read: 0 | Cache-create: 0 | Output: 0 | Cost: $0 | Duration: 1721ms | Turns: 1
[2026-04-04T02:38:20Z] Iter 364 | Total-in: 0 | Non-cached: 0 | Cache-read: 0 | Cache-create: 0 | Output: 0 | Cost: $0 | Duration: 482ms | Turns: 1
[2026-04-04T02:38:22Z] Iter 370 | Total-in: 0 | Non-cached: 0 | Cache-read: 0 | Cache-create: 0 | Output: 0 | Cost: $0 | Duration: ms | Turns: 
[2026-04-04T02:38:31Z] Iter 369 | Total-in: 0 | Non-cached: 0 | Cache-read: 0 | Cache-create: 0 | Output: 0 | Cost: $0 | Duration: 562ms | Turns: 1
[2026-04-04T02:38:33Z] Iter 370 | Total-in: 0 | Non-cached: 0 | Cache-read: 0 | Cache-create: 0 | Output: 0 | Cost: $0 | Duration: 580ms | Turns: 1
[2026-04-04T02:38:37Z] Iter 365 | Total-in: 0 | Non-cached: 0 | Cache-read: 0 | Cache-create: 0 | Output: 0 | Cost: $0 | Duration: 522ms | Turns: 1
[] Iter 371 | No token data (result file empty or parse failed)
[2026-04-04T02:38:45Z] Iter 370 | Total-in: 0 | Non-cached: 0 | Cache-read: 0 | Cache-create: 0 | Output: 0 | Cost: $0 | Duration: 404ms | Turns: 1
[2026-04-04T02:38:48Z] Iter 371 | Total-in: 0 | Non-cached: 0 | Cache-read: 0 | Cache-create: 0 | Output: 0 | Cost: $0 | Duration: 461ms | Turns: 1
[2026-04-04T02:38:52Z] Iter 366 | Total-in: 0 | Non-cached: 0 | Cache-read: 0 | Cache-create: 0 | Output: 0 | Cost: $0 | Duration: 410ms | Turns: 1
[] Iter 372 | No token data (result file empty or parse failed)
[2026-04-04T02:39:02Z] Iter 371 | Total-in: 0 | Non-cached: 0 | Cache-read: 0 | Cache-create: 0 | Output: 0 | Cost: $0 | Duration: 561ms | Turns: 1
[2026-04-04T02:39:02Z] Iter 372 | Total-in: 0 | Non-cached: 0 | Cache-read: 0 | Cache-create: 0 | Output: 0 | Cost: $0 | Duration: 561ms | Turns: 1
[2026-04-04T02:39:07Z] Iter 373 | Total-in: 0 | Non-cached: 0 | Cache-read: 0 | Cache-create: 0 | Output: 0 | Cost: $0 | Duration: 1273ms | Turns: 1
[2026-04-04T02:39:07Z] Iter 367 | Total-in: 0 | Non-cached: 0 | Cache-read: 0 | Cache-create: 0 | Output: 0 | Cost: $0 | Duration: 1273ms | Turns: 1
[2026-04-04T02:39:16Z] Iter 372 | Total-in: 0 | Non-cached: 0 | Cache-read: 0 | Cache-create: 0 | Output: 0 | Cost: $0 | Duration: 504ms | Turns: 1
[2026-04-04T02:39:17Z] Iter 373 | Total-in: 0 | Non-cached: 0 | Cache-read: 0 | Cache-create: 0 | Output: 0 | Cost: $0 | Duration: 536ms | Turns: 1
[2026-04-04T02:39:22Z] Iter 374 | Total-in: 0 | Non-cached: 0 | Cache-read: 0 | Cache-create: 0 | Output: 0 | Cost: $0 | Duration: 403ms | Turns: 1
[2026-04-04T02:39:23Z] Iter 368 | Total-in: 0 | Non-cached: 0 | Cache-read: 0 | Cache-create: 0 | Output: 0 | Cost: $0 | Duration: 445ms | Turns: 1
[2026-04-04T02:39:30Z] Iter 373 | Total-in: 0 | Non-cached: 0 | Cache-read: 0 | Cache-create: 0 | Output: 0 | Cost: $0 | Duration: 443ms | Turns: 1
[2026-04-04T02:39:32Z] Iter 374 | Total-in: 0 | Non-cached: 0 | Cache-read: 0 | Cache-create: 0 | Output: 0 | Cost: $0 | Duration: 1009ms | Turns: 1
[2026-04-04T02:39:36Z] Iter 375 | Total-in: 0 | Non-cached: 0 | Cache-read: 0 | Cache-create: 0 | Output: 0 | Cost: $0 | Duration: 496ms | Turns: 1
[2026-04-04T02:39:37Z] Iter 369 | Total-in: 0 | Non-cached: 0 | Cache-read: 0 | Cache-create: 0 | Output: 0 | Cost: $0 | Duration: 493ms | Turns: 1
[] Iter 374 | No token data (result file empty or parse failed)
[2026-04-04T02:39:47Z] Iter 375 | Total-in: 0 | Non-cached: 0 | Cache-read: 0 | Cache-create: 0 | Output: 0 | Cost: $0 | Duration: 567ms | Turns: 1
[2026-04-04T02:39:51Z] Iter 376 | Total-in: 0 | Non-cached: 0 | Cache-read: 0 | Cache-create: 0 | Output: 0 | Cost: $0 | Duration: 420ms | Turns: 1
[] Iter 370 | No token data (result file empty or parse failed)
[2026-04-04T02:39:58Z] Iter 375 | Total-in: 0 | Non-cached: 0 | Cache-read: 0 | Cache-create: 0 | Output: 0 | Cost: $0 | Duration: 506ms | Turns: 1
[2026-04-04T02:40:03Z] Iter 376 | Total-in: 0 | Non-cached: 0 | Cache-read: 0 | Cache-create: 0 | Output: 0 | Cost: $0 | Duration: 436ms | Turns: 1
[] Iter 377 | No token data (result file empty or parse failed)
[2026-04-04T02:40:07Z] Iter 371 | Total-in: 0 | Non-cached: 0 | Cache-read: 0 | Cache-create: 0 | Output: 0 | Cost: $0 | Duration: 438ms | Turns: 1
[2026-04-04T02:40:13Z] Iter 376 | Total-in: 0 | Non-cached: 0 | Cache-read: 0 | Cache-create: 0 | Output: 0 | Cost: $ | Duration: ms | Turns: 
[2026-04-04T02:40:17Z] Iter 377 | Total-in: 0 | Non-cached: 0 | Cache-read: 0 | Cache-create: 0 | Output: 0 | Cost: $0 | Duration: 519ms | Turns: 1
[2026-04-04T02:40:21Z] Iter 372 | Total-in: 0 | Non-cached: 0 | Cache-read: 0 | Cache-create: 0 | Output: 0 | Cost: $0 | Duration: 1883ms | Turns: 1
[2026-04-04T02:40:21Z] Iter 378 | Total-in: 0 | Non-cached: 0 | Cache-read: 0 | Cache-create: 0 | Output: 0 | Cost: $0 | Duration: 1883ms | Turns: 1
[2026-04-04T02:40:28Z] Iter 377 | Total-in: 0 | Non-cached: 0 | Cache-read: 0 | Cache-create: 0 | Output: 0 | Cost: $0 | Duration: 432ms | Turns: 1
[2026-04-04T02:40:33Z] Iter 378 | Total-in: 0 | Non-cached: 0 | Cache-read: 0 | Cache-create: 0 | Output: 0 | Cost: $0 | Duration: 432ms | Turns: 1
[2026-04-04T02:40:37Z] Iter 379 | Total-in: 0 | Non-cached: 0 | Cache-read: 0 | Cache-create: 0 | Output: 0 | Cost: $0 | Duration: 1064ms | Turns: 1
[2026-04-04T02:40:37Z] Iter 373 | Total-in: 0 | Non-cached: 0 | Cache-read: 0 | Cache-create: 0 | Output: 0 | Cost: $0 | Duration: 1064ms | Turns: 1
[2026-04-04T02:40:43Z] Iter 378 | Total-in: 0 | Non-cached: 0 | Cache-read: 0 | Cache-create: 0 | Output: 0 | Cost: $0 | Duration: 598ms | Turns: 1
[2026-04-04T02:40:48Z] Iter 379 | Total-in: 0 | Non-cached: 0 | Cache-read: 0 | Cache-create: 0 | Output: 0 | Cost: $0 | Duration: 492ms | Turns: 1
[2026-04-04T02:40:53Z] Iter 380 | Total-in: 0 | Non-cached: 0 | Cache-read: 0 | Cache-create: 0 | Output: 0 | Cost: $0 | Duration: 438ms | Turns: 1
[2026-04-04T02:40:53Z] Iter 374 | Total-in: 0 | Non-cached: 0 | Cache-read: 0 | Cache-create: 0 | Output: 0 | Cost: $0 | Duration: 438ms | Turns: 1
[2026-04-04T02:40:58Z] Iter 379 | Total-in: 0 | Non-cached: 0 | Cache-read: 0 | Cache-create: 0 | Output: 0 | Cost: $0 | Duration: 692ms | Turns: 1
[2026-04-04T02:41:05Z] Iter 380 | Total-in: 0 | Non-cached: 0 | Cache-read: 0 | Cache-create: 0 | Output: 0 | Cost: $0 | Duration: 1631ms | Turns: 1
[2026-04-04T02:41:09Z] Iter 375 | Total-in: 0 | Non-cached: 0 | Cache-read: 0 | Cache-create: 0 | Output: 0 | Cost: $0 | Duration: 602ms | Turns: 1
[2026-04-04T02:41:10Z] Iter 381 | Total-in: 0 | Non-cached: 0 | Cache-read: 0 | Cache-create: 0 | Output: 0 | Cost: $0 | Duration: 1664ms | Turns: 1
[] Iter 380 | No token data (result file empty or parse failed)
[2026-04-04T02:41:22Z] Iter 381 | Total-in: 0 | Non-cached: 0 | Cache-read: 0 | Cache-create: 0 | Output: 0 | Cost: $0 | Duration: 473ms | Turns: 1
[2026-04-04T02:41:25Z] Iter 376 | Total-in: 0 | Non-cached: 0 | Cache-read: 0 | Cache-create: 0 | Output: 0 | Cost: $0 | Duration: 459ms | Turns: 1
[2026-04-04T02:41:25Z] Iter 382 | Total-in: 0 | Non-cached: 0 | Cache-read: 0 | Cache-create: 0 | Output: 0 | Cost: $0 | Duration: 447ms | Turns: 1
[2026-04-04T02:41:29Z] Iter 381 | Total-in: 0 | Non-cached: 0 | Cache-read: 0 | Cache-create: 0 | Output: 0 | Cost: $0 | Duration: 454ms | Turns: 1
[2026-04-04T02:41:39Z] Iter 382 | Total-in: 0 | Non-cached: 0 | Cache-read: 0 | Cache-create: 0 | Output: 0 | Cost: $0 | Duration: 558ms | Turns: 1
[2026-04-04T02:41:41Z] Iter 377 | Total-in: 0 | Non-cached: 0 | Cache-read: 0 | Cache-create: 0 | Output: 0 | Cost: $0 | Duration: 556ms | Turns: 1
[2026-04-04T02:41:43Z] Iter 383 | Total-in: 0 | Non-cached: 0 | Cache-read: 0 | Cache-create: 0 | Output: 0 | Cost: $0 | Duration: 502ms | Turns: 1
[] Iter 382 | No token data (result file empty or parse failed)
[2026-04-04T02:41:57Z] Iter 383 | Total-in: 0 | Non-cached: 0 | Cache-read: 0 | Cache-create: 0 | Output: 0 | Cost: $0 | Duration: 464ms | Turns: 1
[2026-04-04T02:41:58Z] Iter 378 | Total-in: 0 | Non-cached: 0 | Cache-read: 0 | Cache-create: 0 | Output: 0 | Cost: $0 | Duration: 656ms | Turns: 1
[2026-04-04T02:42:00Z] Iter 384 | Total-in: 0 | Non-cached: 0 | Cache-read: 0 | Cache-create: 0 | Output: 0 | Cost: $0 | Duration: 624ms | Turns: 1
[2026-04-04T02:42:03Z] Iter 383 | Total-in: 0 | Non-cached: 0 | Cache-read: 0 | Cache-create: 0 | Output: 0 | Cost: $0 | Duration: 451ms | Turns: 1
[2026-04-04T02:42:14Z] Iter 384 | Total-in: 0 | Non-cached: 0 | Cache-read: 0 | Cache-create: 0 | Output: 0 | Cost: $0 | Duration: 475ms | Turns: 1
[2026-04-04T02:42:15Z] Iter 379 | Total-in: 0 | Non-cached: 0 | Cache-read: 0 | Cache-create: 0 | Output: 0 | Cost: $0 | Duration: 493ms | Turns: 1
[2026-04-04T02:42:17Z] Iter 385 | Total-in: 0 | Non-cached: 0 | Cache-read: 0 | Cache-create: 0 | Output: 0 | Cost: $0 | Duration: 496ms | Turns: 1
[2026-04-04T02:42:20Z] Iter 384 | Total-in: 0 | Non-cached: 0 | Cache-read: 0 | Cache-create: 0 | Output: 0 | Cost: $0 | Duration: 552ms | Turns: 1
[2026-04-04T02:42:31Z] Iter 385 | Total-in: 0 | Non-cached: 0 | Cache-read: 0 | Cache-create: 0 | Output: 0 | Cost: $0 | Duration: 501ms | Turns: 1
[2026-04-04T02:42:33Z] Iter 380 | Total-in: 0 | Non-cached: 0 | Cache-read: 0 | Cache-create: 0 | Output: 0 | Cost: $0 | Duration: 661ms | Turns: 1
[2026-04-04T02:42:36Z] Iter 386 | Total-in: 0 | Non-cached: 0 | Cache-read: 0 | Cache-create: 0 | Output: 0 | Cost: $0 | Duration: 466ms | Turns: 1
[2026-04-04T02:42:38Z] Iter 385 | Total-in: 0 | Non-cached: 0 | Cache-read: 0 | Cache-create: 0 | Output: 0 | Cost: $0 | Duration: 660ms | Turns: 1
[2026-04-04T02:42:48Z] Iter 386 | Total-in: 0 | Non-cached: 0 | Cache-read: 0 | Cache-create: 0 | Output: 0 | Cost: $0 | Duration: 535ms | Turns: 1
[2026-04-04T02:42:52Z] Iter 381 | Total-in: 0 | Non-cached: 0 | Cache-read: 0 | Cache-create: 0 | Output: 0 | Cost: $0 | Duration: 701ms | Turns: 1
[2026-04-04T02:42:55Z] Iter 387 | Total-in: 0 | Non-cached: 0 | Cache-read: 0 | Cache-create: 0 | Output: 0 | Cost: $0 | Duration: 573ms | Turns: 1
[2026-04-04T02:42:56Z] Iter 386 | Total-in: 0 | Non-cached: 0 | Cache-read: 0 | Cache-create: 0 | Output: 0 | Cost: $0 | Duration: 573ms | Turns: 1
[2026-04-04T02:43:05Z] Iter 387 | Total-in: 0 | Non-cached: 0 | Cache-read: 0 | Cache-create: 0 | Output: 0 | Cost: $0 | Duration: 460ms | Turns: 1
[2026-04-04T02:43:10Z] Iter 382 | Total-in: 0 | Non-cached: 0 | Cache-read: 0 | Cache-create: 0 | Output: 0 | Cost: $0 | Duration: 573ms | Turns: 1
[2026-04-04T02:43:13Z] Iter 387 | Total-in: 0 | Non-cached: 0 | Cache-read: 0 | Cache-create: 0 | Output: 0 | Cost: $0 | Duration: 615ms | Turns: 1
[2026-04-04T02:43:14Z] Iter 388 | Total-in: 0 | Non-cached: 0 | Cache-read: 0 | Cache-create: 0 | Output: 0 | Cost: $0 | Duration: 615ms | Turns: 1
[2026-04-04T02:43:20Z] Iter 388 | Total-in: 0 | Non-cached: 0 | Cache-read: 0 | Cache-create: 0 | Output: 0 | Cost: $0 | Duration: 1479ms | Turns: 1
[2026-04-04T02:43:25Z] Iter 383 | Total-in: 0 | Non-cached: 0 | Cache-read: 0 | Cache-create: 0 | Output: 0 | Cost: $0 | Duration: 1472ms | Turns: 1
[2026-04-04T02:43:27Z] Iter 388 | Total-in: 0 | Non-cached: 0 | Cache-read: 0 | Cache-create: 0 | Output: 0 | Cost: $0 | Duration: 489ms | Turns: 1
[2026-04-04T02:43:28Z] Iter 389 | Total-in: 0 | Non-cached: 0 | Cache-read: 0 | Cache-create: 0 | Output: 0 | Cost: $0 | Duration: 489ms | Turns: 1
[2026-04-04T02:43:34Z] Iter 389 | Total-in: 0 | Non-cached: 0 | Cache-read: 0 | Cache-create: 0 | Output: 0 | Cost: $0 | Duration: 517ms | Turns: 1
[2026-04-04T02:43:41Z] Iter 384 | Total-in: 0 | Non-cached: 0 | Cache-read: 0 | Cache-create: 0 | Output: 0 | Cost: $0 | Duration: 512ms | Turns: 1
[2026-04-04T02:43:43Z] Iter 389 | Total-in: 0 | Non-cached: 0 | Cache-read: 0 | Cache-create: 0 | Output: 0 | Cost: $0 | Duration: 427ms | Turns: 1
[2026-04-04T02:43:43Z] Iter 390 | Total-in: 0 | Non-cached: 0 | Cache-read: 0 | Cache-create: 0 | Output: 0 | Cost: $0 | Duration: 427ms | Turns: 1
[2026-04-04T02:43:48Z] Iter 390 | Total-in: 0 | Non-cached: 0 | Cache-read: 0 | Cache-create: 0 | Output: 0 | Cost: $0 | Duration: 472ms | Turns: 1
[2026-04-04T02:43:57Z] Iter 385 | Total-in: 0 | Non-cached: 0 | Cache-read: 0 | Cache-create: 0 | Output: 0 | Cost: $0 | Duration: 455ms | Turns: 1
[2026-04-04T02:43:57Z] Iter 390 | Total-in: 0 | Non-cached: 0 | Cache-read: 0 | Cache-create: 0 | Output: 0 | Cost: $0 | Duration: 611ms | Turns: 1
[2026-04-04T02:43:58Z] Iter 391 | Total-in: 0 | Non-cached: 0 | Cache-read: 0 | Cache-create: 0 | Output: 0 | Cost: $0 | Duration: 611ms | Turns: 1
[2026-04-04T02:44:03Z] Iter 391 | Total-in: 0 | Non-cached: 0 | Cache-read: 0 | Cache-create: 0 | Output: 0 | Cost: $0 | Duration: 1232ms | Turns: 1
[2026-04-04T02:44:12Z] Iter 386 | Total-in: 0 | Non-cached: 0 | Cache-read: 0 | Cache-create: 0 | Output: 0 | Cost: $0 | Duration: 603ms | Turns: 1
[2026-04-04T02:44:12Z] Iter 391 | Total-in: 0 | Non-cached: 0 | Cache-read: 0 | Cache-create: 0 | Output: 0 | Cost: $0 | Duration: 603ms | Turns: 1
[2026-04-04T02:44:14Z] Iter 392 | Total-in: 0 | Non-cached: 0 | Cache-read: 0 | Cache-create: 0 | Output: 0 | Cost: $0 | Duration: 951ms | Turns: 1
[2026-04-04T02:44:18Z] Iter 392 | Total-in: 0 | Non-cached: 0 | Cache-read: 0 | Cache-create: 0 | Output: 0 | Cost: $0 | Duration: 407ms | Turns: 1
[2026-04-04T02:44:26Z] Iter 387 | Total-in: 0 | Non-cached: 0 | Cache-read: 0 | Cache-create: 0 | Output: 0 | Cost: $0 | Duration: 479ms | Turns: 1
[2026-04-04T02:44:27Z] Iter 392 | Total-in: 0 | Non-cached: 0 | Cache-read: 0 | Cache-create: 0 | Output: 0 | Cost: $0 | Duration: 639ms | Turns: 1
[2026-04-04T02:44:29Z] Iter 393 | Total-in: 0 | Non-cached: 0 | Cache-read: 0 | Cache-create: 0 | Output: 0 | Cost: $0 | Duration: 468ms | Turns: 1
[2026-04-04T02:44:33Z] Iter 393 | Total-in: 0 | Non-cached: 0 | Cache-read: 0 | Cache-create: 0 | Output: 0 | Cost: $0 | Duration: 401ms | Turns: 1
[] Iter 388 | No token data (result file empty or parse failed)
[2026-04-04T02:44:43Z] Iter 393 | Total-in: 0 | Non-cached: 0 | Cache-read: 0 | Cache-create: 0 | Output: 0 | Cost: $0 | Duration: 528ms | Turns: 1
[2026-04-04T02:44:44Z] Iter 394 | Total-in: 0 | Non-cached: 0 | Cache-read: 0 | Cache-create: 0 | Output: 0 | Cost: $0 | Duration: 441ms | Turns: 1
[] Iter 394 | No token data (result file empty or parse failed)
[2026-04-04T02:44:55Z] Iter 389 | Total-in: 0 | Non-cached: 0 | Cache-read: 0 | Cache-create: 0 | Output: 0 | Cost: $0 | Duration: 423ms | Turns: 1
[2026-04-04T02:44:57Z] Iter 394 | Total-in: 0 | Non-cached: 0 | Cache-read: 0 | Cache-create: 0 | Output: 0 | Cost: $0 | Duration: 426ms | Turns: 1
[2026-04-04T02:44:59Z] Iter 395 | Total-in: 0 | Non-cached: 0 | Cache-read: 0 | Cache-create: 0 | Output: 0 | Cost: $0 | Duration: 456ms | Turns: 1
[] Iter 395 | No token data (result file empty or parse failed)
[2026-04-04T02:45:09Z] Iter 390 | Total-in: 0 | Non-cached: 0 | Cache-read: 0 | Cache-create: 0 | Output: 0 | Cost: $0 | Duration: 540ms | Turns: 1
[2026-04-04T02:45:14Z] Iter 395 | Total-in: 0 | Non-cached: 0 | Cache-read: 0 | Cache-create: 0 | Output: 0 | Cost: $0 | Duration: 534ms | Turns: 1
[2026-04-04T02:45:15Z] Iter 396 | Total-in: 0 | Non-cached: 0 | Cache-read: 0 | Cache-create: 0 | Output: 0 | Cost: $0 | Duration: 452ms | Turns: 1
[] Iter 396 | No token data (result file empty or parse failed)
[] Iter 391 | No token data (result file empty or parse failed)
[2026-04-04T02:45:31Z] Iter 396 | Total-in: 0 | Non-cached: 0 | Cache-read: 0 | Cache-create: 0 | Output: 0 | Cost: $0 | Duration: 511ms | Turns: 1
[2026-04-04T02:45:31Z] Iter 397 | Total-in: 0 | Non-cached: 0 | Cache-read: 0 | Cache-create: 0 | Output: 0 | Cost: $0 | Duration: 511ms | Turns: 1
[2026-04-04T02:45:33Z] Iter 397 | Total-in: 0 | Non-cached: 0 | Cache-read: 0 | Cache-create: 0 | Output: 0 | Cost: $0 | Duration: 546ms | Turns: 1
[] Iter 392 | No token data (result file empty or parse failed)
[2026-04-04T02:45:47Z] Iter 397 | Total-in: 0 | Non-cached: 0 | Cache-read: 0 | Cache-create: 0 | Output: 0 | Cost: $0 | Duration: 487ms | Turns: 1
[2026-04-04T02:45:47Z] Iter 398 | Total-in: 0 | Non-cached: 0 | Cache-read: 0 | Cache-create: 0 | Output: 0 | Cost: $0 | Duration: 487ms | Turns: 1
[2026-04-04T02:45:49Z] Iter 398 | Total-in: 0 | Non-cached: 0 | Cache-read: 0 | Cache-create: 0 | Output: 0 | Cost: $0 | Duration: 427ms | Turns: 1
[2026-04-04T02:45:54Z] Iter 393 | Total-in: 0 | Non-cached: 0 | Cache-read: 0 | Cache-create: 0 | Output: 0 | Cost: $0 | Duration: 509ms | Turns: 1
[2026-04-04T02:46:03Z] Iter 398 | Total-in: 0 | Non-cached: 0 | Cache-read: 0 | Cache-create: 0 | Output: 0 | Cost: $0 | Duration: 499ms | Turns: 1
[2026-04-04T02:46:03Z] Iter 399 | Total-in: 0 | Non-cached: 0 | Cache-read: 0 | Cache-create: 0 | Output: 0 | Cost: $0 | Duration: 499ms | Turns: 1
[2026-04-04T02:46:05Z] Iter 399 | Total-in: 0 | Non-cached: 0 | Cache-read: 0 | Cache-create: 0 | Output: 0 | Cost: $0 | Duration: 525ms | Turns: 1
[2026-04-04T02:46:10Z] Iter 394 | Total-in: 0 | Non-cached: 0 | Cache-read: 0 | Cache-create: 0 | Output: 0 | Cost: $0 | Duration: 512ms | Turns: 1
[2026-04-04T02:46:20Z] Iter 399 | Total-in: 0 | Non-cached: 0 | Cache-read: 0 | Cache-create: 0 | Output: 0 | Cost: $0 | Duration: 435ms | Turns: 1
[2026-04-04T02:46:21Z] Iter 400 | Total-in: 0 | Non-cached: 0 | Cache-read: 0 | Cache-create: 0 | Output: 0 | Cost: $0 | Duration: 435ms | Turns: 1
[2026-04-04T02:46:22Z] Iter 400 | Total-in: 0 | Non-cached: 0 | Cache-read: 0 | Cache-create: 0 | Output: 0 | Cost: $0 | Duration: 430ms | Turns: 1
[2026-04-04T02:46:26Z] Iter 395 | Total-in: 0 | Non-cached: 0 | Cache-read: 0 | Cache-create: 0 | Output: 0 | Cost: $0 | Duration: 452ms | Turns: 1
[2026-04-04T02:46:37Z] Iter 400 | Total-in: 0 | Non-cached: 0 | Cache-read: 0 | Cache-create: 0 | Output: 0 | Cost: $0 | Duration: 655ms | Turns: 1
[2026-04-04T02:46:37Z] Iter 401 | Total-in: 0 | Non-cached: 0 | Cache-read: 0 | Cache-create: 0 | Output: 0 | Cost: $0 | Duration: 655ms | Turns: 1
[2026-04-04T02:46:39Z] Iter 401 | Total-in: 0 | Non-cached: 0 | Cache-read: 0 | Cache-create: 0 | Output: 0 | Cost: $0 | Duration: 528ms | Turns: 1
[2026-04-04T02:46:43Z] Iter 396 | Total-in: 0 | Non-cached: 0 | Cache-read: 0 | Cache-create: 0 | Output: 0 | Cost: $0 | Duration: 545ms | Turns: 1
[2026-04-04T02:46:55Z] Iter 401 | Total-in: 0 | Non-cached: 0 | Cache-read: 0 | Cache-create: 0 | Output: 0 | Cost: $0 | Duration: 536ms | Turns: 1
[2026-04-04T02:46:55Z] Iter 402 | Total-in: 0 | Non-cached: 0 | Cache-read: 0 | Cache-create: 0 | Output: 0 | Cost: $0 | Duration: 536ms | Turns: 1
[2026-04-04T02:46:57Z] Iter 402 | Total-in: 0 | Non-cached: 0 | Cache-read: 0 | Cache-create: 0 | Output: 0 | Cost: $0 | Duration: 502ms | Turns: 1
[2026-04-04T02:47:00Z] Iter 397 | Total-in: 0 | Non-cached: 0 | Cache-read: 0 | Cache-create: 0 | Output: 0 | Cost: $0 | Duration: 553ms | Turns: 1
[2026-04-04T02:47:12Z] Iter 402 | Total-in: 0 | Non-cached: 0 | Cache-read: 0 | Cache-create: 0 | Output: 0 | Cost: $0 | Duration: 593ms | Turns: 1
[2026-04-04T02:47:13Z] Iter 403 | Total-in: 0 | Non-cached: 0 | Cache-read: 0 | Cache-create: 0 | Output: 0 | Cost: $0 | Duration: 593ms | Turns: 1
[2026-04-04T02:47:15Z] Iter 403 | Total-in: 0 | Non-cached: 0 | Cache-read: 0 | Cache-create: 0 | Output: 0 | Cost: $0 | Duration: 488ms | Turns: 1
[2026-04-04T02:47:19Z] Iter 398 | Total-in: 0 | Non-cached: 0 | Cache-read: 0 | Cache-create: 0 | Output: 0 | Cost: $0 | Duration: 1808ms | Turns: 1
[2026-04-04T02:47:31Z] Iter 404 | Total-in: 0 | Non-cached: 0 | Cache-read: 0 | Cache-create: 0 | Output: 0 | Cost: $0 | Duration: 600ms | Turns: 1
[2026-04-04T02:47:32Z] Iter 403 | Total-in: 0 | Non-cached: 0 | Cache-read: 0 | Cache-create: 0 | Output: 0 | Cost: $0 | Duration: 600ms | Turns: 1
[2026-04-04T02:47:35Z] Iter 404 | Total-in: 0 | Non-cached: 0 | Cache-read: 0 | Cache-create: 0 | Output: 0 | Cost: $0 | Duration: 1745ms | Turns: 1
[2026-04-04T02:47:36Z] Iter 399 | Total-in: 0 | Non-cached: 0 | Cache-read: 0 | Cache-create: 0 | Output: 0 | Cost: $0 | Duration: 483ms | Turns: 1
[2026-04-04T02:47:48Z] Iter 405 | Total-in: 0 | Non-cached: 0 | Cache-read: 0 | Cache-create: 0 | Output: 0 | Cost: $0 | Duration: 496ms | Turns: 1
[2026-04-04T02:47:49Z] Iter 404 | Total-in: 0 | Non-cached: 0 | Cache-read: 0 | Cache-create: 0 | Output: 0 | Cost: $0 | Duration: 496ms | Turns: 1
[2026-04-04T02:47:52Z] Iter 405 | Total-in: 0 | Non-cached: 0 | Cache-read: 0 | Cache-create: 0 | Output: 0 | Cost: $0 | Duration: 554ms | Turns: 1
[2026-04-04T02:47:54Z] Iter 400 | Total-in: 0 | Non-cached: 0 | Cache-read: 0 | Cache-create: 0 | Output: 0 | Cost: $0 | Duration: 565ms | Turns: 1
[2026-04-04T02:48:03Z] Iter 406 | Total-in: 0 | Non-cached: 0 | Cache-read: 0 | Cache-create: 0 | Output: 0 | Cost: $0 | Duration: 428ms | Turns: 1
[2026-04-04T02:48:04Z] Iter 405 | Total-in: 0 | Non-cached: 0 | Cache-read: 0 | Cache-create: 0 | Output: 0 | Cost: $0 | Duration: 408ms | Turns: 1
[2026-04-04T02:48:07Z] Iter 406 | Total-in: 0 | Non-cached: 0 | Cache-read: 0 | Cache-create: 0 | Output: 0 | Cost: $0 | Duration: 617ms | Turns: 1
[2026-04-04T02:48:08Z] Iter 401 | Total-in: 0 | Non-cached: 0 | Cache-read: 0 | Cache-create: 0 | Output: 0 | Cost: $0 | Duration: 417ms | Turns: 1
[2026-04-04T02:48:17Z] Iter 407 | Total-in: 0 | Non-cached: 0 | Cache-read: 0 | Cache-create: 0 | Output: 0 | Cost: $0 | Duration: 419ms | Turns: 1
[2026-04-04T02:48:19Z] Iter 406 | Total-in: 0 | Non-cached: 0 | Cache-read: 0 | Cache-create: 0 | Output: 0 | Cost: $0 | Duration: 743ms | Turns: 1
[2026-04-04T02:48:21Z] Iter 407 | Total-in: 0 | Non-cached: 0 | Cache-read: 0 | Cache-create: 0 | Output: 0 | Cost: $0 | Duration: 418ms | Turns: 1
[2026-04-04T02:48:23Z] Iter 402 | Total-in: 0 | Non-cached: 0 | Cache-read: 0 | Cache-create: 0 | Output: 0 | Cost: $0 | Duration: 421ms | Turns: 1
[2026-04-04T02:48:31Z] Iter 408 | Total-in: 0 | Non-cached: 0 | Cache-read: 0 | Cache-create: 0 | Output: 0 | Cost: $0 | Duration: 436ms | Turns: 1
[2026-04-04T02:48:34Z] Iter 407 | Total-in: 0 | Non-cached: 0 | Cache-read: 0 | Cache-create: 0 | Output: 0 | Cost: $0 | Duration: 452ms | Turns: 1
[2026-04-04T02:48:36Z] Iter 408 | Total-in: 0 | Non-cached: 0 | Cache-read: 0 | Cache-create: 0 | Output: 0 | Cost: $0 | Duration: 520ms | Turns: 1
[2026-04-04T02:48:38Z] Iter 403 | Total-in: 0 | Non-cached: 0 | Cache-read: 0 | Cache-create:  | Output: 0 | Cost: $ | Duration: ms | Turns: 
[2026-04-04T02:48:45Z] Iter 409 | Total-in: 0 | Non-cached: 0 | Cache-read: 0 | Cache-create: 0 | Output: 0 | Cost: $0 | Duration: 427ms | Turns: 1
[2026-04-04T02:48:48Z] Iter 408 | Total-in: 0 | Non-cached: 0 | Cache-read: 0 | Cache-create: 0 | Output: 0 | Cost: $0 | Duration: 456ms | Turns: 1
[2026-04-04T02:48:51Z] Iter 409 | Total-in: 0 | Non-cached: 0 | Cache-read: 0 | Cache-create: 0 | Output: 0 | Cost: $0 | Duration: 411ms | Turns: 1
[2026-04-04T02:48:54Z] Iter 404 | Total-in: 0 | Non-cached: 0 | Cache-read: 0 | Cache-create: 0 | Output: 0 | Cost: $0 | Duration: 1447ms | Turns: 1
[2026-04-04T02:49:01Z] Iter 410 | Total-in: 0 | Non-cached: 0 | Cache-read: 0 | Cache-create: 0 | Output: 0 | Cost: $0 | Duration: 1524ms | Turns: 1
[2026-04-04T02:49:03Z] Iter 409 | Total-in: 0 | Non-cached: 0 | Cache-read: 0 | Cache-create: 0 | Output: 0 | Cost: $0 | Duration: 661ms | Turns: 1
[2026-04-04T02:49:07Z] Iter 410 | Total-in: 0 | Non-cached: 0 | Cache-read: 0 | Cache-create: 0 | Output: 0 | Cost: $0 | Duration: 508ms | Turns: 1
[2026-04-04T02:49:09Z] Iter 405 | Total-in: 0 | Non-cached: 0 | Cache-read: 0 | Cache-create: 0 | Output: 0 | Cost: $0 | Duration: 437ms | Turns: 1
[] Iter 411 | No token data (result file empty or parse failed)
[2026-04-04T02:49:19Z] Iter 410 | Total-in: 0 | Non-cached: 0 | Cache-read: 0 | Cache-create: 0 | Output: 0 | Cost: $0 | Duration: 554ms | Turns: 1
[2026-04-04T02:49:21Z] Iter 411 | Total-in: 0 | Non-cached: 0 | Cache-read: 0 | Cache-create: 0 | Output: 0 | Cost: $0 | Duration: 543ms | Turns: 1
[2026-04-04T02:49:23Z] Iter 406 | Total-in: 0 | Non-cached: 0 | Cache-read: 0 | Cache-create: 0 | Output: 0 | Cost: $0 | Duration: 498ms | Turns: 1
[2026-04-04T02:49:30Z] Iter 412 | Total-in: 0 | Non-cached: 0 | Cache-read: 0 | Cache-create: 0 | Output: 0 | Cost: $0 | Duration: 448ms | Turns: 1
[2026-04-04T02:49:34Z] Iter 411 | Total-in: 0 | Non-cached: 0 | Cache-read: 0 | Cache-create: 0 | Output: 0 | Cost: $0 | Duration: 526ms | Turns: 1
[2026-04-04T02:49:36Z] Iter 412 | Total-in: 0 | Non-cached: 0 | Cache-read: 0 | Cache-create: 0 | Output: 0 | Cost: $0 | Duration: 434ms | Turns: 1
[2026-04-04T02:49:40Z] Iter 407 | Total-in: 0 | Non-cached: 0 | Cache-read: 0 | Cache-create: 0 | Output: 0 | Cost: $0 | Duration: 891ms | Turns: 1
[2026-04-04T02:49:45Z] Iter 413 | Total-in: 0 | Non-cached: 0 | Cache-read: 0 | Cache-create: 0 | Output: 0 | Cost: $0 | Duration: 1171ms | Turns: 1
[2026-04-04T02:49:50Z] Iter 412 | Total-in: 0 | Non-cached: 0 | Cache-read: 0 | Cache-create: 0 | Output: 0 | Cost: $0 | Duration: 420ms | Turns: 1
[2026-04-04T02:49:51Z] Iter 413 | Total-in: 0 | Non-cached: 0 | Cache-read: 0 | Cache-create: 0 | Output: 0 | Cost: $0 | Duration: 515ms | Turns: 1
[2026-04-04T02:49:55Z] Iter 408 | Total-in: 0 | Non-cached: 0 | Cache-read: 0 | Cache-create: 0 | Output: 0 | Cost: $0 | Duration: 456ms | Turns: 1
[2026-04-04T02:50:01Z] Iter 414 | Total-in: 0 | Non-cached: 0 | Cache-read: 0 | Cache-create: 0 | Output: 0 | Cost: $0 | Duration: 1472ms | Turns: 1
[2026-04-04T02:50:05Z] Iter 413 | Total-in: 0 | Non-cached: 0 | Cache-read: 0 | Cache-create: 0 | Output: 0 | Cost: $0 | Duration: 454ms | Turns: 1
[2026-04-04T02:50:07Z] Iter 414 | Total-in: 0 | Non-cached: 0 | Cache-read: 0 | Cache-create: 0 | Output: 0 | Cost: $0 | Duration: 593ms | Turns: 1
[2026-04-04T02:50:10Z] Iter 409 | Total-in: 0 | Non-cached: 0 | Cache-read: 0 | Cache-create: 0 | Output: 0 | Cost: $0 | Duration: 404ms | Turns: 1
[2026-04-04T02:50:16Z] Iter 415 | Total-in: 0 | Non-cached: 0 | Cache-read: 0 | Cache-create: 0 | Output: 0 | Cost: $0 | Duration: 497ms | Turns: 1
[2026-04-04T02:50:20Z] Iter 414 | Total-in: 0 | Non-cached: 0 | Cache-read: 0 | Cache-create: 0 | Output: 0 | Cost: $0 | Duration: 500ms | Turns: 1
[2026-04-04T02:50:24Z] Iter 415 | Total-in: 0 | Non-cached: 0 | Cache-read: 0 | Cache-create: 0 | Output: 0 | Cost: $0 | Duration: 531ms | Turns: 1
[2026-04-04T02:50:27Z] Iter 410 | Total-in: 0 | Non-cached: 0 | Cache-read: 0 | Cache-create: 0 | Output: 0 | Cost: $0 | Duration: 463ms | Turns: 1
[] Iter 416 | No token data (result file empty or parse failed)
[2026-04-04T02:50:36Z] Iter 415 | Total-in: 0 | Non-cached: 0 | Cache-read: 0 | Cache-create: 0 | Output: 0 | Cost: $0 | Duration: 554ms | Turns: 1
[] Iter 416 | No token data (result file empty or parse failed)
[2026-04-04T02:50:43Z] Iter 411 | Total-in: 0 | Non-cached: 0 | Cache-read: 0 | Cache-create: 0 | Output: 0 | Cost: $0 | Duration: 807ms | Turns: 1
[] Iter 417 | No token data (result file empty or parse failed)
[2026-04-04T02:50:53Z] Iter 416 | Total-in: 0 | Non-cached: 0 | Cache-read: 0 | Cache-create: 0 | Output: 0 | Cost: $0 | Duration: 1533ms | Turns: 1
[] Iter 417 | No token data (result file empty or parse failed)
[2026-04-04T02:51:00Z] Iter 412 | Total-in: 0 | Non-cached: 0 | Cache-read: 0 | Cache-create: 0 | Output: 0 | Cost: $0 | Duration: 462ms | Turns: 1
[2026-04-04T02:51:04Z] Iter 418 | Total-in: 0 | Non-cached: 0 | Cache-read: 0 | Cache-create: 0 | Output: 0 | Cost: $0 | Duration: 478ms | Turns: 1
[2026-04-04T02:51:10Z] Iter 417 | Total-in: 0 | Non-cached: 0 | Cache-read: 0 | Cache-create: 0 | Output: 0 | Cost: $0 | Duration: 460ms | Turns: 1
[2026-04-04T02:51:12Z] Iter 418 | Total-in: 0 | Non-cached: 0 | Cache-read: 0 | Cache-create: 0 | Output: 0 | Cost: $0 | Duration: 520ms | Turns: 1
[2026-04-04T02:51:16Z] Iter 413 | Total-in: 0 | Non-cached: 0 | Cache-read: 0 | Cache-create: 0 | Output: 0 | Cost: $0 | Duration: 635ms | Turns: 1
[2026-04-04T02:51:22Z] Iter 419 | Total-in: 0 | Non-cached: 0 | Cache-read: 0 | Cache-create: 0 | Output: 0 | Cost: $0 | Duration: 614ms | Turns: 1
[2026-04-04T02:51:28Z] Iter 418 | Total-in: 0 | Non-cached: 0 | Cache-read: 0 | Cache-create: 0 | Output: 0 | Cost: $0 | Duration: 476ms | Turns: 1
[2026-04-04T02:51:29Z] Iter 419 | Total-in: 0 | Non-cached: 0 | Cache-read: 0 | Cache-create: 0 | Output: 0 | Cost: $0 | Duration: 499ms | Turns: 1
[2026-04-04T02:51:33Z] Iter 414 | Total-in: 0 | Non-cached: 0 | Cache-read: 0 | Cache-create: 0 | Output: 0 | Cost: $0 | Duration: 507ms | Turns: 1
[2026-04-04T02:51:38Z] Iter 420 | Total-in: 0 | Non-cached: 0 | Cache-read: 0 | Cache-create: 0 | Output: 0 | Cost: $0 | Duration: 509ms | Turns: 1
[2026-04-04T02:51:45Z] Iter 419 | Total-in: 0 | Non-cached: 0 | Cache-read: 0 | Cache-create: 0 | Output: 0 | Cost: $0 | Duration: 559ms | Turns: 1
[2026-04-04T02:51:46Z] Iter 420 | Total-in: 0 | Non-cached: 0 | Cache-read:  | Cache-create:  | Output:  | Cost: $ | Duration: ms | Turns: 
[2026-04-04T02:51:50Z] Iter 415 | Total-in: 0 | Non-cached: 0 | Cache-read: 0 | Cache-create: 0 | Output: 0 | Cost: $0 | Duration: 489ms | Turns: 1
[2026-04-04T02:51:55Z] Iter 421 | Total-in: 0 | Non-cached: 0 | Cache-read: 0 | Cache-create: 0 | Output: 0 | Cost: $0 | Duration: 783ms | Turns: 1
[2026-04-04T02:52:02Z] Iter 420 | Total-in: 0 | Non-cached: 0 | Cache-read: 0 | Cache-create: 0 | Output: 0 | Cost: $0 | Duration: 449ms | Turns: 1
[] Iter 421 | No token data (result file empty or parse failed)
[2026-04-04T02:52:07Z] Iter 416 | Total-in: 0 | Non-cached: 0 | Cache-read: 0 | Cache-create: 0 | Output: 0 | Cost: $0 | Duration: 541ms | Turns: 1
[2026-04-04T02:52:12Z] Iter 422 | Total-in: 0 | Non-cached: 0 | Cache-read: 0 | Cache-create: 0 | Output: 0 | Cost: $0 | Duration: 477ms | Turns: 1
[2026-04-04T02:52:19Z] Iter 421 | Total-in: 0 | Non-cached: 0 | Cache-read: 0 | Cache-create: 0 | Output: 0 | Cost: $0 | Duration: 482ms | Turns: 1
[2026-04-04T02:52:19Z] Iter 422 | Total-in: 0 | Non-cached: 0 | Cache-read: 0 | Cache-create: 0 | Output: 0 | Cost: $0 | Duration: 482ms | Turns: 1
[2026-04-04T02:52:24Z] Iter 417 | Total-in: 0 | Non-cached: 0 | Cache-read: 0 | Cache-create: 0 | Output: 0 | Cost: $0 | Duration: 430ms | Turns: 1
[] Iter 423 | No token data (result file empty or parse failed)
[2026-04-04T02:52:33Z] Iter 422 | Total-in: 0 | Non-cached: 0 | Cache-read: 0 | Cache-create: 0 | Output: 0 | Cost: $0 | Duration: 407ms | Turns: 1
[2026-04-04T02:52:33Z] Iter 423 | Total-in: 0 | Non-cached: 0 | Cache-read: 0 | Cache-create: 0 | Output: 0 | Cost: $0 | Duration: 407ms | Turns: 1
[2026-04-04T02:52:38Z] Iter 418 | Total-in: 0 | Non-cached: 0 | Cache-read: 0 | Cache-create: 0 | Output: 0 | Cost: $0 | Duration: 771ms | Turns: 1
[2026-04-04T02:52:42Z] Iter 424 | Total-in: 0 | Non-cached: 0 | Cache-read: 0 | Cache-create: 0 | Output: 0 | Cost: $0 | Duration: 526ms | Turns: 1
[2026-04-04T02:52:47Z] Iter 423 | Total-in: 0 | Non-cached: 0 | Cache-read: 0 | Cache-create: 0 | Output: 0 | Cost: $0 | Duration: 417ms | Turns: 1
[2026-04-04T02:52:47Z] Iter 424 | Total-in: 0 | Non-cached: 0 | Cache-read: 0 | Cache-create: 0 | Output: 0 | Cost: $0 | Duration: 417ms | Turns: 1
[2026-04-04T02:52:53Z] Iter 419 | Total-in: 0 | Non-cached: 0 | Cache-read: 0 | Cache-create: 0 | Output: 0 | Cost: $0 | Duration: 388ms | Turns: 1
[2026-04-04T02:52:56Z] Iter 425 | Total-in: 0 | Non-cached: 0 | Cache-read: 0 | Cache-create: 0 | Output: 0 | Cost: $0 | Duration: 502ms | Turns: 1
[2026-04-04T02:53:02Z] Iter 424 | Total-in: 0 | Non-cached: 0 | Cache-read: 0 | Cache-create: 0 | Output: 0 | Cost: $0 | Duration: 393ms | Turns: 1
[2026-04-04T02:53:03Z] Iter 425 | Total-in: 0 | Non-cached: 0 | Cache-read: 0 | Cache-create: 0 | Output: 0 | Cost: $0 | Duration: 1510ms | Turns: 1
[2026-04-04T02:53:07Z] Iter 420 | Total-in: 0 | Non-cached: 0 | Cache-read: 0 | Cache-create: 0 | Output: 0 | Cost: $0 | Duration: 520ms | Turns: 1
[2026-04-04T02:53:11Z] Iter 426 | Total-in: 0 | Non-cached: 0 | Cache-read: 0 | Cache-create: 0 | Output: 0 | Cost: $0 | Duration: 445ms | Turns: 1
[2026-04-04T02:53:16Z] Iter 425 | Total-in: 0 | Non-cached: 0 | Cache-read: 0 | Cache-create: 0 | Output: 0 | Cost: $0 | Duration: 487ms | Turns: 1
[] Iter 426 | No token data (result file empty or parse failed)
[2026-04-04T02:53:22Z] Iter 421 | Total-in: 0 | Non-cached: 0 | Cache-read: 0 | Cache-create: 0 | Output: 0 | Cost: $0 | Duration: 438ms | Turns: 1
[2026-04-04T02:53:25Z] Iter 427 | Total-in: 0 | Non-cached: 0 | Cache-read: 0 | Cache-create: 0 | Output: 0 | Cost: $0 | Duration: 484ms | Turns: 1
[2026-04-04T02:53:30Z] Iter 426 | Total-in: 0 | Non-cached: 0 | Cache-read: 0 | Cache-create: 0 | Output: 0 | Cost: $0 | Duration: 556ms | Turns: 1
[] Iter 427 | No token data (result file empty or parse failed)
[2026-04-04T02:53:37Z] Iter 422 | Total-in: 0 | Non-cached: 0 | Cache-read: 0 | Cache-create: 0 | Output: 0 | Cost: $0 | Duration: 557ms | Turns: 1
[2026-04-04T02:53:40Z] Iter 428 | Total-in: 0 | Non-cached: 0 | Cache-read: 0 | Cache-create: 0 | Output: 0 | Cost: $0 | Duration: 551ms | Turns: 
[] Iter 427 | No token data (result file empty or parse failed)
[2026-04-04T02:53:47Z] Iter 428 | Total-in: 0 | Non-cached: 0 | Cache-read: 0 | Cache-create: 0 | Output: 0 | Cost: $0 | Duration: 546ms | Turns: 1
[2026-04-04T02:53:51Z] Iter 423 | Total-in: 0 | Non-cached: 0 | Cache-read: 0 | Cache-create: 0 | Output: 0 | Cost: $0 | Duration: 388ms | Turns: 1
[] Iter 429 | No token data (result file empty or parse failed)
[2026-04-04T02:53:59Z] Iter 428 | Total-in: 0 | Non-cached: 0 | Cache-read: 0 | Cache-create: 0 | Output: 0 | Cost: $0 | Duration: ms | Turns: 
[] Iter 429 | No token data (result file empty or parse failed)
[2026-04-04T02:54:06Z] Iter 424 | Total-in: 0 | Non-cached: 0 | Cache-read: 0 | Cache-create: 0 | Output: 0 | Cost: $0 | Duration: 468ms | Turns: 1
[2026-04-04T02:54:09Z] Iter 430 | Total-in: 0 | Non-cached: 0 | Cache-read: 0 | Cache-create:  | Output: 0 | Cost: $ | Duration: ms | Turns: 
[] Iter 429 | No token data (result file empty or parse failed)
[2026-04-04T02:54:16Z] Iter 430 | Total-in: 0 | Non-cached: 0 | Cache-read: 0 | Cache-create: 0 | Output: 0 | Cost: $0 | Duration: 418ms | Turns: 1
[] Iter 425 | No token data (result file empty or parse failed)
[] Iter 431 | No token data (result file empty or parse failed)
[] Iter 430 | No token data (result file empty or parse failed)
[] Iter 431 | No token data (result file empty or parse failed)
[] Iter 426 | No token data (result file empty or parse failed)
[2026-04-04T02:54:39Z] Iter 432 | Total-in: 0 | Non-cached: 0 | Cache-read: 0 | Cache-create: 0 | Output: 0 | Cost: $0 | Duration: 463ms | Turns: 
[] Iter 431 | No token data (result file empty or parse failed)
[] Iter 432 | No token data (result file empty or parse failed)
[2026-04-04T02:54:50Z] Iter 427 | Total-in: 0 | Non-cached: 0 | Cache-read: 0 | Cache-create: 0 | Output: 0 | Cost: $0 | Duration: ms | Turns: 
[2026-04-04T02:54:56Z] Iter 433 | Total-in: 0 | Non-cached: 0 | Cache-read: 0 | Cache-create: 0 | Output: 0 | Cost: $0 | Duration: 468ms | Turns: 1
[2026-04-04T02:54:58Z] Iter 432 | Total-in: 0 | Non-cached: 0 | Cache-read: 0 | Cache-create: 0 | Output: 0 | Cost: $0 | Duration: 449ms | Turns: 1
[2026-04-04T02:55:02Z] Iter 433 | Total-in: 0 | Non-cached: 0 | Cache-read: 0 | Cache-create: 0 | Output: 0 | Cost: $0 | Duration: 588ms | Turns: 1
[] Iter 428 | No token data (result file empty or parse failed)
[2026-04-04T02:55:12Z] Iter 434 | Total-in: 0 | Non-cached: 0 | Cache-read: 0 | Cache-create: 0 | Output: 0 | Cost: $0 | Duration: 586ms | Turns: 1
[] Iter 433 | No token data (result file empty or parse failed)
[2026-04-04T02:55:19Z] Iter 434 | Total-in: 0 | Non-cached: 0 | Cache-read: 0 | Cache-create: 0 | Output: 0 | Cost: $0 | Duration: 521ms | Turns: 1
[2026-04-04T02:55:21Z] Iter 429 | Total-in: 0 | Non-cached: 0 | Cache-read: 0 | Cache-create: 0 | Output: 0 | Cost: $0 | Duration: 465ms | Turns: 1
[2026-04-04T02:55:29Z] Iter 435 | Total-in: 0 | Non-cached:  | Cache-read:  | Cache-create:  | Output:  | Cost: $ | Duration: ms | Turns: 
[2026-04-04T02:55:31Z] Iter 434 | Total-in: 0 | Non-cached: 0 | Cache-read: 0 | Cache-create: 0 | Output: 0 | Cost: $0 | Duration: 457ms | Turns: 1
[2026-04-04T02:55:35Z] Iter 435 | Total-in: 0 | Non-cached: 0 | Cache-read: 0 | Cache-create: 0 | Output: 0 | Cost: $0 | Duration: 471ms | Turns: 1
[] Iter 430 | No token data (result file empty or parse failed)
[] Iter 436 | No token data (result file empty or parse failed)
[2026-04-04T02:55:48Z] Iter 435 | Total-in: 0 | Non-cached: 0 | Cache-read: 0 | Cache-create: 0 | Output: 0 | Cost: $0 | Duration: 481ms | Turns: 1
[2026-04-04T02:55:52Z] Iter 436 | Total-in: 0 | Non-cached: 0 | Cache-read: 0 | Cache-create: 0 | Output: 0 | Cost: $0 | Duration: 453ms | Turns: 1
[2026-04-04T02:55:54Z] Iter 431 | Total-in: 0 | Non-cached: 0 | Cache-read: 0 | Cache-create: 0 | Output: 0 | Cost: $0 | Duration: 509ms | Turns: 1
[2026-04-04T02:56:01Z] Iter 437 | Total-in: 0 | Non-cached: 0 | Cache-read: 0 | Cache-create:  | Output: 0 | Cost: $ | Duration: ms | Turns: 
[2026-04-04T02:56:04Z] Iter 436 | Total-in: 0 | Non-cached: 0 | Cache-read: 0 | Cache-create: 0 | Output: 0 | Cost: $0 | Duration: 481ms | Turns: 1
[2026-04-04T02:56:09Z] Iter 437 | Total-in: 0 | Non-cached: 0 | Cache-read: 0 | Cache-create: 0 | Output: 0 | Cost: $0 | Duration: 492ms | Turns: 
[2026-04-04T02:56:11Z] Iter 432 | Total-in: 0 | Non-cached: 0 | Cache-read: 0 | Cache-create: 0 | Output: 0 | Cost: $0 | Duration: 471ms | Turns: 1
[2026-04-04T02:56:18Z] Iter 438 | Total-in: 0 | Non-cached: 0 | Cache-read: 0 | Cache-create: 0 | Output: 0 | Cost: $0 | Duration: 507ms | Turns: 1
[2026-04-04T02:56:21Z] Iter 437 | Total-in: 0 | Non-cached: 0 | Cache-read: 0 | Cache-create: 0 | Output: 0 | Cost: $0 | Duration: 572ms | Turns: 1
[] Iter 438 | No token data (result file empty or parse failed)
[2026-04-04T02:56:28Z] Iter 433 | Total-in: 0 | Non-cached: 0 | Cache-read: 0 | Cache-create: 0 | Output: 0 | Cost: $0 | Duration: 490ms | Turns: 1
[2026-04-04T02:56:37Z] Iter 439 | Total-in: 0 | Non-cached: 0 | Cache-read: 0 | Cache-create: 0 | Output: 0 | Cost: $0 | Duration: 429ms | Turns: 1
[2026-04-04T02:56:38Z] Iter 438 | Total-in: 0 | Non-cached: 0 | Cache-read: 0 | Cache-create: 0 | Output: 0 | Cost: $0 | Duration: 429ms | Turns: 1
[2026-04-04T02:56:42Z] Iter 439 | Total-in: 0 | Non-cached: 0 | Cache-read: 0 | Cache-create: 0 | Output: 0 | Cost: $0 | Duration: 581ms | Turns: 1
[] Iter 434 | No token data (result file empty or parse failed)
[2026-04-04T02:56:52Z] Iter 440 | Total-in: 0 | Non-cached: 0 | Cache-read: 0 | Cache-create: 0 | Output: 0 | Cost: $0 | Duration: 398ms | Turns: 1
[2026-04-04T02:56:53Z] Iter 439 | Total-in: 0 | Non-cached: 0 | Cache-read: 0 | Cache-create: 0 | Output: 0 | Cost: $0 | Duration: 503ms | Turns: 1
[2026-04-04T02:56:57Z] Iter 440 | Total-in: 0 | Non-cached: 0 | Cache-read: 0 | Cache-create: 0 | Output: 0 | Cost: $0 | Duration: 494ms | Turns: 1
[] Iter 435 | No token data (result file empty or parse failed)
[] Iter 441 | No token data (result file empty or parse failed)
[2026-04-04T02:57:09Z] Iter 440 | Total-in: 0 | Non-cached: 0 | Cache-read: 0 | Cache-create: 0 | Output: 0 | Cost: $0 | Duration: 430ms | Turns: 1
[2026-04-04T02:57:12Z] Iter 441 | Total-in: 0 | Non-cached: 0 | Cache-read: 0 | Cache-create: 0 | Output: 0 | Cost: $0 | Duration: 718ms | Turns: 1
[2026-04-04T02:57:13Z] Iter 436 | Total-in: 0 | Non-cached: 0 | Cache-read: 0 | Cache-create: 0 | Output: 0 | Cost: $0 | Duration: 429ms | Turns: 1
[2026-04-04T02:57:19Z] Iter 442 | Total-in: 0 | Non-cached: 0 | Cache-read: 0 | Cache-create: 0 | Output: 0 | Cost: $0 | Duration: 423ms | Turns: 1
[2026-04-04T02:57:23Z] Iter 441 | Total-in: 0 | Non-cached: 0 | Cache-read: 0 | Cache-create: 0 | Output: 0 | Cost: $0 | Duration: 490ms | Turns: 1
[] Iter 442 | No token data (result file empty or parse failed)
[2026-04-04T02:57:30Z] Iter 437 | Total-in: 0 | Non-cached: 0 | Cache-read: 0 | Cache-create: 0 | Output: 0 | Cost: $0 | Duration: 501ms | Turns: 1
[2026-04-04T02:57:33Z] Iter 443 | Total-in: 0 | Non-cached: 0 | Cache-read: 0 | Cache-create: 0 | Output: 0 | Cost: $0 | Duration: 435ms | Turns: 1
[2026-04-04T02:57:39Z] Iter 442 | Total-in: 0 | Non-cached: 0 | Cache-read: 0 | Cache-create: 0 | Output: 0 | Cost: $0 | Duration: 434ms | Turns: 1
[] Iter 443 | No token data (result file empty or parse failed)
[2026-04-04T02:57:44Z] Iter 438 | Total-in: 0 | Non-cached: 0 | Cache-read: 0 | Cache-create: 0 | Output: 0 | Cost: $0 | Duration: 416ms | Turns: 1
[2026-04-04T02:57:48Z] Iter 444 | Total-in: 0 | Non-cached: 0 | Cache-read: 0 | Cache-create: 0 | Output: 0 | Cost: $0 | Duration: 411ms | Turns: 1
[2026-04-04T02:57:55Z] Iter 443 | Total-in: 0 | Non-cached: 0 | Cache-read: 0 | Cache-create: 0 | Output: 0 | Cost: $0 | Duration: 1595ms | Turns: 1
[2026-04-04T02:57:57Z] Iter 444 | Total-in: 0 | Non-cached: 0 | Cache-read: 0 | Cache-create: 0 | Output: 0 | Cost: $0 | Duration: 408ms | Turns: 1
[2026-04-04T02:57:59Z] Iter 439 | Total-in: 0 | Non-cached: 0 | Cache-read: 0 | Cache-create: 0 | Output: 0 | Cost: $0 | Duration: 440ms | Turns: 1
[2026-04-04T02:58:02Z] Iter 445 | Total-in: 0 | Non-cached: 0 | Cache-read: 0 | Cache-create: 0 | Output: 0 | Cost: $0 | Duration: 444ms | Turns: 1
[2026-04-04T02:58:09Z] Iter 444 | Total-in: 0 | Non-cached: 0 | Cache-read: 0 | Cache-create: 0 | Output: 0 | Cost: $0 | Duration: 453ms | Turns: 1
[2026-04-04T02:58:12Z] Iter 445 | Total-in: 0 | Non-cached: 0 | Cache-read: 0 | Cache-create: 0 | Output: 0 | Cost: $0 | Duration: 583ms | Turns: 1
[2026-04-04T02:58:13Z] Iter 440 | Total-in: 0 | Non-cached: 0 | Cache-read: 0 | Cache-create: 0 | Output: 0 | Cost: $0 | Duration: 512ms | Turns: 1
[2026-04-04T02:58:18Z] Iter 446 | Total-in: 0 | Non-cached: 0 | Cache-read: 0 | Cache-create: 0 | Output: 0 | Cost: $0 | Duration: 431ms | Turns: 1
[2026-04-04T02:58:24Z] Iter 445 | Total-in: 0 | Non-cached: 0 | Cache-read: 0 | Cache-create: 0 | Output: 0 | Cost: $0 | Duration: 406ms | Turns: 1
[2026-04-04T02:58:27Z] Iter 446 | Total-in: 0 | Non-cached: 0 | Cache-read: 0 | Cache-create: 0 | Output: 0 | Cost: $0 | Duration: 575ms | Turns: 1
[2026-04-04T02:58:28Z] Iter 441 | Total-in: 0 | Non-cached: 0 | Cache-read: 0 | Cache-create: 0 | Output: 0 | Cost: $0 | Duration: 417ms | Turns: 1
[] Iter 447 | No token data (result file empty or parse failed)
[] Iter 446 | No token data (result file empty or parse failed)
[2026-04-04T02:58:44Z] Iter 447 | Total-in: 0 | Non-cached: 0 | Cache-read: 0 | Cache-create: 0 | Output: 0 | Cost: $0 | Duration: 450ms | Turns: 1
[2026-04-04T02:58:44Z] Iter 442 | Total-in: 0 | Non-cached: 0 | Cache-read: 0 | Cache-create: 0 | Output: 0 | Cost: $0 | Duration: 450ms | Turns: 1
[2026-04-04T02:58:48Z] Iter 448 | Total-in: 0 | Non-cached: 0 | Cache-read: 0 | Cache-create: 0 | Output: 0 | Cost: $0 | Duration: 393ms | Turns: 1
[2026-04-04T02:58:54Z] Iter 447 | Total-in: 0 | Non-cached: 0 | Cache-read: 0 | Cache-create: 0 | Output: 0 | Cost: $0 | Duration: 429ms | Turns: 1
[2026-04-04T02:58:59Z] Iter 448 | Total-in: 0 | Non-cached: 0 | Cache-read: 0 | Cache-create: 0 | Output: 0 | Cost: $0 | Duration: 591ms | Turns: 1
[2026-04-04T02:59:00Z] Iter 443 | Total-in: 0 | Non-cached: 0 | Cache-read: 0 | Cache-create: 0 | Output: 0 | Cost: $0 | Duration: 591ms | Turns: 1
[2026-04-04T02:59:03Z] Iter 449 | Total-in: 0 | Non-cached: 0 | Cache-read: 0 | Cache-create: 0 | Output: 0 | Cost: $0 | Duration: 420ms | Turns: 1
[2026-04-04T02:59:10Z] Iter 448 | Total-in: 0 | Non-cached: 0 | Cache-read: 0 | Cache-create: 0 | Output: 0 | Cost: $0 | Duration: 431ms | Turns: 1
[2026-04-04T02:59:15Z] Iter 449 | Total-in: 0 | Non-cached: 0 | Cache-read: 0 | Cache-create: 0 | Output: 0 | Cost: $0 | Duration: 431ms | Turns: 1
[2026-04-04T02:59:17Z] Iter 444 | Total-in: 0 | Non-cached: 0 | Cache-read: 0 | Cache-create: 0 | Output: 0 | Cost: $0 | Duration: 445ms | Turns: 1
[2026-04-04T02:59:19Z] Iter 450 | Total-in: 0 | Non-cached: 0 | Cache-read: 0 | Cache-create: 0 | Output: 0 | Cost: $0 | Duration: 861ms | Turns: 1
[2026-04-04T02:59:26Z] Iter 449 | Total-in: 0 | Non-cached: 0 | Cache-read: 0 | Cache-create: 0 | Output: 0 | Cost: $0 | Duration: 532ms | Turns: 1
[2026-04-04T02:59:32Z] Iter 450 | Total-in: 0 | Non-cached: 0 | Cache-read: 0 | Cache-create: 0 | Output: 0 | Cost: $0 | Duration: 790ms | Turns: 1
[2026-04-04T02:59:33Z] Iter 445 | Total-in: 0 | Non-cached: 0 | Cache-read: 0 | Cache-create: 0 | Output: 0 | Cost: $0 | Duration: 532ms | Turns: 1
[2026-04-04T02:59:35Z] Iter 451 | Total-in: 0 | Non-cached: 0 | Cache-read: 0 | Cache-create: 0 | Output: 0 | Cost: $0 | Duration: 530ms | Turns: 1
[2026-04-04T02:59:42Z] Iter 450 | Total-in: 0 | Non-cached: 0 | Cache-read: 0 | Cache-create: 0 | Output: 0 | Cost: $0 | Duration: 538ms | Turns: 1
[2026-04-04T02:59:48Z] Iter 451 | Total-in: 0 | Non-cached: 0 | Cache-read: 0 | Cache-create: 0 | Output: 0 | Cost: $0 | Duration: 544ms | Turns: 1
[2026-04-04T02:59:49Z] Iter 446 | Total-in: 0 | Non-cached: 0 | Cache-read: 0 | Cache-create: 0 | Output: 0 | Cost: $0 | Duration: 464ms | Turns: 1
[2026-04-04T02:59:52Z] Iter 452 | Total-in: 0 | Non-cached: 0 | Cache-read: 0 | Cache-create: 0 | Output: 0 | Cost: $0 | Duration: 465ms | Turns: 1
[2026-04-04T02:59:57Z] Iter 451 | Total-in: 0 | Non-cached:  | Cache-read:  | Cache-create:  | Output:  | Cost: $ | Duration: ms | Turns: 
[2026-04-04T03:00:07Z] Iter 447 | Total-in: 0 | Non-cached: 0 | Cache-read: 0 | Cache-create: 0 | Output: 0 | Cost: $0 | Duration: 540ms | Turns: 1
[2026-04-04T03:00:08Z] Iter 452 | Total-in: 0 | Non-cached: 0 | Cache-read: 0 | Cache-create: 0 | Output: 0 | Cost: $0 | Duration: 540ms | Turns: 1
[2026-04-04T03:00:10Z] Iter 453 | Total-in: 0 | Non-cached: 0 | Cache-read: 0 | Cache-create: 0 | Output: 0 | Cost: $0 | Duration: 491ms | Turns: 1
[2026-04-04T03:00:14Z] Iter 452 | Total-in: 0 | Non-cached: 0 | Cache-read:  | Cache-create:  | Output: 0 | Cost: $ | Duration: ms | Turns: 
[2026-04-04T03:00:24Z] Iter 448 | Total-in: 0 | Non-cached: 0 | Cache-read: 0 | Cache-create: 0 | Output: 0 | Cost: $0 | Duration: 602ms | Turns: 1
[2026-04-04T03:00:25Z] Iter 453 | Total-in: 0 | Non-cached: 0 | Cache-read: 0 | Cache-create: 0 | Output: 0 | Cost: $0 | Duration: 615ms | Turns: 1
[2026-04-04T03:00:27Z] Iter 454 | Total-in: 0 | Non-cached: 0 | Cache-read: 0 | Cache-create: 0 | Output: 0 | Cost: $0 | Duration: 628ms | Turns: 1
[] Iter 453 | No token data (result file empty or parse failed)
[2026-04-04T03:00:42Z] Iter 449 | Total-in: 0 | Non-cached: 0 | Cache-read: 0 | Cache-create: 0 | Output: 0 | Cost: $0 | Duration: 520ms | Turns: 1
[2026-04-04T03:00:43Z] Iter 454 | Total-in: 0 | Non-cached: 0 | Cache-read: 0 | Cache-create: 0 | Output: 0 | Cost: $0 | Duration: 544ms | Turns: 1
[2026-04-04T03:00:46Z] Iter 455 | Total-in: 0 | Non-cached: 0 | Cache-read: 0 | Cache-create: 0 | Output: 0 | Cost: $0 | Duration: 531ms | Turns: 1
[2026-04-04T03:00:49Z] Iter 454 | Total-in: 0 | Non-cached: 0 | Cache-read: 0 | Cache-create: 0 | Output: 0 | Cost: $0 | Duration: 474ms | Turns: 1
[] Iter 450 | No token data (result file empty or parse failed)
[2026-04-04T03:01:02Z] Iter 455 | Total-in: 0 | Non-cached: 0 | Cache-read: 0 | Cache-create: 0 | Output: 0 | Cost: $0 | Duration: 1581ms | Turns: 1
[2026-04-04T03:01:04Z] Iter 456 | Total-in: 0 | Non-cached: 0 | Cache-read: 0 | Cache-create: 0 | Output: 0 | Cost: $0 | Duration: 506ms | Turns: 1
[2026-04-04T03:01:08Z] Iter 451 | Total-in: 0 | Non-cached: 0 | Cache-read: 0 | Cache-create: 0 | Output: 0 | Cost: $0 | Duration: 474ms | Turns: 1
[2026-04-04T03:01:08Z] Iter 455 | Total-in: 0 | Non-cached: 0 | Cache-read: 0 | Cache-create: 0 | Output: 0 | Cost: $0 | Duration: 474ms | Turns: 1
[2026-04-04T03:01:19Z] Iter 456 | Total-in: 0 | Non-cached: 0 | Cache-read: 0 | Cache-create: 0 | Output: 0 | Cost: $0 | Duration: 426ms | Turns: 1
[2026-04-04T03:01:21Z] Iter 457 | Total-in: 0 | Non-cached: 0 | Cache-read: 0 | Cache-create: 0 | Output: 0 | Cost: $0 | Duration: 506ms | Turns: 1
[2026-04-04T03:01:24Z] Iter 452 | Total-in: 0 | Non-cached: 0 | Cache-read: 0 | Cache-create: 0 | Output: 0 | Cost: $0 | Duration: 532ms | Turns: 1
[2026-04-04T03:01:24Z] Iter 456 | Total-in: 0 | Non-cached: 0 | Cache-read: 0 | Cache-create: 0 | Output: 0 | Cost: $0 | Duration: 532ms | Turns: 1
[2026-04-04T03:01:34Z] Iter 457 | Total-in: 0 | Non-cached: 0 | Cache-read: 0 | Cache-create: 0 | Output: 0 | Cost: $0 | Duration: 489ms | Turns: 1
[2026-04-04T03:01:36Z] Iter 458 | Total-in: 0 | Non-cached: 0 | Cache-read: 0 | Cache-create: 0 | Output: 0 | Cost: $0 | Duration: 539ms | Turns: 1
[2026-04-04T03:01:38Z] Iter 453 | Total-in: 0 | Non-cached: 0 | Cache-read: 0 | Cache-create: 0 | Output: 0 | Cost: $0 | Duration: 374ms | Turns: 1
[2026-04-04T03:01:39Z] Iter 457 | Total-in: 0 | Non-cached: 0 | Cache-read: 0 | Cache-create: 0 | Output: 0 | Cost: $0 | Duration: 374ms | Turns: 1
[2026-04-04T03:01:49Z] Iter 458 | Total-in: 0 | Non-cached: 0 | Cache-read: 0 | Cache-create: 0 | Output: 0 | Cost: $0 | Duration: 811ms | Turns: 1
[2026-04-04T03:01:51Z] Iter 459 | Total-in: 0 | Non-cached: 0 | Cache-read: 0 | Cache-create: 0 | Output: 0 | Cost: $0 | Duration: 504ms | Turns: 1
[2026-04-04T03:01:53Z] Iter 454 | Total-in: 0 | Non-cached: 0 | Cache-read: 0 | Cache-create: 0 | Output: 0 | Cost: $0 | Duration: 487ms | Turns: 1
[2026-04-04T03:01:54Z] Iter 458 | Total-in: 0 | Non-cached: 0 | Cache-read: 0 | Cache-create: 0 | Output: 0 | Cost: $0 | Duration: 487ms | Turns: 1
[2026-04-04T03:02:04Z] Iter 459 | Total-in: 0 | Non-cached: 0 | Cache-read: 0 | Cache-create: 0 | Output: 0 | Cost: $0 | Duration: 505ms | Turns: 1
[2026-04-04T03:02:06Z] Iter 460 | Total-in: 0 | Non-cached: 0 | Cache-read: 0 | Cache-create: 0 | Output: 0 | Cost: $0 | Duration: 454ms | Turns: 1
[2026-04-04T03:02:09Z] Iter 455 | Total-in: 0 | Non-cached: 0 | Cache-read: 0 | Cache-create: 0 | Output: 0 | Cost: $0 | Duration: 599ms | Turns: 1
[2026-04-04T03:02:09Z] Iter 459 | Total-in: 0 | Non-cached: 0 | Cache-read: 0 | Cache-create: 0 | Output: 0 | Cost: $0 | Duration: 599ms | Turns: 1
[2026-04-04T03:02:18Z] Iter 460 | Total-in: 0 | Non-cached: 0 | Cache-read: 0 | Cache-create: 0 | Output: 0 | Cost: $0 | Duration: 440ms | Turns: 1
[2026-04-04T03:02:21Z] Iter 461 | Total-in: 0 | Non-cached: 0 | Cache-read: 0 | Cache-create: 0 | Output: 0 | Cost: $0 | Duration: 422ms | Turns: 1
[2026-04-04T03:02:23Z] Iter 460 | Total-in: 0 | Non-cached: 0 | Cache-read: 0 | Cache-create: 0 | Output: 0 | Cost: $0 | Duration: 458ms | Turns: 1
[2026-04-04T03:02:24Z] Iter 456 | Total-in: 0 | Non-cached: 0 | Cache-read: 0 | Cache-create: 0 | Output: 0 | Cost: $0 | Duration: 458ms | Turns: 1
[2026-04-04T03:02:33Z] Iter 461 | Total-in: 0 | Non-cached: 0 | Cache-read: 0 | Cache-create: 0 | Output: 0 | Cost: $0 | Duration: 1474ms | Turns: 1
[2026-04-04T03:02:36Z] Iter 462 | Total-in: 0 | Non-cached: 0 | Cache-read: 0 | Cache-create: 0 | Output: 0 | Cost: $0 | Duration: 437ms | Turns: 1
[2026-04-04T03:02:39Z] Iter 461 | Total-in: 0 | Non-cached: 0 | Cache-read: 0 | Cache-create: 0 | Output: 0 | Cost: $0 | Duration: 449ms | Turns: 1
[2026-04-04T03:02:39Z] Iter 457 | Total-in: 0 | Non-cached: 0 | Cache-read: 0 | Cache-create: 0 | Output: 0 | Cost: $0 | Duration: 449ms | Turns: 1
[2026-04-04T03:02:48Z] Iter 462 | Total-in: 0 | Non-cached: 0 | Cache-read: 0 | Cache-create: 0 | Output: 0 | Cost: $0 | Duration: 437ms | Turns: 1
[2026-04-04T03:02:51Z] Iter 463 | Total-in: 0 | Non-cached: 0 | Cache-read: 0 | Cache-create: 0 | Output: 0 | Cost: $0 | Duration: 512ms | Turns: 1
[2026-04-04T03:02:54Z] Iter 458 | Total-in: 0 | Non-cached: 0 | Cache-read: 0 | Cache-create: 0 | Output: 0 | Cost: $0 | Duration: 426ms | Turns: 1
[2026-04-04T03:02:55Z] Iter 462 | Total-in: 0 | Non-cached: 0 | Cache-read: 0 | Cache-create: 0 | Output: 0 | Cost: $0 | Duration: 435ms | Turns: 1
[2026-04-04T03:03:03Z] Iter 463 | Total-in: 0 | Non-cached: 0 | Cache-read:  | Cache-create:  | Output:  | Cost: $ | Duration: ms | Turns: 
[2026-04-04T03:03:08Z] Iter 464 | Total-in: 0 | Non-cached: 0 | Cache-read: 0 | Cache-create: 0 | Output: 0 | Cost: $0 | Duration: 1030ms | Turns: 1
[2026-04-04T03:03:10Z] Iter 463 | Total-in: 0 | Non-cached: 0 | Cache-read: 0 | Cache-create: 0 | Output: 0 | Cost: $ | Duration: ms | Turns: 
[2026-04-04T03:03:12Z] Iter 459 | Total-in: 0 | Non-cached: 0 | Cache-read: 0 | Cache-create: 0 | Output: 0 | Cost: $0 | Duration: 482ms | Turns: 1
[] Iter 464 | No token data (result file empty or parse failed)
[2026-04-04T03:03:23Z] Iter 465 | Total-in: 0 | Non-cached: 0 | Cache-read: 0 | Cache-create: 0 | Output: 0 | Cost: $0 | Duration: 473ms | Turns: 1
[] Iter 464 | No token data (result file empty or parse failed)
[2026-04-04T03:03:28Z] Iter 460 | Total-in: 0 | Non-cached: 0 | Cache-read: 0 | Cache-create: 0 | Output: 0 | Cost: $0 | Duration: 429ms | Turns: 1
[2026-04-04T03:03:34Z] Iter 465 | Total-in: 0 | Non-cached: 0 | Cache-read: 0 | Cache-create: 0 | Output: 0 | Cost: $0 | Duration: 476ms | Turns: 1
[2026-04-04T03:03:39Z] Iter 466 | Total-in: 0 | Non-cached: 0 | Cache-read: 0 | Cache-create: 0 | Output: 0 | Cost: $0 | Duration: 534ms | Turns: 1
[2026-04-04T03:03:41Z] Iter 465 | Total-in: 0 | Non-cached: 0 | Cache-read: 0 | Cache-create: 0 | Output: 0 | Cost: $0 | Duration: 523ms | Turns: 1
[2026-04-04T03:03:44Z] Iter 461 | Total-in: 0 | Non-cached: 0 | Cache-read: 0 | Cache-create: 0 | Output: 0 | Cost: $0 | Duration: 521ms | Turns: 1
[2026-04-04T03:03:51Z] Iter 466 | Total-in: 0 | Non-cached: 0 | Cache-read: 0 | Cache-create: 0 | Output: 0 | Cost: $0 | Duration: 520ms | Turns: 1
[2026-04-04T03:03:54Z] Iter 467 | Total-in: 0 | Non-cached: 0 | Cache-read: 0 | Cache-create: 0 | Output: 0 | Cost: $0 | Duration: 589ms | Turns: 1
[2026-04-04T03:03:57Z] Iter 466 | Total-in: 0 | Non-cached: 0 | Cache-read: 0 | Cache-create: 0 | Output: 0 | Cost: $0 | Duration: 653ms | Turns: 1
[] Iter 462 | No token data (result file empty or parse failed)
[2026-04-04T03:04:06Z] Iter 467 | Total-in: 0 | Non-cached: 0 | Cache-read: 0 | Cache-create: 0 | Output: 0 | Cost: $0 | Duration: 540ms | Turns: 1
[2026-04-04T03:04:11Z] Iter 468 | Total-in: 0 | Non-cached: 0 | Cache-read: 0 | Cache-create: 0 | Output: 0 | Cost: $0 | Duration: 558ms | Turns: 1
[2026-04-04T03:04:13Z] Iter 467 | Total-in: 0 | Non-cached: 0 | Cache-read: 0 | Cache-create: 0 | Output: 0 | Cost: $0 | Duration: 445ms | Turns: 1
[2026-04-04T03:04:17Z] Iter 463 | Total-in: 0 | Non-cached: 0 | Cache-read: 0 | Cache-create: 0 | Output: 0 | Cost: $0 | Duration: 479ms | Turns: 1
[2026-04-04T03:04:22Z] Iter 468 | Total-in: 0 | Non-cached: 0 | Cache-read: 0 | Cache-create: 0 | Output: 0 | Cost: $0 | Duration: 485ms | Turns: 1
[2026-04-04T03:04:29Z] Iter 469 | Total-in: 0 | Non-cached: 0 | Cache-read: 0 | Cache-create: 0 | Output: 0 | Cost: $0 | Duration: 475ms | Turns: 1
[2026-04-04T03:04:29Z] Iter 468 | Total-in: 0 | Non-cached: 0 | Cache-read: 0 | Cache-create: 0 | Output: 0 | Cost: $0 | Duration: 475ms | Turns: 1
[2026-04-04T03:04:34Z] Iter 464 | Total-in: 0 | Non-cached: 0 | Cache-read: 0 | Cache-create: 0 | Output: 0 | Cost: $0 | Duration: 536ms | Turns: 1
[2026-04-04T03:04:39Z] Iter 469 | Total-in: 0 | Non-cached: 0 | Cache-read: 0 | Cache-create: 0 | Output: 0 | Cost: $0 | Duration: 461ms | Turns: 1
[2026-04-04T03:04:46Z] Iter 470 | Total-in: 0 | Non-cached: 0 | Cache-read: 0 | Cache-create: 0 | Output: 0 | Cost: $0 | Duration: 498ms | Turns: 1
[] Iter 469 | No token data (result file empty or parse failed)
[2026-04-04T03:04:51Z] Iter 465 | Total-in: 0 | Non-cached: 0 | Cache-read: 0 | Cache-create: 0 | Output: 0 | Cost: $0 | Duration: 589ms | Turns: 1
[2026-04-04T03:04:56Z] Iter 470 | Total-in: 0 | Non-cached: 0 | Cache-read: 0 | Cache-create: 0 | Output: 0 | Cost: $0 | Duration: 492ms | Turns: 1
[] Iter 470 | No token data (result file empty or parse failed)
[2026-04-04T03:05:05Z] Iter 471 | Total-in: 0 | Non-cached: 0 | Cache-read: 0 | Cache-create: 0 | Output: 0 | Cost: $0 | Duration: 552ms | Turns: 1
[2026-04-04T03:05:08Z] Iter 466 | Total-in: 0 | Non-cached: 0 | Cache-read: 0 | Cache-create: 0 | Output: 0 | Cost: $0 | Duration: 481ms | Turns: 1
[2026-04-04T03:05:15Z] Iter 471 | Total-in: 0 | Non-cached: 0 | Cache-read: 0 | Cache-create: 0 | Output: 0 | Cost: $0 | Duration: 1465ms | Turns: 1
[2026-04-04T03:05:20Z] Iter 471 | Total-in: 0 | Non-cached: 0 | Cache-read: 0 | Cache-create: 0 | Output: 0 | Cost: $0 | Duration: 615ms | Turns: 1
[2026-04-04T03:05:23Z] Iter 472 | Total-in: 0 | Non-cached: 0 | Cache-read: 0 | Cache-create: 0 | Output: 0 | Cost: $0 | Duration: 544ms | Turns: 1
[2026-04-04T03:05:26Z] Iter 467 | Total-in: 0 | Non-cached: 0 | Cache-read: 0 | Cache-create: 0 | Output: 0 | Cost: $0 | Duration: 488ms | Turns: 1
[2026-04-04T03:05:32Z] Iter 472 | Total-in: 0 | Non-cached: 0 | Cache-read: 0 | Cache-create: 0 | Output: 0 | Cost: $0 | Duration: 539ms | Turns: 1
[2026-04-04T03:05:37Z] Iter 472 | Total-in: 0 | Non-cached: 0 | Cache-read: 0 | Cache-create: 0 | Output: 0 | Cost: $0 | Duration: 494ms | Turns: 1
[2026-04-04T03:05:41Z] Iter 473 | Total-in: 0 | Non-cached: 0 | Cache-read: 0 | Cache-create: 0 | Output: 0 | Cost: $0 | Duration: 1293ms | Turns: 1
[2026-04-04T03:05:42Z] Iter 468 | Total-in: 0 | Non-cached: 0 | Cache-read: 0 | Cache-create: 0 | Output: 0 | Cost: $0 | Duration: 544ms | Turns: 1
[2026-04-04T03:05:46Z] Iter 473 | Total-in: 0 | Non-cached: 0 | Cache-read: 0 | Cache-create: 0 | Output: 0 | Cost: $0 | Duration: 415ms | Turns: 1
[2026-04-04T03:05:52Z] Iter 473 | Total-in: 0 | Non-cached: 0 | Cache-read: 0 | Cache-create: 0 | Output: 0 | Cost: $0 | Duration: 452ms | Turns: 1
[2026-04-04T03:05:57Z] Iter 474 | Total-in: 0 | Non-cached: 0 | Cache-read: 0 | Cache-create: 0 | Output: 0 | Cost: $0 | Duration: 473ms | Turns: 1
[2026-04-04T03:05:57Z] Iter 469 | Total-in: 0 | Non-cached: 0 | Cache-read: 0 | Cache-create: 0 | Output: 0 | Cost: $0 | Duration: 473ms | Turns: 1
[] Iter 474 | No token data (result file empty or parse failed)
[2026-04-04T03:06:06Z] Iter 474 | Total-in: 0 | Non-cached: 0 | Cache-read: 0 | Cache-create: 0 | Output: 0 | Cost: $0 | Duration: 470ms | Turns: 1
[2026-04-04T03:06:11Z] Iter 475 | Total-in: 0 | Non-cached: 0 | Cache-read: 0 | Cache-create: 0 | Output: 0 | Cost: $0 | Duration: 527ms | Turns: 1
[2026-04-04T03:06:11Z] Iter 470 | Total-in: 0 | Non-cached: 0 | Cache-read: 0 | Cache-create: 0 | Output: 0 | Cost: $0 | Duration: 527ms | Turns: 1
[2026-04-04T03:06:15Z] Iter 475 | Total-in: 0 | Non-cached: 0 | Cache-read: 0 | Cache-create: 0 | Output: 0 | Cost: $0 | Duration: 745ms | Turns: 1
[] Iter 475 | No token data (result file empty or parse failed)
[2026-04-04T03:06:26Z] Iter 476 | Total-in: 0 | Non-cached: 0 | Cache-read: 0 | Cache-create: 0 | Output: 0 | Cost: $0 | Duration: 435ms | Turns: 1
[2026-04-04T03:06:26Z] Iter 471 | Total-in: 0 | Non-cached: 0 | Cache-read: 0 | Cache-create: 0 | Output: 0 | Cost: $0 | Duration: 435ms | Turns: 1
[2026-04-04T03:06:29Z] Iter 476 | Total-in: 0 | Non-cached: 0 | Cache-read: 0 | Cache-create: 0 | Output: 0 | Cost: $0 | Duration: 771ms | Turns: 1
[2026-04-04T03:06:34Z] Iter 476 | Total-in: 0 | Non-cached: 0 | Cache-read: 0 | Cache-create: 0 | Output: 0 | Cost: $0 | Duration: 550ms | Turns: 1
[2026-04-04T03:06:41Z] Iter 472 | Total-in: 0 | Non-cached: 0 | Cache-read: 0 | Cache-create: 0 | Output: 0 | Cost: $0 | Duration: 437ms | Turns: 1
[2026-04-04T03:06:42Z] Iter 477 | Total-in: 0 | Non-cached: 0 | Cache-read: 0 | Cache-create: 0 | Output: 0 | Cost: $0 | Duration: 443ms | Turns: 1
[2026-04-04T03:06:45Z] Iter 477 | Total-in: 0 | Non-cached: 0 | Cache-read: 0 | Cache-create: 0 | Output: 0 | Cost: $0 | Duration: 450ms | Turns: 1
[2026-04-04T03:06:48Z] Iter 477 | Total-in: 0 | Non-cached: 0 | Cache-read: 0 | Cache-create: 0 | Output: 0 | Cost: $0 | Duration: 504ms | Turns: 1
[2026-04-04T03:06:55Z] Iter 473 | Total-in: 0 | Non-cached: 0 | Cache-read: 0 | Cache-create: 0 | Output: 0 | Cost: $0 | Duration: 473ms | Turns: 
[2026-04-04T03:06:58Z] Iter 478 | Total-in: 0 | Non-cached: 0 | Cache-read: 0 | Cache-create: 0 | Output: 0 | Cost: $0 | Duration: 564ms | Turns: 1
[2026-04-04T03:07:00Z] Iter 478 | Total-in: 0 | Non-cached: 0 | Cache-read: 0 | Cache-create: 0 | Output: 0 | Cost: $0 | Duration: 493ms | Turns: 1
[] Iter 478 | No token data (result file empty or parse failed)
[2026-04-04T03:07:10Z] Iter 474 | Total-in: 0 | Non-cached: 0 | Cache-read: 0 | Cache-create: 0 | Output: 0 | Cost: $0 | Duration: 493ms | Turns: 1
[2026-04-04T03:07:13Z] Iter 479 | Total-in: 0 | Non-cached: 0 | Cache-read: 0 | Cache-create: 0 | Output: 0 | Cost: $0 | Duration: 556ms | Turns: 1
[2026-04-04T03:07:15Z] Iter 479 | Total-in: 0 | Non-cached: 0 | Cache-read: 0 | Cache-create: 0 | Output: 0 | Cost: $0 | Duration: 622ms | Turns: 1
[2026-04-04T03:07:18Z] Iter 479 | Total-in: 0 | Non-cached: 0 | Cache-read: 0 | Cache-create: 0 | Output: 0 | Cost: $0 | Duration: ms | Turns: 
[] Iter 475 | No token data (result file empty or parse failed)
[2026-04-04T03:07:28Z] Iter 480 | Total-in: 0 | Non-cached: 0 | Cache-read: 0 | Cache-create: 0 | Output: 0 | Cost: $0 | Duration: 482ms | Turns: 1
[2026-04-04T03:07:30Z] Iter 480 | Total-in: 0 | Non-cached: 0 | Cache-read: 0 | Cache-create: 0 | Output: 0 | Cost: $0 | Duration: 551ms | Turns: 1
[2026-04-04T03:07:32Z] Iter 480 | Total-in: 0 | Non-cached: 0 | Cache-read:  | Cache-create:  | Output: 0 | Cost: $ | Duration: ms | Turns: 
[2026-04-04T03:07:40Z] Iter 476 | Total-in: 0 | Non-cached: 0 | Cache-read: 0 | Cache-create: 0 | Output: 0 | Cost: $0 | Duration: 681ms | Turns: 1
[2026-04-04T03:07:43Z] Iter 481 | Total-in: 0 | Non-cached: 0 | Cache-read: 0 | Cache-create: 0 | Output: 0 | Cost: $0 | Duration: 421ms | Turns: 1
[2026-04-04T03:07:46Z] Iter 481 | Total-in: 0 | Non-cached: 0 | Cache-read: 0 | Cache-create: 0 | Output: 0 | Cost: $0 | Duration: 512ms | Turns: 1
[2026-04-04T03:07:49Z] Iter 481 | Total-in: 0 | Non-cached: 0 | Cache-read: 0 | Cache-create: 0 | Output: 0 | Cost: $0 | Duration: 409ms | Turns: 1
[2026-04-04T03:07:55Z] Iter 477 | Total-in: 0 | Non-cached: 0 | Cache-read: 0 | Cache-create: 0 | Output: 0 | Cost: $0 | Duration: 694ms | Turns: 1
[2026-04-04T03:08:00Z] Iter 482 | Total-in: 0 | Non-cached: 0 | Cache-read: 0 | Cache-create: 0 | Output: 0 | Cost: $0 | Duration: 502ms | Turns: 1
[2026-04-04T03:08:02Z] Iter 482 | Total-in: 0 | Non-cached: 0 | Cache-read: 0 | Cache-create: 0 | Output: 0 | Cost: $0 | Duration: 535ms | Turns: 1
[2026-04-04T03:08:05Z] Iter 482 | Total-in: 0 | Non-cached: 0 | Cache-read: 0 | Cache-create: 0 | Output: 0 | Cost: $0 | Duration: 455ms | Turns: 1
[2026-04-04T03:08:11Z] Iter 478 | Total-in: 0 | Non-cached: 0 | Cache-read: 0 | Cache-create: 0 | Output: 0 | Cost: $0 | Duration: 521ms | Turns: 1
[2026-04-04T03:08:17Z] Iter 483 | Total-in: 0 | Non-cached: 0 | Cache-read: 0 | Cache-create: 0 | Output: 0 | Cost: $0 | Duration: 592ms | Turns: 1
[2026-04-04T03:08:18Z] Iter 483 | Total-in: 0 | Non-cached: 0 | Cache-read: 0 | Cache-create: 0 | Output: 0 | Cost: $0 | Duration: 489ms | Turns: 1
[2026-04-04T03:08:22Z] Iter 483 | Total-in: 0 | Non-cached: 0 | Cache-read: 0 | Cache-create: 0 | Output: 0 | Cost: $0 | Duration: 707ms | Turns: 1
[2026-04-04T03:08:27Z] Iter 479 | Total-in: 0 | Non-cached: 0 | Cache-read: 0 | Cache-create: 0 | Output: 0 | Cost: $0 | Duration: 475ms | Turns: 1
[2026-04-04T03:08:33Z] Iter 484 | Total-in: 0 | Non-cached: 0 | Cache-read: 0 | Cache-create: 0 | Output: 0 | Cost: $0 | Duration: 465ms | Turns: 1
[] Iter 484 | No token data (result file empty or parse failed)
[2026-04-04T03:08:40Z] Iter 484 | Total-in: 0 | Non-cached: 0 | Cache-read: 0 | Cache-create: 0 | Output: 0 | Cost: $0 | Duration: 437ms | Turns: 1
[2026-04-04T03:08:44Z] Iter 480 | Total-in: 0 | Non-cached: 0 | Cache-read: 0 | Cache-create: 0 | Output: 0 | Cost: $0 | Duration: 552ms | Turns: 1
[2026-04-04T03:08:50Z] Iter 485 | Total-in: 0 | Non-cached: 0 | Cache-read: 0 | Cache-create: 0 | Output: 0 | Cost: $0 | Duration: 559ms | Turns: 1
[2026-04-04T03:08:51Z] Iter 485 | Total-in: 0 | Non-cached: 0 | Cache-read: 0 | Cache-create: 0 | Output: 0 | Cost: $0 | Duration: 559ms | Turns: 1
[2026-04-04T03:08:56Z] Iter 485 | Total-in: 0 | Non-cached: 0 | Cache-read: 0 | Cache-create: 0 | Output: 0 | Cost: $0 | Duration: 584ms | Turns: 1
[2026-04-04T03:09:01Z] Iter 481 | Total-in: 0 | Non-cached: 0 | Cache-read: 0 | Cache-create: 0 | Output: 0 | Cost: $0 | Duration: 1589ms | Turns: 1
[2026-04-04T03:09:07Z] Iter 486 | Total-in: 0 | Non-cached: 0 | Cache-read: 0 | Cache-create: 0 | Output: 0 | Cost: $0 | Duration: 542ms | Turns: 1
[2026-04-04T03:09:07Z] Iter 486 | Total-in: 0 | Non-cached: 0 | Cache-read: 0 | Cache-create: 0 | Output: 0 | Cost: $0 | Duration: 542ms | Turns: 1
[2026-04-04T03:09:13Z] Iter 486 | Total-in: 0 | Non-cached: 0 | Cache-read: 0 | Cache-create: 0 | Output: 0 | Cost: $0 | Duration: 566ms | Turns: 1
[2026-04-04T03:09:18Z] Iter 482 | Total-in: 0 | Non-cached: 0 | Cache-read: 0 | Cache-create: 0 | Output: 0 | Cost: $0 | Duration: 432ms | Turns: 1
[2026-04-04T03:09:24Z] Iter 487 | Total-in: 0 | Non-cached: 0 | Cache-read: 0 | Cache-create: 0 | Output: 0 | Cost: $0 | Duration: 609ms | Turns: 1
[2026-04-04T03:09:24Z] Iter 487 | Total-in: 0 | Non-cached: 0 | Cache-read: 0 | Cache-create: 0 | Output: 0 | Cost: $0 | Duration: 609ms | Turns: 1
[2026-04-04T03:09:30Z] Iter 487 | Total-in: 0 | Non-cached: 0 | Cache-read: 0 | Cache-create: 0 | Output: 0 | Cost: $0 | Duration: 633ms | Turns: 1
[2026-04-04T03:09:34Z] Iter 483 | Total-in: 0 | Non-cached: 0 | Cache-read: 0 | Cache-create: 0 | Output: 0 | Cost: $0 | Duration: 455ms | Turns: 1
[2026-04-04T03:09:41Z] Iter 488 | Total-in: 0 | Non-cached: 0 | Cache-read: 0 | Cache-create: 0 | Output: 0 | Cost: $0 | Duration: 532ms | Turns: 1
[2026-04-04T03:09:42Z] Iter 488 | Total-in: 0 | Non-cached: 0 | Cache-read: 0 | Cache-create: 0 | Output: 0 | Cost: $0 | Duration: 532ms | Turns: 1
[2026-04-04T03:09:46Z] Iter 488 | Total-in: 0 | Non-cached: 0 | Cache-read: 0 | Cache-create: 0 | Output: 0 | Cost: $0 | Duration: 495ms | Turns: 1
[2026-04-04T03:09:51Z] Iter 484 | Total-in: 0 | Non-cached: 0 | Cache-read: 0 | Cache-create: 0 | Output: 0 | Cost: $0 | Duration: 519ms | Turns: 1
[2026-04-04T03:09:58Z] Iter 489 | Total-in: 0 | Non-cached: 0 | Cache-read: 0 | Cache-create: 0 | Output: 0 | Cost: $0 | Duration: 543ms | Turns: 1
[2026-04-04T03:09:59Z] Iter 489 | Total-in: 0 | Non-cached: 0 | Cache-read: 0 | Cache-create: 0 | Output: 0 | Cost: $0 | Duration: 543ms | Turns: 1
[2026-04-04T03:10:04Z] Iter 489 | Total-in: 0 | Non-cached: 0 | Cache-read: 0 | Cache-create: 0 | Output: 0 | Cost: $0 | Duration: 466ms | Turns: 1
[2026-04-04T03:10:09Z] Iter 485 | Total-in: 0 | Non-cached: 0 | Cache-read: 0 | Cache-create: 0 | Output: 0 | Cost: $0 | Duration: 1653ms | Turns: 1
[2026-04-04T03:10:15Z] Iter 490 | Total-in: 0 | Non-cached: 0 | Cache-read: 0 | Cache-create: 0 | Output: 0 | Cost: $0 | Duration: 441ms | Turns: 1
[2026-04-04T03:10:16Z] Iter 490 | Total-in: 0 | Non-cached: 0 | Cache-read: 0 | Cache-create: 0 | Output: 0 | Cost: $0 | Duration: 485ms | Turns: 1
[2026-04-04T03:10:18Z] Iter 490 | Total-in: 0 | Non-cached: 0 | Cache-read: 0 | Cache-create: 0 | Output: 0 | Cost: $0 | Duration: 403ms | Turns: 1
[] Iter 486 | No token data (result file empty or parse failed)
[2026-04-04T03:10:29Z] Iter 491 | Total-in: 0 | Non-cached: 0 | Cache-read: 0 | Cache-create: 0 | Output: 0 | Cost: $0 | Duration: 513ms | Turns: 1
[2026-04-04T03:10:31Z] Iter 491 | Total-in: 0 | Non-cached: 0 | Cache-read: 0 | Cache-create: 0 | Output: 0 | Cost: $0 | Duration: 574ms | Turns: 1
[2026-04-04T03:10:33Z] Iter 491 | Total-in: 0 | Non-cached: 0 | Cache-read: 0 | Cache-create: 0 | Output: 0 | Cost: $0 | Duration: 433ms | Turns: 1
[2026-04-04T03:10:38Z] Iter 487 | Total-in: 0 | Non-cached: 0 | Cache-read: 0 | Cache-create: 0 | Output: 0 | Cost: $0 | Duration: 382ms | Turns: 1
[2026-04-04T03:10:43Z] Iter 492 | Total-in: 0 | Non-cached: 0 | Cache-read: 0 | Cache-create: 0 | Output: 0 | Cost: $0 | Duration: 639ms | Turns: 1
[2026-04-04T03:10:46Z] Iter 492 | Total-in: 0 | Non-cached: 0 | Cache-read: 0 | Cache-create: 0 | Output: 0 | Cost: $0 | Duration: 1215ms | Turns: 1
[2026-04-04T03:10:47Z] Iter 492 | Total-in: 0 | Non-cached: 0 | Cache-read: 0 | Cache-create: 0 | Output: 0 | Cost: $0 | Duration: 587ms | Turns: 1
[2026-04-04T03:10:52Z] Iter 488 | Total-in: 0 | Non-cached: 0 | Cache-read: 0 | Cache-create: 0 | Output: 0 | Cost: $0 | Duration: 507ms | Turns: 1
[2026-04-04T03:10:58Z] Iter 493 | Total-in: 0 | Non-cached: 0 | Cache-read: 0 | Cache-create: 0 | Output: 0 | Cost: $0 | Duration: 532ms | Turns: 1
[2026-04-04T03:11:01Z] Iter 493 | Total-in: 0 | Non-cached: 0 | Cache-read: 0 | Cache-create: 0 | Output: 0 | Cost: $0 | Duration: 403ms | Turns: 1
[2026-04-04T03:11:02Z] Iter 493 | Total-in: 0 | Non-cached: 0 | Cache-read: 0 | Cache-create: 0 | Output: 0 | Cost: $0 | Duration: 403ms | Turns: 1
[2026-04-04T03:11:06Z] Iter 489 | Total-in: 0 | Non-cached: 0 | Cache-read: 0 | Cache-create: 0 | Output: 0 | Cost: $0 | Duration: 386ms | Turns: 1
[2026-04-04T03:11:13Z] Iter 494 | Total-in: 0 | Non-cached: 0 | Cache-read: 0 | Cache-create: 0 | Output: 0 | Cost: $0 | Duration: 1358ms | Turns: 1
[2026-04-04T03:11:17Z] Iter 494 | Total-in: 0 | Non-cached: 0 | Cache-read: 0 | Cache-create: 0 | Output: 0 | Cost: $0 | Duration: 430ms | Turns: 1
[2026-04-04T03:11:18Z] Iter 494 | Total-in: 0 | Non-cached: 0 | Cache-read: 0 | Cache-create: 0 | Output: 0 | Cost: $0 | Duration: 430ms | Turns: 1
[2026-04-04T03:11:21Z] Iter 490 | Total-in: 0 | Non-cached:  | Cache-read:  | Cache-create:  | Output:  | Cost: $ | Duration: ms | Turns: 
[2026-04-04T03:11:28Z] Iter 495 | Total-in: 0 | Non-cached: 0 | Cache-read: 0 | Cache-create: 0 | Output: 0 | Cost: $0 | Duration: 675ms | Turns: 1
[2026-04-04T03:11:33Z] Iter 495 | Total-in: 0 | Non-cached: 0 | Cache-read: 0 | Cache-create: 0 | Output: 0 | Cost: $0 | Duration: 631ms | Turns: 1
[2026-04-04T03:11:34Z] Iter 495 | Total-in: 0 | Non-cached: 0 | Cache-read: 0 | Cache-create: 0 | Output: 0 | Cost: $0 | Duration: 1515ms | Turns: 1
[] Iter 491 | No token data (result file empty or parse failed)
[] Iter 496 | No token data (result file empty or parse failed)
[2026-04-04T03:11:48Z] Iter 496 | Total-in: 0 | Non-cached: 0 | Cache-read: 0 | Cache-create: 0 | Output: 0 | Cost: $0 | Duration: 515ms | Turns: 1
[2026-04-04T03:11:49Z] Iter 496 | Total-in: 0 | Non-cached: 0 | Cache-read: 0 | Cache-create: 0 | Output: 0 | Cost: $0 | Duration: 515ms | Turns: 1
[] Iter 492 | No token data (result file empty or parse failed)
[] Iter 497 | No token data (result file empty or parse failed)
[2026-04-04T03:12:04Z] Iter 497 | Total-in: 0 | Non-cached: 0 | Cache-read: 0 | Cache-create: 0 | Output: 0 | Cost: $0 | Duration: 437ms | Turns: 1
[] Iter 497 | No token data (result file empty or parse failed)
[2026-04-04T03:12:05Z] Iter 493 | Total-in: 0 | Non-cached: 0 | Cache-read: 0 | Cache-create: 0 | Output: 0 | Cost: $0 | Duration: 585ms | Turns: 1
[2026-04-04T03:12:11Z] Iter 498 | Total-in: 0 | Non-cached: 0 | Cache-read: 0 | Cache-create: 0 | Output: 0 | Cost: $0 | Duration: 447ms | Turns: 
[] Iter 498 | No token data (result file empty or parse failed)
[] Iter 498 | No token data (result file empty or parse failed)
[2026-04-04T03:12:21Z] Iter 494 | Total-in: 0 | Non-cached: 0 | Cache-read: 0 | Cache-create: 0 | Output: 0 | Cost: $0 | Duration: 504ms | Turns: 1
[2026-04-04T03:12:26Z] Iter 499 | Total-in: 0 | Non-cached: 0 | Cache-read: 0 | Cache-create: 0 | Output: 0 | Cost: $0 | Duration: 439ms | Turns: 1
[2026-04-04T03:12:34Z] Iter 499 | Total-in: 0 | Non-cached: 0 | Cache-read: 0 | Cache-create: 0 | Output: 0 | Cost: $0 | Duration: 415ms | Turns: 1
[2026-04-04T03:12:35Z] Iter 499 | Total-in: 0 | Non-cached: 0 | Cache-read: 0 | Cache-create: 0 | Output: 0 | Cost: $0 | Duration: 415ms | Turns: 1
[2026-04-04T03:12:37Z] Iter 495 | Total-in: 0 | Non-cached: 0 | Cache-read: 0 | Cache-create: 0 | Output: 0 | Cost: $0 | Duration: 552ms | Turns: 1
[2026-04-04T03:12:41Z] Iter 500 | Total-in: 0 | Non-cached: 0 | Cache-read: 0 | Cache-create: 0 | Output: 0 | Cost: $0 | Duration: 400ms | Turns: 1
[2026-04-04T03:12:50Z] Iter 500 | Total-in: 0 | Non-cached: 0 | Cache-read: 0 | Cache-create: 0 | Output: 0 | Cost: $0 | Duration: 468ms | Turns: 1
[2026-04-04T03:12:51Z] Iter 500 | Total-in: 0 | Non-cached: 0 | Cache-read: 0 | Cache-create: 0 | Output: 0 | Cost: $0 | Duration: 468ms | Turns: 1
[2026-04-04T03:12:53Z] Iter 496 | Total-in: 0 | Non-cached: 0 | Cache-read: 0 | Cache-create: 0 | Output: 0 | Cost: $0 | Duration: 415ms | Turns: 1
[2026-04-04T03:12:56Z] Iter 501 | Total-in: 0 | Non-cached: 0 | Cache-read: 0 | Cache-create: 0 | Output: 0 | Cost: $0 | Duration: 691ms | Turns: 1
[2026-04-04T03:13:06Z] Iter 501 | Total-in: 0 | Non-cached: 0 | Cache-read: 0 | Cache-create: 0 | Output: 0 | Cost: $0 | Duration: 563ms | Turns: 1
[2026-04-04T03:13:07Z] Iter 501 | Total-in: 0 | Non-cached: 0 | Cache-read: 0 | Cache-create: 0 | Output: 0 | Cost: $0 | Duration: 563ms | Turns: 1
[2026-04-04T03:13:09Z] Iter 497 | Total-in: 0 | Non-cached: 0 | Cache-read: 0 | Cache-create: 0 | Output: 0 | Cost: $0 | Duration: 448ms | Turns: 1
[2026-04-04T03:13:13Z] Iter 502 | Total-in: 0 | Non-cached: 0 | Cache-read: 0 | Cache-create: 0 | Output: 0 | Cost: $0 | Duration: 1443ms | Turns: 1
[2026-04-04T03:13:22Z] Iter 502 | Total-in: 0 | Non-cached: 0 | Cache-read: 0 | Cache-create: 0 | Output: 0 | Cost: $0 | Duration: 481ms | Turns: 1
[2026-04-04T03:13:23Z] Iter 502 | Total-in: 0 | Non-cached: 0 | Cache-read: 0 | Cache-create: 0 | Output: 0 | Cost: $0 | Duration: 552ms | Turns: 1
[2026-04-04T03:13:25Z] Iter 498 | Total-in: 0 | Non-cached: 0 | Cache-read: 0 | Cache-create: 0 | Output: 0 | Cost: $0 | Duration: 596ms | Turns: 1
[2026-04-04T03:13:29Z] Iter 503 | Total-in: 0 | Non-cached: 0 | Cache-read: 0 | Cache-create: 0 | Output: 0 | Cost: $0 | Duration: 435ms | Turns: 1
[2026-04-04T03:13:38Z] Iter 503 | Total-in: 0 | Non-cached: 0 | Cache-read: 0 | Cache-create: 0 | Output: 0 | Cost: $0 | Duration: 568ms | Turns: 1
[2026-04-04T03:13:39Z] Iter 503 | Total-in: 0 | Non-cached: 0 | Cache-read: 0 | Cache-create: 0 | Output: 0 | Cost: $0 | Duration: 597ms | Turns: 1
[2026-04-04T03:13:42Z] Iter 499 | Total-in: 0 | Non-cached: 0 | Cache-read: 0 | Cache-create: 0 | Output: 0 | Cost: $0 | Duration: 441ms | Turns: 1
[2026-04-04T03:13:45Z] Iter 504 | Total-in: 0 | Non-cached: 0 | Cache-read: 0 | Cache-create: 0 | Output: 0 | Cost: $0 | Duration: 468ms | Turns: 1
[2026-04-04T03:13:56Z] Iter 504 | Total-in: 0 | Non-cached: 0 | Cache-read: 0 | Cache-create: 0 | Output: 0 | Cost: $0 | Duration: 571ms | Turns: 1
[2026-04-04T03:13:59Z] Iter 500 | Total-in: 0 | Non-cached: 0 | Cache-read: 0 | Cache-create: 0 | Output: 0 | Cost: $0 | Duration: 1661ms | Turns: 1
[2026-04-04T03:14:00Z] Iter 504 | Total-in: 0 | Non-cached: 0 | Cache-read: 0 | Cache-create: 0 | Output: 0 | Cost: $0 | Duration: 1661ms | Turns: 1
[2026-04-04T03:14:02Z] Iter 505 | Total-in: 0 | Non-cached: 0 | Cache-read: 0 | Cache-create: 0 | Output: 0 | Cost: $0 | Duration: 445ms | Turns: 1
[2026-04-04T03:14:12Z] Iter 505 | Total-in: 0 | Non-cached: 0 | Cache-read: 0 | Cache-create: 0 | Output: 0 | Cost: $0 | Duration: 526ms | Turns: 1
[2026-04-04T03:14:17Z] Iter 501 | Total-in: 0 | Non-cached: 0 | Cache-read: 0 | Cache-create: 0 | Output: 0 | Cost: $0 | Duration: 446ms | Turns: 1
[2026-04-04T03:14:18Z] Iter 505 | Total-in: 0 | Non-cached: 0 | Cache-read: 0 | Cache-create: 0 | Output: 0 | Cost: $0 | Duration: 506ms | Turns: 1
[2026-04-04T03:14:19Z] Iter 506 | Total-in: 0 | Non-cached: 0 | Cache-read: 0 | Cache-create: 0 | Output: 0 | Cost: $0 | Duration: 506ms | Turns: 1
[2026-04-04T03:14:28Z] Iter 506 | Total-in: 0 | Non-cached: 0 | Cache-read: 0 | Cache-create: 0 | Output: 0 | Cost: $0 | Duration: 543ms | Turns: 1
[2026-04-04T03:14:34Z] Iter 502 | Total-in: 0 | Non-cached: 0 | Cache-read: 0 | Cache-create: 0 | Output: 0 | Cost: $0 | Duration: 555ms | Turns: 1
[2026-04-04T03:14:34Z] Iter 506 | Total-in: 0 | Non-cached: 0 | Cache-read: 0 | Cache-create: 0 | Output: 0 | Cost: $0 | Duration: 555ms | Turns: 1
[2026-04-04T03:14:36Z] Iter 507 | Total-in: 0 | Non-cached: 0 | Cache-read: 0 | Cache-create: 0 | Output: 0 | Cost: $0 | Duration: 564ms | Turns: 1
[2026-04-04T03:14:44Z] Iter 507 | Total-in: 0 | Non-cached: 0 | Cache-read: 0 | Cache-create: 0 | Output: 0 | Cost: $0 | Duration: 511ms | Turns: 1
[2026-04-04T03:14:51Z] Iter 503 | Total-in: 0 | Non-cached: 0 | Cache-read: 0 | Cache-create: 0 | Output: 0 | Cost: $0 | Duration: 528ms | Turns: 1
[2026-04-04T03:14:52Z] Iter 507 | Total-in: 0 | Non-cached: 0 | Cache-read: 0 | Cache-create: 0 | Output: 0 | Cost: $0 | Duration: 528ms | Turns: 1
[] Iter 508 | No token data (result file empty or parse failed)
[2026-04-04T03:15:01Z] Iter 508 | Total-in: 0 | Non-cached: 0 | Cache-read: 0 | Cache-create: 0 | Output: 0 | Cost: $0 | Duration: 609ms | Turns: 1
[2026-04-04T03:15:06Z] Iter 504 | Total-in: 0 | Non-cached: 0 | Cache-read: 0 | Cache-create: 0 | Output: 0 | Cost: $0 | Duration: 665ms | Turns: 1
[2026-04-04T03:15:06Z] Iter 509 | Total-in: 0 | Non-cached: 0 | Cache-read: 0 | Cache-create: 0 | Output: 0 | Cost: $0 | Duration: 665ms | Turns: 1
[2026-04-04T03:15:06Z] Iter 508 | Total-in: 0 | Non-cached: 0 | Cache-read: 0 | Cache-create: 0 | Output: 0 | Cost: $0 | Duration: 665ms | Turns: 1
[2026-04-04T03:15:15Z] Iter 509 | Total-in: 0 | Non-cached: 0 | Cache-read: 0 | Cache-create: 0 | Output: 0 | Cost: $0 | Duration: 402ms | Turns: 1
[2026-04-04T03:15:21Z] Iter 505 | Total-in: 0 | Non-cached: 0 | Cache-read: 0 | Cache-create: 0 | Output: 0 | Cost: $0 | Duration: 452ms | Turns: 1
[2026-04-04T03:15:21Z] Iter 509 | Total-in: 0 | Non-cached: 0 | Cache-read: 0 | Cache-create: 0 | Output: 0 | Cost: $0 | Duration: 452ms | Turns: 1
[2026-04-04T03:15:21Z] Iter 510 | Total-in: 0 | Non-cached: 0 | Cache-read: 0 | Cache-create: 0 | Output: 0 | Cost: $0 | Duration: 452ms | Turns: 1
[] Iter 510 | No token data (result file empty or parse failed)
[2026-04-04T03:15:35Z] Iter 506 | Total-in: 0 | Non-cached: 0 | Cache-read: 0 | Cache-create: 0 | Output: 0 | Cost: $0 | Duration: 698ms | Turns: 1
[] Iter 510 | No token data (result file empty or parse failed)
[2026-04-04T03:15:37Z] Iter 511 | Total-in: 0 | Non-cached: 0 | Cache-read: 0 | Cache-create: 0 | Output: 0 | Cost: $0 | Duration: 707ms | Turns: 1
[2026-04-04T03:15:43Z] Iter 511 | Total-in: 0 | Non-cached: 0 | Cache-read: 0 | Cache-create: 0 | Output: 0 | Cost: $0 | Duration: ms | Turns: 
[2026-04-04T03:15:50Z] Iter 507 | Total-in: 0 | Non-cached: 0 | Cache-read: 0 | Cache-create: 0 | Output: 0 | Cost: $0 | Duration: 490ms | Turns: 1
[] Iter 511 | No token data (result file empty or parse failed)
[2026-04-04T03:15:53Z] Iter 512 | Total-in: 0 | Non-cached: 0 | Cache-read: 0 | Cache-create: 0 | Output: 0 | Cost: $0 | Duration: 486ms | Turns: 1
[2026-04-04T03:15:57Z] Iter 512 | Total-in: 0 | Non-cached: 0 | Cache-read: 0 | Cache-create: 0 | Output: 0 | Cost: $0 | Duration: 417ms | Turns: 1
[] Iter 508 | No token data (result file empty or parse failed)
[2026-04-04T03:16:09Z] Iter 513 | Total-in: 0 | Non-cached: 0 | Cache-read: 0 | Cache-create: 0 | Output: 0 | Cost: $0 | Duration: 427ms | Turns: 1
[2026-04-04T03:16:11Z] Iter 512 | Total-in: 0 | Non-cached: 0 | Cache-read: 0 | Cache-create: 0 | Output: 0 | Cost: $0 | Duration: 404ms | Turns: 1
[2026-04-04T03:16:11Z] Iter 513 | Total-in: 0 | Non-cached: 0 | Cache-read: 0 | Cache-create: 0 | Output: 0 | Cost: $0 | Duration: 404ms | Turns: 1
[] Iter 509 | No token data (result file empty or parse failed)
[2026-04-04T03:16:23Z] Iter 514 | Total-in: 0 | Non-cached: 0 | Cache-read: 0 | Cache-create: 0 | Output: 0 | Cost: $0 | Duration: 440ms | Turns: 1
[2026-04-04T03:16:25Z] Iter 513 | Total-in: 0 | Non-cached: 0 | Cache-read: 0 | Cache-create: 0 | Output: 0 | Cost: $0 | Duration: 456ms | Turns: 1
[] Iter 514 | No token data (result file empty or parse failed)
[2026-04-04T03:16:35Z] Iter 510 | Total-in: 0 | Non-cached: 0 | Cache-read: 0 | Cache-create: 0 | Output: 0 | Cost: $0 | Duration: 524ms | Turns: 1
[2026-04-04T03:16:38Z] Iter 515 | Total-in: 0 | Non-cached: 0 | Cache-read: 0 | Cache-create: 0 | Output: 0 | Cost: $0 | Duration: 445ms | Turns: 1
[2026-04-04T03:16:41Z] Iter 514 | Total-in: 0 | Non-cached: 0 | Cache-read: 0 | Cache-create: 0 | Output: 0 | Cost: $0 | Duration: 525ms | Turns: 1
[2026-04-04T03:16:41Z] Iter 515 | Total-in: 0 | Non-cached: 0 | Cache-read: 0 | Cache-create: 0 | Output: 0 | Cost: $0 | Duration: 525ms | Turns: 1
[2026-04-04T03:16:50Z] Iter 511 | Total-in: 0 | Non-cached: 0 | Cache-read: 0 | Cache-create: 0 | Output: 0 | Cost: $0 | Duration: 543ms | Turns: 1
[2026-04-04T03:16:53Z] Iter 516 | Total-in: 0 | Non-cached: 0 | Cache-read: 0 | Cache-create: 0 | Output: 0 | Cost: $0 | Duration: 488ms | Turns: 1
[2026-04-04T03:16:56Z] Iter 515 | Total-in: 0 | Non-cached: 0 | Cache-read: 0 | Cache-create: 0 | Output: 0 | Cost: $0 | Duration: 553ms | Turns: 1
[2026-04-04T03:16:57Z] Iter 516 | Total-in: 0 | Non-cached: 0 | Cache-read: 0 | Cache-create: 0 | Output: 0 | Cost: $0 | Duration: ms | Turns: 
[] Iter 512 | No token data (result file empty or parse failed)
[2026-04-04T03:17:08Z] Iter 517 | Total-in: 0 | Non-cached: 0 | Cache-read: 0 | Cache-create: 0 | Output: 0 | Cost: $0 | Duration: 543ms | Turns: 1
[2026-04-04T03:17:13Z] Iter 517 | Total-in: 0 | Non-cached: 0 | Cache-read: 0 | Cache-create: 0 | Output: 0 | Cost: $0 | Duration: 399ms | Turns: 1
[2026-04-04T03:17:13Z] Iter 516 | Total-in: 0 | Non-cached: 0 | Cache-read: 0 | Cache-create: 0 | Output: 0 | Cost: $0 | Duration: 399ms | Turns: 1
[2026-04-04T03:17:19Z] Iter 513 | Total-in: 0 | Non-cached: 0 | Cache-read: 0 | Cache-create: 0 | Output: 0 | Cost: $0 | Duration: 432ms | Turns: 1
[2026-04-04T03:17:23Z] Iter 518 | Total-in: 0 | Non-cached: 0 | Cache-read: 0 | Cache-create: 0 | Output: 0 | Cost: $0 | Duration: 422ms | Turns: 1
[2026-04-04T03:17:28Z] Iter 518 | Total-in: 0 | Non-cached: 0 | Cache-read: 0 | Cache-create: 0 | Output: 0 | Cost: $0 | Duration: 431ms | Turns: 1
[2026-04-04T03:17:28Z] Iter 517 | Total-in: 0 | Non-cached: 0 | Cache-read: 0 | Cache-create: 0 | Output: 0 | Cost: $0 | Duration: 431ms | Turns: 1
[2026-04-04T03:17:34Z] Iter 514 | Total-in: 0 | Non-cached: 0 | Cache-read: 0 | Cache-create: 0 | Output: 0 | Cost: $0 | Duration: 571ms | Turns: 1
[2026-04-04T03:17:38Z] Iter 519 | Total-in: 0 | Non-cached: 0 | Cache-read: 0 | Cache-create: 0 | Output: 0 | Cost: $0 | Duration: 570ms | Turns: 1
[2026-04-04T03:17:44Z] Iter 519 | Total-in: 0 | Non-cached: 0 | Cache-read: 0 | Cache-create: 0 | Output: 0 | Cost: $0 | Duration: 401ms | Turns: 1
[2026-04-04T03:17:44Z] Iter 518 | Total-in: 0 | Non-cached: 0 | Cache-read: 0 | Cache-create: 0 | Output: 0 | Cost: $0 | Duration: 401ms | Turns: 1
[2026-04-04T03:17:50Z] Iter 515 | Total-in: 0 | Non-cached: 0 | Cache-read: 0 | Cache-create: 0 | Output: 0 | Cost: $0 | Duration: 457ms | Turns: 1
[2026-04-04T03:17:54Z] Iter 520 | Total-in: 0 | Non-cached: 0 | Cache-read: 0 | Cache-create: 0 | Output: 0 | Cost: $0 | Duration: 652ms | Turns: 1
[2026-04-04T03:18:00Z] Iter 519 | Total-in: 0 | Non-cached: 0 | Cache-read: 0 | Cache-create: 0 | Output: 0 | Cost: $0 | Duration: 559ms | Turns: 1
[2026-04-04T03:18:00Z] Iter 520 | Total-in: 0 | Non-cached: 0 | Cache-read: 0 | Cache-create: 0 | Output: 0 | Cost: $0 | Duration: 559ms | Turns: 1
[2026-04-04T03:18:06Z] Iter 516 | Total-in: 0 | Non-cached: 0 | Cache-read: 0 | Cache-create: 0 | Output: 0 | Cost: $0 | Duration: 429ms | Turns: 1
[2026-04-04T03:18:09Z] Iter 521 | Total-in: 0 | Non-cached: 0 | Cache-read: 0 | Cache-create: 0 | Output: 0 | Cost: $0 | Duration: 457ms | Turns: 1
[2026-04-04T03:18:16Z] Iter 520 | Total-in: 0 | Non-cached: 0 | Cache-read: 0 | Cache-create: 0 | Output: 0 | Cost: $0 | Duration: 450ms | Turns: 1
[2026-04-04T03:18:16Z] Iter 521 | Total-in: 0 | Non-cached: 0 | Cache-read: 0 | Cache-create: 0 | Output: 0 | Cost: $0 | Duration: 450ms | Turns: 1
[2026-04-04T03:18:22Z] Iter 517 | Total-in: 0 | Non-cached: 0 | Cache-read: 0 | Cache-create: 0 | Output: 0 | Cost: $0 | Duration: 456ms | Turns: 1
[2026-04-04T03:18:26Z] Iter 522 | Total-in: 0 | Non-cached: 0 | Cache-read: 0 | Cache-create: 0 | Output: 0 | Cost: $0 | Duration: 524ms | Turns: 1
[2026-04-04T03:18:33Z] Iter 522 | Total-in: 0 | Non-cached: 0 | Cache-read: 0 | Cache-create: 0 | Output: 0 | Cost: $0 | Duration: 536ms | Turns: 1
[] Iter 521 | No token data (result file empty or parse failed)
[2026-04-04T03:18:39Z] Iter 518 | Total-in: 0 | Non-cached: 0 | Cache-read: 0 | Cache-create: 0 | Output: 0 | Cost: $0 | Duration: 576ms | Turns: 1
[2026-04-04T03:18:42Z] Iter 523 | Total-in: 0 | Non-cached: 0 | Cache-read: 0 | Cache-create: 0 | Output: 0 | Cost: $0 | Duration: 786ms | Turns: 1
[] Iter 522 | No token data (result file empty or parse failed)
[2026-04-04T03:18:50Z] Iter 523 | Total-in: 0 | Non-cached: 0 | Cache-read: 0 | Cache-create: 0 | Output: 0 | Cost: $ | Duration: ms | Turns: 
[2026-04-04T03:18:56Z] Iter 519 | Total-in: 0 | Non-cached: 0 | Cache-read: 0 | Cache-create: 0 | Output: 0 | Cost: $0 | Duration: 568ms | Turns: 1
[2026-04-04T03:19:00Z] Iter 524 | Total-in: 0 | Non-cached: 0 | Cache-read: 0 | Cache-create: 0 | Output: 0 | Cost: $0 | Duration: 570ms | Turns: 1
[2026-04-04T03:19:07Z] Iter 523 | Total-in: 0 | Non-cached: 0 | Cache-read: 0 | Cache-create: 0 | Output: 0 | Cost: $0 | Duration: 1058ms | Turns: 1
[2026-04-04T03:19:07Z] Iter 524 | Total-in: 0 | Non-cached: 0 | Cache-read: 0 | Cache-create: 0 | Output: 0 | Cost: $0 | Duration: 1058ms | Turns: 1
[2026-04-04T03:19:13Z] Iter 520 | Total-in: 0 | Non-cached: 0 | Cache-read: 0 | Cache-create: 0 | Output: 0 | Cost: $0 | Duration: 464ms | Turns: 1
[2026-04-04T03:19:17Z] Iter 525 | Total-in: 0 | Non-cached: 0 | Cache-read: 0 | Cache-create: 0 | Output: 0 | Cost: $0 | Duration: 551ms | Turns: 1
[2026-04-04T03:19:24Z] Iter 525 | Total-in: 0 | Non-cached: 0 | Cache-read: 0 | Cache-create: 0 | Output: 0 | Cost: $0 | Duration: 502ms | Turns: 1
[2026-04-04T03:19:25Z] Iter 524 | Total-in: 0 | Non-cached: 0 | Cache-read: 0 | Cache-create: 0 | Output: 0 | Cost: $0 | Duration: 1693ms | Turns: 1
[2026-04-04T03:19:30Z] Iter 521 | Total-in: 0 | Non-cached: 0 | Cache-read: 0 | Cache-create: 0 | Output: 0 | Cost: $0 | Duration: 1088ms | Turns: 1
[] Iter 526 | No token data (result file empty or parse failed)
[] Iter 526 | No token data (result file empty or parse failed)
[2026-04-04T03:19:42Z] Iter 525 | Total-in: 0 | Non-cached: 0 | Cache-read: 0 | Cache-create: 0 | Output: 0 | Cost: $0 | Duration: 726ms | Turns: 1
[2026-04-04T03:19:46Z] Iter 522 | Total-in: 0 | Non-cached: 0 | Cache-read: 0 | Cache-create: 0 | Output: 0 | Cost: $0 | Duration: 433ms | Turns: 1
[2026-04-04T03:19:48Z] Iter 527 | Total-in: 0 | Non-cached: 0 | Cache-read: 0 | Cache-create: 0 | Output: 0 | Cost: $0 | Duration: 615ms | Turns: 
[2026-04-04T03:19:55Z] Iter 527 | Total-in: 0 | Non-cached: 0 | Cache-read: 0 | Cache-create: 0 | Output: 0 | Cost: $0 | Duration: 459ms | Turns: 1
[2026-04-04T03:19:57Z] Iter 526 | Total-in: 0 | Non-cached: 0 | Cache-read: 0 | Cache-create: 0 | Output: 0 | Cost: $0 | Duration: 420ms | Turns: 1
[2026-04-04T03:20:00Z] Iter 523 | Total-in: 0 | Non-cached: 0 | Cache-read: 0 | Cache-create: 0 | Output: 0 | Cost: $0 | Duration: 467ms | Turns: 1
[] Iter 528 | No token data (result file empty or parse failed)
[2026-04-04T03:20:09Z] Iter 528 | Total-in: 0 | Non-cached: 0 | Cache-read: 0 | Cache-create: 0 | Output: 0 | Cost: $0 | Duration: 436ms | Turns: 1
[2026-04-04T03:20:11Z] Iter 527 | Total-in: 0 | Non-cached: 0 | Cache-read: 0 | Cache-create: 0 | Output: 0 | Cost: $0 | Duration: 551ms | Turns: 1
[2026-04-04T03:20:15Z] Iter 524 | Total-in: 0 | Non-cached: 0 | Cache-read: 0 | Cache-create: 0 | Output: 0 | Cost: $0 | Duration: 412ms | Turns: 1
[2026-04-04T03:20:16Z] Iter 529 | Total-in: 0 | Non-cached: 0 | Cache-read: 0 | Cache-create: 0 | Output: 0 | Cost: $0 | Duration: 398ms | Turns: 1
[] Iter 529 | No token data (result file empty or parse failed)
[2026-04-04T03:20:26Z] Iter 528 | Total-in: 0 | Non-cached: 0 | Cache-read: 0 | Cache-create: 0 | Output: 0 | Cost: $0 | Duration: 451ms | Turns: 1
[2026-04-04T03:20:29Z] Iter 525 | Total-in: 0 | Non-cached: 0 | Cache-read: 0 | Cache-create: 0 | Output: 0 | Cost: $0 | Duration: 449ms | Turns: 1
[2026-04-04T03:20:31Z] Iter 530 | Total-in: 0 | Non-cached: 0 | Cache-read: 0 | Cache-create: 0 | Output: 0 | Cost: $0 | Duration: 466ms | Turns: 1
[2026-04-04T03:20:38Z] Iter 530 | Total-in: 0 | Non-cached: 0 | Cache-read: 0 | Cache-create: 0 | Output: 0 | Cost: $0 | Duration: 396ms | Turns: 1
[2026-04-04T03:20:40Z] Iter 529 | Total-in: 0 | Non-cached: 0 | Cache-read: 0 | Cache-create: 0 | Output: 0 | Cost: $0 | Duration: 479ms | Turns: 1
[2026-04-04T03:20:44Z] Iter 526 | Total-in: 0 | Non-cached: 0 | Cache-read: 0 | Cache-create: 0 | Output: 0 | Cost: $0 | Duration: 437ms | Turns: 1
[2026-04-04T03:20:45Z] Iter 531 | Total-in: 0 | Non-cached: 0 | Cache-read: 0 | Cache-create:  | Output: 0 | Cost: $ | Duration: ms | Turns: 
[] Iter 531 | No token data (result file empty or parse failed)
[2026-04-04T03:20:56Z] Iter 530 | Total-in: 0 | Non-cached: 0 | Cache-read: 0 | Cache-create: 0 | Output: 0 | Cost: $0 | Duration: 424ms | Turns: 1
[] Iter 527 | No token data (result file empty or parse failed)
[2026-04-04T03:21:00Z] Iter 532 | Total-in: 0 | Non-cached: 0 | Cache-read: 0 | Cache-create: 0 | Output: 0 | Cost: $0 | Duration: 473ms | Turns: 1
[2026-04-04T03:21:06Z] Iter 532 | Total-in: 0 | Non-cached: 0 | Cache-read: 0 | Cache-create: 0 | Output: 0 | Cost: $0 | Duration: ms | Turns: 
[2026-04-04T03:21:11Z] Iter 531 | Total-in: 0 | Non-cached: 0 | Cache-read: 0 | Cache-create: 0 | Output: 0 | Cost: $0 | Duration: 436ms | Turns: 1
[2026-04-04T03:21:14Z] Iter 528 | Total-in: 0 | Non-cached: 0 | Cache-read:  | Cache-create:  | Output:  | Cost: $ | Duration: ms | Turns: 
[] Iter 533 | No token data (result file empty or parse failed)
[2026-04-04T03:21:20Z] Iter 533 | Total-in: 0 | Non-cached: 0 | Cache-read: 0 | Cache-create: 0 | Output: 0 | Cost: $0 | Duration: 419ms | Turns: 1
[2026-04-04T03:21:26Z] Iter 532 | Total-in: 0 | Non-cached: 0 | Cache-read: 0 | Cache-create: 0 | Output: 0 | Cost: $0 | Duration: 598ms | Turns: 1
[2026-04-04T03:21:29Z] Iter 529 | Total-in: 0 | Non-cached: 0 | Cache-read: 0 | Cache-create: 0 | Output: 0 | Cost: $0 | Duration: 642ms | Turns: 1
[2026-04-04T03:21:31Z] Iter 534 | Total-in: 0 | Non-cached: 0 | Cache-read: 0 | Cache-create: 0 | Output: 0 | Cost: $0 | Duration: 545ms | Turns: 1
[2026-04-04T03:21:36Z] Iter 534 | Total-in: 0 | Non-cached: 0 | Cache-read: 0 | Cache-create: 0 | Output: 0 | Cost: $0 | Duration: 522ms | Turns: 1
[2026-04-04T03:21:41Z] Iter 533 | Total-in: 0 | Non-cached: 0 | Cache-read: 0 | Cache-create: 0 | Output: 0 | Cost: $0 | Duration: 785ms | Turns: 1
[2026-04-04T03:21:45Z] Iter 530 | Total-in: 0 | Non-cached: 0 | Cache-read: 0 | Cache-create: 0 | Output: 0 | Cost: $0 | Duration: 694ms | Turns: 1
[2026-04-04T03:21:47Z] Iter 535 | Total-in: 0 | Non-cached: 0 | Cache-read: 0 | Cache-create: 0 | Output: 0 | Cost: $0 | Duration: 629ms | Turns: 1
[2026-04-04T03:21:52Z] Iter 535 | Total-in: 0 | Non-cached: 0 | Cache-read: 0 | Cache-create: 0 | Output: 0 | Cost: $0 | Duration: 435ms | Turns: 1
[2026-04-04T03:21:56Z] Iter 534 | Total-in: 0 | Non-cached: 0 | Cache-read: 0 | Cache-create: 0 | Output: 0 | Cost: $0 | Duration: 609ms | Turns: 1
[2026-04-04T03:22:01Z] Iter 531 | Total-in: 0 | Non-cached: 0 | Cache-read: 0 | Cache-create: 0 | Output: 0 | Cost: $0 | Duration: 454ms | Turns: 1
[2026-04-04T03:22:03Z] Iter 536 | Total-in: 0 | Non-cached: 0 | Cache-read: 0 | Cache-create: 0 | Output: 0 | Cost: $0 | Duration: 1585ms | Turns: 1
[2026-04-04T03:22:07Z] Iter 536 | Total-in: 0 | Non-cached: 0 | Cache-read: 0 | Cache-create: 0 | Output: 0 | Cost: $0 | Duration: 445ms | Turns: 1
[2026-04-04T03:22:11Z] Iter 535 | Total-in: 0 | Non-cached: 0 | Cache-read: 0 | Cache-create:  | Output: 0 | Cost: $ | Duration: ms | Turns: 
[2026-04-04T03:22:16Z] Iter 532 | Total-in: 0 | Non-cached: 0 | Cache-read: 0 | Cache-create: 0 | Output: 0 | Cost: $0 | Duration: 544ms | Turns: 1
[2026-04-04T03:22:19Z] Iter 537 | Total-in: 0 | Non-cached: 0 | Cache-read: 0 | Cache-create: 0 | Output: 0 | Cost: $ | Duration: ms | Turns: 
[] Iter 537 | No token data (result file empty or parse failed)
[2026-04-04T03:22:26Z] Iter 536 | Total-in: 0 | Non-cached: 0 | Cache-read: 0 | Cache-create:  | Output: 0 | Cost: $ | Duration: ms | Turns: 
[2026-04-04T03:22:32Z] Iter 533 | Total-in: 0 | Non-cached: 0 | Cache-read: 0 | Cache-create: 0 | Output: 0 | Cost: $0 | Duration: 468ms | Turns: 1
[2026-04-04T03:22:36Z] Iter 538 | Total-in: 0 | Non-cached: 0 | Cache-read: 0 | Cache-create: 0 | Output: 0 | Cost: $0 | Duration: 591ms | Turns: 1
[2026-04-04T03:22:39Z] Iter 538 | Total-in: 0 | Non-cached: 0 | Cache-read: 0 | Cache-create: 0 | Output: 0 | Cost: $0 | Duration: 466ms | Turns: 1
[2026-04-04T03:22:42Z] Iter 537 | Total-in: 0 | Non-cached: 0 | Cache-read: 0 | Cache-create: 0 | Output: 0 | Cost: $0 | Duration: 538ms | Turns: 1
[2026-04-04T03:22:48Z] Iter 534 | Total-in: 0 | Non-cached: 0 | Cache-read: 0 | Cache-create: 0 | Output: 0 | Cost: $0 | Duration: 478ms | Turns: 1
[2026-04-04T03:22:53Z] Iter 539 | Total-in: 0 | Non-cached: 0 | Cache-read: 0 | Cache-create: 0 | Output: 0 | Cost: $0 | Duration: 578ms | Turns: 1
[2026-04-04T03:22:56Z] Iter 539 | Total-in: 0 | Non-cached: 0 | Cache-read:  | Cache-create:  | Output:  | Cost: $ | Duration: ms | Turns: 
[2026-04-04T03:22:59Z] Iter 538 | Total-in: 0 | Non-cached: 0 | Cache-read: 0 | Cache-create: 0 | Output: 0 | Cost: $0 | Duration: 446ms | Turns: 1
[2026-04-04T03:23:05Z] Iter 535 | Total-in: 0 | Non-cached: 0 | Cache-read: 0 | Cache-create: 0 | Output: 0 | Cost: $0 | Duration: 1594ms | Turns: 1
[2026-04-04T03:23:09Z] Iter 540 | Total-in: 0 | Non-cached: 0 | Cache-read: 0 | Cache-create: 0 | Output: 0 | Cost: $0 | Duration: 502ms | Turns: 1
[2026-04-04T03:23:13Z] Iter 540 | Total-in: 0 | Non-cached: 0 | Cache-read: 0 | Cache-create: 0 | Output: 0 | Cost: $0 | Duration: 448ms | Turns: 1
[2026-04-04T03:23:16Z] Iter 539 | Total-in: 0 | Non-cached: 0 | Cache-read: 0 | Cache-create: 0 | Output: 0 | Cost: $0 | Duration: 524ms | Turns: 1
[2026-04-04T03:23:22Z] Iter 536 | Total-in: 0 | Non-cached: 0 | Cache-read: 0 | Cache-create: 0 | Output: 0 | Cost: $0 | Duration: 561ms | Turns: 1
[2026-04-04T03:23:26Z] Iter 541 | Total-in: 0 | Non-cached: 0 | Cache-read: 0 | Cache-create: 0 | Output: 0 | Cost: $0 | Duration: 465ms | Turns: 1
[2026-04-04T03:23:31Z] Iter 541 | Total-in: 0 | Non-cached: 0 | Cache-read: 0 | Cache-create: 0 | Output: 0 | Cost: $0 | Duration: 454ms | Turns: 1
[2026-04-04T03:23:33Z] Iter 540 | Total-in: 0 | Non-cached: 0 | Cache-read: 0 | Cache-create: 0 | Output: 0 | Cost: $0 | Duration: 445ms | Turns: 1
[] Iter 537 | No token data (result file empty or parse failed)
[2026-04-04T03:23:43Z] Iter 542 | Total-in: 0 | Non-cached: 0 | Cache-read: 0 | Cache-create: 0 | Output: 0 | Cost: $0 | Duration: 483ms | Turns: 1
[2026-04-04T03:23:48Z] Iter 542 | Total-in: 0 | Non-cached: 0 | Cache-read: 0 | Cache-create: 0 | Output: 0 | Cost: $0 | Duration: 513ms | Turns: 1
[2026-04-04T03:23:50Z] Iter 541 | Total-in: 0 | Non-cached: 0 | Cache-read: 0 | Cache-create: 0 | Output: 0 | Cost: $0 | Duration: 567ms | Turns: 1
[] Iter 538 | No token data (result file empty or parse failed)
[2026-04-04T03:23:59Z] Iter 543 | Total-in: 0 | Non-cached: 0 | Cache-read: 0 | Cache-create: 0 | Output: 0 | Cost: $0 | Duration: 545ms | Turns: 1
[2026-04-04T03:24:02Z] Iter 543 | Total-in: 0 | Non-cached: 0 | Cache-read: 0 | Cache-create: 0 | Output: 0 | Cost: $0 | Duration: 459ms | Turns: 1
[2026-04-04T03:24:04Z] Iter 542 | Total-in: 0 | Non-cached: 0 | Cache-read: 0 | Cache-create: 0 | Output: 0 | Cost: $0 | Duration: 409ms | Turns: 1
[2026-04-04T03:24:09Z] Iter 539 | Total-in: 0 | Non-cached: 0 | Cache-read: 0 | Cache-create: 0 | Output: 0 | Cost: $0 | Duration: 404ms | Turns: 1
[2026-04-04T03:24:14Z] Iter 544 | Total-in: 0 | Non-cached: 0 | Cache-read: 0 | Cache-create: 0 | Output: 0 | Cost: $0 | Duration: 417ms | Turns: 1
[2026-04-04T03:24:17Z] Iter 544 | Total-in: 0 | Non-cached: 0 | Cache-read: 0 | Cache-create: 0 | Output: 0 | Cost: $0 | Duration: 431ms | Turns: 1
[2026-04-04T03:24:19Z] Iter 543 | Total-in: 0 | Non-cached: 0 | Cache-read: 0 | Cache-create: 0 | Output: 0 | Cost: $0 | Duration: 453ms | Turns: 1
[2026-04-04T03:24:23Z] Iter 540 | Total-in: 0 | Non-cached: 0 | Cache-read: 0 | Cache-create: 0 | Output: 0 | Cost: $0 | Duration: 439ms | Turns: 1
[2026-04-04T03:24:28Z] Iter 545 | Total-in: 0 | Non-cached: 0 | Cache-read: 0 | Cache-create: 0 | Output: 0 | Cost: $0 | Duration: 408ms | Turns: 1
[] Iter 545 | No token data (result file empty or parse failed)
[2026-04-04T03:24:34Z] Iter 544 | Total-in: 0 | Non-cached: 0 | Cache-read: 0 | Cache-create: 0 | Output: 0 | Cost: $0 | Duration: 462ms | Turns: 1
[2026-04-04T03:24:38Z] Iter 541 | Total-in: 0 | Non-cached: 0 | Cache-read: 0 | Cache-create: 0 | Output: 0 | Cost: $0 | Duration: 411ms | Turns: 1
[2026-04-04T03:24:42Z] Iter 546 | Total-in: 0 | Non-cached: 0 | Cache-read: 0 | Cache-create: 0 | Output: 0 | Cost: $0 | Duration: 459ms | Turns: 1
[] Iter 546 | No token data (result file empty or parse failed)
[2026-04-04T03:24:48Z] Iter 545 | Total-in: 0 | Non-cached: 0 | Cache-read: 0 | Cache-create: 0 | Output: 0 | Cost: $0 | Duration: 414ms | Turns: 1
[2026-04-04T03:24:52Z] Iter 542 | Total-in: 0 | Non-cached: 0 | Cache-read: 0 | Cache-create: 0 | Output: 0 | Cost: $0 | Duration: 524ms | Turns: 1
[] Iter 547 | No token data (result file empty or parse failed)
[2026-04-04T03:25:00Z] Iter 547 | Total-in: 0 | Non-cached: 0 | Cache-read: 0 | Cache-create: 0 | Output: 0 | Cost: $0 | Duration: 528ms | Turns: 1
[2026-04-04T03:25:03Z] Iter 546 | Total-in: 0 | Non-cached: 0 | Cache-read: 0 | Cache-create: 0 | Output: 0 | Cost: $0 | Duration: 442ms | Turns: 1
[2026-04-04T03:25:07Z] Iter 543 | Total-in: 0 | Non-cached: 0 | Cache-read: 0 | Cache-create: 0 | Output: 0 | Cost: $0 | Duration: 507ms | Turns: 1
[] Iter 548 | No token data (result file empty or parse failed)
[2026-04-04T03:25:14Z] Iter 548 | Total-in: 0 | Non-cached:  | Cache-read:  | Cache-create:  | Output:  | Cost: $ | Duration: ms | Turns: 
[2026-04-04T03:25:18Z] Iter 547 | Total-in: 0 | Non-cached: 0 | Cache-read: 0 | Cache-create: 0 | Output: 0 | Cost: $0 | Duration: 401ms | Turns: 1
[2026-04-04T03:25:21Z] Iter 544 | Total-in: 0 | Non-cached: 0 | Cache-read: 0 | Cache-create: 0 | Output: 0 | Cost: $0 | Duration: 523ms | Turns: 1
[2026-04-04T03:25:25Z] Iter 549 | Total-in: 0 | Non-cached: 0 | Cache-read: 0 | Cache-create: 0 | Output: 0 | Cost: $0 | Duration: 420ms | Turns: 1
[2026-04-04T03:25:29Z] Iter 549 | Total-in: 0 | Non-cached: 0 | Cache-read:  | Cache-create:  | Output:  | Cost: $ | Duration: ms | Turns: 
[2026-04-04T03:25:33Z] Iter 548 | Total-in: 0 | Non-cached: 0 | Cache-read: 0 | Cache-create: 0 | Output: 0 | Cost: $0 | Duration: 460ms | Turns: 1
[2026-04-04T03:25:37Z] Iter 545 | Total-in: 0 | Non-cached: 0 | Cache-read: 0 | Cache-create: 0 | Output: 0 | Cost: $0 | Duration: ms | Turns: 
[] Iter 550 | No token data (result file empty or parse failed)
[2026-04-04T03:25:44Z] Iter 550 | Total-in: 0 | Non-cached: 0 | Cache-read: 0 | Cache-create: 0 | Output: 0 | Cost: $0 | Duration: 434ms | Turns: 1
[2026-04-04T03:25:47Z] Iter 549 | Total-in: 0 | Non-cached: 0 | Cache-read: 0 | Cache-create: 0 | Output: 0 | Cost: $0 | Duration: 433ms | Turns: 1
[] Iter 546 | No token data (result file empty or parse failed)
[2026-04-04T03:25:56Z] Iter 551 | Total-in: 0 | Non-cached: 0 | Cache-read: 0 | Cache-create: 0 | Output: 0 | Cost: $0 | Duration: 542ms | Turns: 1
[] Iter 551 | No token data (result file empty or parse failed)
[2026-04-04T03:26:03Z] Iter 550 | Total-in: 0 | Non-cached: 0 | Cache-read: 0 | Cache-create: 0 | Output: 0 | Cost: $0 | Duration: 1510ms | Turns: 1
[] Iter 547 | No token data (result file empty or parse failed)
[] Iter 552 | No token data (result file empty or parse failed)
[2026-04-04T03:26:13Z] Iter 552 | Total-in: 0 | Non-cached: 0 | Cache-read: 0 | Cache-create:  | Output: 0 | Cost: $ | Duration: ms | Turns: 
[2026-04-04T03:26:18Z] Iter 551 | Total-in: 0 | Non-cached:  | Cache-read:  | Cache-create:  | Output:  | Cost: $ | Duration: ms | Turns: 
[2026-04-04T03:26:21Z] Iter 548 | Total-in: 0 | Non-cached: 0 | Cache-read: 0 | Cache-create: 0 | Output: 0 | Cost: $0 | Duration: ms | Turns: 
[2026-04-04T03:26:26Z] Iter 553 | Total-in: 0 | Non-cached: 0 | Cache-read: 0 | Cache-create: 0 | Output: 0 | Cost: $0 | Duration: 434ms | Turns: 1
[2026-04-04T03:26:29Z] Iter 553 | Total-in: 0 | Non-cached:  | Cache-read:  | Cache-create:  | Output:  | Cost: $ | Duration: ms | Turns: 
[] Iter 552 | No token data (result file empty or parse failed)
[] Iter 549 | No token data (result file empty or parse failed)
[] Iter 554 | No token data (result file empty or parse failed)
[2026-04-04T03:26:45Z] Iter 554 | Total-in: 0 | Non-cached: 0 | Cache-read: 0 | Cache-create: 0 | Output: 0 | Cost: $0 | Duration: 456ms | Turns: 1
[] Iter 553 | No token data (result file empty or parse failed)
[2026-04-04T03:26:52Z] Iter 550 | Total-in: 0 | Non-cached: 0 | Cache-read: 0 | Cache-create: 0 | Output: 0 | Cost: $0 | Duration: 562ms | Turns: 1
[] Iter 555 | No token data (result file empty or parse failed)
[] Iter 555 | No token data (result file empty or parse failed)
[] Iter 554 | No token data (result file empty or parse failed)
[2026-04-04T03:27:09Z] Iter 551 | Total-in: 0 | Non-cached: 0 | Cache-read: 0 | Cache-create: 0 | Output: 0 | Cost: $0 | Duration: 447ms | Turns: 1
[2026-04-04T03:27:11Z] Iter 556 | Total-in: 0 | Non-cached: 0 | Cache-read:  | Cache-create:  | Output:  | Cost: $ | Duration: ms | Turns: 
[2026-04-04T03:27:17Z] Iter 556 | Total-in: 0 | Non-cached: 0 | Cache-read: 0 | Cache-create: 0 | Output: 0 | Cost: $0 | Duration: 501ms | Turns: 1
[2026-04-04T03:27:20Z] Iter 555 | Total-in: 0 | Non-cached: 0 | Cache-read: 0 | Cache-create: 0 | Output: 0 | Cost: $0 | Duration: 474ms | Turns: 1
[] Iter 552 | No token data (result file empty or parse failed)
[2026-04-04T03:27:29Z] Iter 557 | Total-in: 0 | Non-cached: 0 | Cache-read: 0 | Cache-create: 0 | Output: 0 | Cost: $0 | Duration: 1221ms | Turns: 1
[2026-04-04T03:27:34Z] Iter 557 | Total-in: 0 | Non-cached: 0 | Cache-read: 0 | Cache-create: 0 | Output: 0 | Cost: $0 | Duration: 565ms | Turns: 1
[2026-04-04T03:27:37Z] Iter 556 | Total-in: 0 | Non-cached: 0 | Cache-read: 0 | Cache-create: 0 | Output: 0 | Cost: $0 | Duration: ms | Turns: 
[2026-04-04T03:27:43Z] Iter 553 | Total-in: 0 | Non-cached: 0 | Cache-read: 0 | Cache-create: 0 | Output: 0 | Cost: $0 | Duration: 535ms | Turns: 1
[2026-04-04T03:27:46Z] Iter 558 | Total-in: 0 | Non-cached: 0 | Cache-read: 0 | Cache-create: 0 | Output: 0 | Cost: $0 | Duration: 478ms | Turns: 1
[2026-04-04T03:27:51Z] Iter 558 | Total-in: 0 | Non-cached:  | Cache-read:  | Cache-create:  | Output:  | Cost: $ | Duration: ms | Turns: 
[2026-04-04T03:27:54Z] Iter 557 | Total-in: 0 | Non-cached: 0 | Cache-read: 0 | Cache-create:  | Output: 0 | Cost: $ | Duration: ms | Turns: 
[] Iter 554 | No token data (result file empty or parse failed)
[2026-04-04T03:28:02Z] Iter 559 | Total-in: 0 | Non-cached: 0 | Cache-read: 0 | Cache-create: 0 | Output: 0 | Cost: $0 | Duration: 546ms | Turns: 1
[2026-04-04T03:28:07Z] Iter 559 | Total-in: 0 | Non-cached: 0 | Cache-read: 0 | Cache-create: 0 | Output: 0 | Cost: $0 | Duration: 505ms | Turns: 1
[] Iter 558 | No token data (result file empty or parse failed)
[2026-04-04T03:28:15Z] Iter 555 | Total-in: 0 | Non-cached: 0 | Cache-read: 0 | Cache-create: 0 | Output: 0 | Cost: $0 | Duration: 580ms | Turns: 1
[2026-04-04T03:28:19Z] Iter 560 | Total-in: 0 | Non-cached: 0 | Cache-read: 0 | Cache-create: 0 | Output: 0 | Cost: $0 | Duration: 528ms | Turns: 1
[2026-04-04T03:28:24Z] Iter 560 | Total-in: 0 | Non-cached: 0 | Cache-read: 0 | Cache-create: 0 | Output: 0 | Cost: $0 | Duration: 526ms | Turns: 1
[2026-04-04T03:28:27Z] Iter 559 | Total-in: 0 | Non-cached:  | Cache-read:  | Cache-create:  | Output:  | Cost: $ | Duration: ms | Turns: 
[2026-04-04T03:28:31Z] Iter 556 | Total-in: 0 | Non-cached: 0 | Cache-read: 0 | Cache-create: 0 | Output: 0 | Cost: $0 | Duration: 403ms | Turns: 1
[2026-04-04T03:28:34Z] Iter 561 | Total-in: 0 | Non-cached: 0 | Cache-read: 0 | Cache-create: 0 | Output: 0 | Cost: $0 | Duration: 484ms | Turns: 1
[2026-04-04T03:28:39Z] Iter 561 | Total-in: 0 | Non-cached: 0 | Cache-read: 0 | Cache-create: 0 | Output: 0 | Cost: $0 | Duration: 417ms | Turns: 1
[] Iter 560 | No token data (result file empty or parse failed)
[2026-04-04T03:28:45Z] Iter 557 | Total-in: 0 | Non-cached: 0 | Cache-read: 0 | Cache-create: 0 | Output: 0 | Cost: $0 | Duration: 430ms | Turns: 1
[] Iter 562 | No token data (result file empty or parse failed)
[] Iter 562 | No token data (result file empty or parse failed)
[2026-04-04T03:28:55Z] Iter 561 | Total-in: 0 | Non-cached: 0 | Cache-read: 0 | Cache-create: 0 | Output: 0 | Cost: $0 | Duration: 461ms | Turns: 1
[2026-04-04T03:28:59Z] Iter 558 | Total-in: 0 | Non-cached: 0 | Cache-read: 0 | Cache-create: 0 | Output: 0 | Cost: $0 | Duration: 390ms | Turns: 1
[2026-04-04T03:29:02Z] Iter 563 | Total-in: 0 | Non-cached: 0 | Cache-read: 0 | Cache-create: 0 | Output: 0 | Cost: $0 | Duration: 413ms | Turns: 1
[2026-04-04T03:29:07Z] Iter 563 | Total-in: 0 | Non-cached: 0 | Cache-read: 0 | Cache-create: 0 | Output: 0 | Cost: $0 | Duration: 500ms | Turns: 1
[2026-04-04T03:29:10Z] Iter 562 | Total-in: 0 | Non-cached: 0 | Cache-read: 0 | Cache-create: 0 | Output: 0 | Cost: $0 | Duration: 470ms | Turns: 1
[2026-04-04T03:29:14Z] Iter 559 | Total-in: 0 | Non-cached: 0 | Cache-read: 0 | Cache-create: 0 | Output: 0 | Cost: $0 | Duration: 915ms | Turns: 1
[2026-04-04T03:29:17Z] Iter 564 | Total-in: 0 | Non-cached: 0 | Cache-read: 0 | Cache-create: 0 | Output: 0 | Cost: $0 | Duration: 424ms | Turns: 1
[2026-04-04T03:29:21Z] Iter 564 | Total-in: 0 | Non-cached: 0 | Cache-read: 0 | Cache-create: 0 | Output: 0 | Cost: $0 | Duration: 564ms | Turns: 1
[2026-04-04T03:29:25Z] Iter 563 | Total-in: 0 | Non-cached: 0 | Cache-read: 0 | Cache-create:  | Output: 0 | Cost: $ | Duration: ms | Turns: 
[2026-04-04T03:29:28Z] Iter 560 | Total-in: 0 | Non-cached: 0 | Cache-read: 0 | Cache-create:  | Output: 0 | Cost: $ | Duration: ms | Turns: 
[2026-04-04T03:29:31Z] Iter 565 | Total-in: 0 | Non-cached: 0 | Cache-read: 0 | Cache-create: 0 | Output: 0 | Cost: $0 | Duration: 505ms | Turns: 1
[2026-04-04T03:29:36Z] Iter 565 | Total-in: 0 | Non-cached: 0 | Cache-read: 0 | Cache-create: 0 | Output: 0 | Cost: $0 | Duration: 681ms | Turns: 1
[] Iter 564 | No token data (result file empty or parse failed)
[2026-04-04T03:29:42Z] Iter 561 | Total-in: 0 | Non-cached: 0 | Cache-read: 0 | Cache-create: 0 | Output: 0 | Cost: $0 | Duration: 410ms | Turns: 1
[2026-04-04T03:29:47Z] Iter 566 | Total-in: 0 | Non-cached: 0 | Cache-read: 0 | Cache-create: 0 | Output: 0 | Cost: $0 | Duration: 1509ms | Turns: 1
[2026-04-04T03:29:50Z] Iter 566 | Total-in: 0 | Non-cached: 0 | Cache-read:  | Cache-create:  | Output: 0 | Cost: $ | Duration: ms | Turns: 
[2026-04-04T03:29:53Z] Iter 565 | Total-in: 0 | Non-cached: 0 | Cache-read: 0 | Cache-create: 0 | Output: 0 | Cost: $0 | Duration: 503ms | Turns: 1
[2026-04-04T03:29:57Z] Iter 562 | Total-in: 0 | Non-cached: 0 | Cache-read: 0 | Cache-create: 0 | Output: 0 | Cost: $0 | Duration: 509ms | Turns: 1
[] Iter 567 | No token data (result file empty or parse failed)
[2026-04-04T03:30:06Z] Iter 567 | Total-in: 0 | Non-cached: 0 | Cache-read: 0 | Cache-create: 0 | Output: 0 | Cost: $0 | Duration: 527ms | Turns: 1
[2026-04-04T03:30:08Z] Iter 566 | Total-in: 0 | Non-cached: 0 | Cache-read: 0 | Cache-create: 0 | Output: 0 | Cost: $0 | Duration: 491ms | Turns: 1
[2026-04-04T03:30:12Z] Iter 563 | Total-in: 0 | Non-cached: 0 | Cache-read: 0 | Cache-create: 0 | Output: 0 | Cost: $0 | Duration: 454ms | Turns: 1
[2026-04-04T03:30:16Z] Iter 568 | Total-in: 0 | Non-cached: 0 | Cache-read: 0 | Cache-create: 0 | Output: 0 | Cost: $ | Duration: ms | Turns: 
[2026-04-04T03:30:21Z] Iter 568 | Total-in: 0 | Non-cached: 0 | Cache-read: 0 | Cache-create: 0 | Output: 0 | Cost: $0 | Duration: 582ms | Turns: 1
[2026-04-04T03:30:24Z] Iter 567 | Total-in: 0 | Non-cached: 0 | Cache-read:  | Cache-create:  | Output: 0 | Cost: $ | Duration: ms | Turns: 
[2026-04-04T03:30:27Z] Iter 564 | Total-in: 0 | Non-cached: 0 | Cache-read: 0 | Cache-create: 0 | Output: 0 | Cost: $0 | Duration: 448ms | Turns: 1
[2026-04-04T03:30:31Z] Iter 569 | Total-in: 0 | Non-cached: 0 | Cache-read: 0 | Cache-create: 0 | Output: 0 | Cost: $0 | Duration: 544ms | Turns: 1
[2026-04-04T03:30:36Z] Iter 569 | Total-in: 0 | Non-cached: 0 | Cache-read: 0 | Cache-create: 0 | Output: 0 | Cost: $0 | Duration: 419ms | Turns: 1
[2026-04-04T03:30:40Z] Iter 568 | Total-in: 0 | Non-cached: 0 | Cache-read: 0 | Cache-create: 0 | Output: 0 | Cost: $0 | Duration: 567ms | Turns: 1
[2026-04-04T03:30:43Z] Iter 565 | Total-in: 0 | Non-cached: 0 | Cache-read: 0 | Cache-create: 0 | Output: 0 | Cost: $0 | Duration: 473ms | Turns: 1
[2026-04-04T03:30:48Z] Iter 570 | Total-in: 0 | Non-cached: 0 | Cache-read: 0 | Cache-create: 0 | Output: 0 | Cost: $0 | Duration: 435ms | Turns: 1
[] Iter 566 | No token data (result file empty or parse failed)
[] Iter 570 | No token data (result file empty or parse failed)
[] Iter 569 | No token data (result file empty or parse failed)
[] Iter 571 | No token data (result file empty or parse failed)
[2026-04-04T03:31:07Z] Iter 571 | Total-in: 0 | Non-cached: 0 | Cache-read: 0 | Cache-create: 0 | Output: 0 | Cost: $0 | Duration: 1780ms | Turns: 1
[2026-04-04T03:31:08Z] Iter 567 | Total-in: 0 | Non-cached: 0 | Cache-read: 0 | Cache-create: 0 | Output: 0 | Cost: $0 | Duration: 1780ms | Turns: 1
[] Iter 570 | No token data (result file empty or parse failed)
[] Iter 572 | No token data (result file empty or parse failed)
[2026-04-04T03:31:23Z] Iter 572 | Total-in: 0 | Non-cached: 0 | Cache-read: 0 | Cache-create: 0 | Output: 0 | Cost: $0 | Duration: 555ms | Turns: 1
[2026-04-04T03:31:24Z] Iter 568 | Total-in: 0 | Non-cached: 0 | Cache-read: 0 | Cache-create: 0 | Output: 0 | Cost: $0 | Duration: 492ms | Turns: 1
[2026-04-04T03:31:26Z] Iter 571 | Total-in: 0 | Non-cached: 0 | Cache-read: 0 | Cache-create: 0 | Output: 0 | Cost: $0 | Duration: 459ms | Turns: 1
[2026-04-04T03:31:33Z] Iter 573 | Total-in: 0 | Non-cached: 0 | Cache-read: 0 | Cache-create: 0 | Output: 0 | Cost: $0 | Duration: 506ms | Turns: 1
[2026-04-04T03:31:40Z] Iter 573 | Total-in: 0 | Non-cached: 0 | Cache-read: 0 | Cache-create: 0 | Output: 0 | Cost: $0 | Duration: 556ms | Turns: 1
[] Iter 569 | No token data (result file empty or parse failed)
[2026-04-04T03:31:43Z] Iter 572 | Total-in: 0 | Non-cached: 0 | Cache-read: 0 | Cache-create: 0 | Output: 0 | Cost: $0 | Duration: 466ms | Turns: 1
[] Iter 574 | No token data (result file empty or parse failed)
[2026-04-04T03:31:57Z] Iter 574 | Total-in: 0 | Non-cached: 0 | Cache-read: 0 | Cache-create: 0 | Output: 0 | Cost: $0 | Duration: 496ms | Turns: 1
[2026-04-04T03:31:57Z] Iter 570 | Total-in: 0 | Non-cached: 0 | Cache-read: 0 | Cache-create: 0 | Output: 0 | Cost: $0 | Duration: 496ms | Turns: 1
[2026-04-04T03:32:03Z] Iter 573 | Total-in: 0 | Non-cached: 0 | Cache-read: 0 | Cache-create: 0 | Output: 0 | Cost: $0 | Duration: 424ms | Turns: 1
[2026-04-04T03:32:04Z] Iter 575 | Total-in: 0 | Non-cached: 0 | Cache-read: 0 | Cache-create: 0 | Output: 0 | Cost: $0 | Duration: 456ms | Turns: 1
[2026-04-04T03:32:15Z] Iter 575 | Total-in: 0 | Non-cached: 0 | Cache-read: 0 | Cache-create: 0 | Output: 0 | Cost: $0 | Duration: 675ms | Turns: 1
[2026-04-04T03:32:15Z] Iter 571 | Total-in: 0 | Non-cached: 0 | Cache-read: 0 | Cache-create: 0 | Output: 0 | Cost: $0 | Duration: 675ms | Turns: 1
[2026-04-04T03:32:20Z] Iter 574 | Total-in: 0 | Non-cached: 0 | Cache-read: 0 | Cache-create: 0 | Output: 0 | Cost: $0 | Duration: 446ms | Turns: 1
[] Iter 576 | No token data (result file empty or parse failed)
[2026-04-04T03:32:31Z] Iter 576 | Total-in: 0 | Non-cached: 0 | Cache-read: 0 | Cache-create: 0 | Output: 0 | Cost: $0 | Duration: 564ms | Turns: 1
[2026-04-04T03:32:32Z] Iter 572 | Total-in: 0 | Non-cached: 0 | Cache-read: 0 | Cache-create: 0 | Output: 0 | Cost: $0 | Duration: 564ms | Turns: 1
[2026-04-04T03:32:38Z] Iter 575 | Total-in: 0 | Non-cached: 0 | Cache-read: 0 | Cache-create: 0 | Output: 0 | Cost: $0 | Duration: 450ms | Turns: 1
[2026-04-04T03:32:39Z] Iter 577 | Total-in: 0 | Non-cached: 0 | Cache-read: 0 | Cache-create: 0 | Output: 0 | Cost: $0 | Duration: 409ms | Turns: 1
[2026-04-04T03:32:49Z] Iter 573 | Total-in: 0 | Non-cached: 0 | Cache-read: 0 | Cache-create: 0 | Output: 0 | Cost: $0 | Duration: 623ms | Turns: 1
[2026-04-04T03:32:50Z] Iter 577 | Total-in: 0 | Non-cached: 0 | Cache-read: 0 | Cache-create: 0 | Output: 0 | Cost: $0 | Duration: 736ms | Turns: 1
[2026-04-04T03:32:55Z] Iter 578 | Total-in: 0 | Non-cached: 0 | Cache-read: 0 | Cache-create: 0 | Output: 0 | Cost: $0 | Duration: 401ms | Turns: 1
[2026-04-04T03:32:56Z] Iter 576 | Total-in: 0 | Non-cached: 0 | Cache-read: 0 | Cache-create: 0 | Output: 0 | Cost: $0 | Duration: 1622ms | Turns: 1
[] Iter 574 | No token data (result file empty or parse failed)
[2026-04-04T03:33:05Z] Iter 578 | Total-in: 0 | Non-cached: 0 | Cache-read: 0 | Cache-create: 0 | Output: 0 | Cost: $0 | Duration: 507ms | Turns: 1
[2026-04-04T03:33:09Z] Iter 579 | Total-in: 0 | Non-cached: 0 | Cache-read: 0 | Cache-create: 0 | Output: 0 | Cost: $0 | Duration: 477ms | Turns: 1
[] Iter 577 | No token data (result file empty or parse failed)
[] Iter 575 | No token data (result file empty or parse failed)
[2026-04-04T03:33:19Z] Iter 579 | Total-in: 0 | Non-cached: 0 | Cache-read: 0 | Cache-create: 0 | Output: 0 | Cost: $0 | Duration: 392ms | Turns: 1
[2026-04-04T03:33:24Z] Iter 578 | Total-in: 0 | Non-cached: 0 | Cache-read: 0 | Cache-create: 0 | Output: 0 | Cost: $0 | Duration: 524ms | Turns: 1
[] Iter 580 | No token data (result file empty or parse failed)
[2026-04-04T03:33:31Z] Iter 576 | Total-in: 0 | Non-cached: 0 | Cache-read: 0 | Cache-create: 0 | Output: 0 | Cost: $0 | Duration: 509ms | Turns: 1
[2026-04-04T03:33:33Z] Iter 580 | Total-in: 0 | Non-cached: 0 | Cache-read: 0 | Cache-create: 0 | Output: 0 | Cost: $0 | Duration: 469ms | Turns: 1
[2026-04-04T03:33:39Z] Iter 579 | Total-in: 0 | Non-cached: 0 | Cache-read: 0 | Cache-create: 0 | Output: 0 | Cost: $0 | Duration: 408ms | Turns: 1
[2026-04-04T03:33:39Z] Iter 581 | Total-in: 0 | Non-cached: 0 | Cache-read: 0 | Cache-create: 0 | Output: 0 | Cost: $0 | Duration: 408ms | Turns: 1
[2026-04-04T03:33:45Z] Iter 577 | Total-in: 0 | Non-cached: 0 | Cache-read: 0 | Cache-create: 0 | Output: 0 | Cost: $0 | Duration: 459ms | Turns: 1
[2026-04-04T03:33:48Z] Iter 581 | Total-in: 0 | Non-cached: 0 | Cache-read: 0 | Cache-create: 0 | Output: 0 | Cost: $0 | Duration: 409ms | Turns: 1
[] Iter 580 | No token data (result file empty or parse failed)
[] Iter 582 | No token data (result file empty or parse failed)
[2026-04-04T03:33:59Z] Iter 578 | Total-in: 0 | Non-cached: 0 | Cache-read: 0 | Cache-create: 0 | Output: 0 | Cost: $0 | Duration: 492ms | Turns: 1
[2026-04-04T03:34:02Z] Iter 582 | Total-in: 0 | Non-cached: 0 | Cache-read: 0 | Cache-create: 0 | Output: 0 | Cost: $0 | Duration: 546ms | Turns: 1
[2026-04-04T03:34:08Z] Iter 583 | Total-in: 0 | Non-cached: 0 | Cache-read: 0 | Cache-create: 0 | Output: 0 | Cost: $0 | Duration: 719ms | Turns: 1
[2026-04-04T03:34:08Z] Iter 581 | Total-in: 0 | Non-cached: 0 | Cache-read: 0 | Cache-create: 0 | Output: 0 | Cost: $0 | Duration: 719ms | Turns: 1
[2026-04-04T03:34:14Z] Iter 579 | Total-in: 0 | Non-cached: 0 | Cache-read: 0 | Cache-create: 0 | Output: 0 | Cost: $0 | Duration: 432ms | Turns: 1
[2026-04-04T03:34:19Z] Iter 583 | Total-in: 0 | Non-cached: 0 | Cache-read: 0 | Cache-create: 0 | Output: 0 | Cost: $0 | Duration: 1580ms | Turns: 1
[2026-04-04T03:34:22Z] Iter 584 | Total-in: 0 | Non-cached: 0 | Cache-read: 0 | Cache-create: 0 | Output: 0 | Cost: $0 | Duration: 630ms | Turns: 1
[2026-04-04T03:34:23Z] Iter 582 | Total-in: 0 | Non-cached: 0 | Cache-read: 0 | Cache-create: 0 | Output: 0 | Cost: $0 | Duration: 630ms | Turns: 1
[2026-04-04T03:34:30Z] Iter 580 | Total-in: 0 | Non-cached: 0 | Cache-read:  | Cache-create:  | Output:  | Cost: $ | Duration: ms | Turns: 
[2026-04-04T03:34:33Z] Iter 584 | Total-in: 0 | Non-cached: 0 | Cache-read: 0 | Cache-create: 0 | Output: 0 | Cost: $0 | Duration: 691ms | Turns: 1
[] Iter 585 | No token data (result file empty or parse failed)
[2026-04-04T03:34:39Z] Iter 583 | Total-in: 0 | Non-cached: 0 | Cache-read: 0 | Cache-create: 0 | Output: 0 | Cost: $0 | Duration: 1448ms | Turns: 1
[2026-04-04T03:34:45Z] Iter 581 | Total-in: 0 | Non-cached: 0 | Cache-read: 0 | Cache-create: 0 | Output: 0 | Cost: $0 | Duration: 469ms | Turns: 
[2026-04-04T03:34:48Z] Iter 585 | Total-in: 0 | Non-cached: 0 | Cache-read: 0 | Cache-create: 0 | Output: 0 | Cost: $0 | Duration: 445ms | Turns: 1
[2026-04-04T03:34:53Z] Iter 586 | Total-in: 0 | Non-cached:  | Cache-read:  | Cache-create:  | Output:  | Cost: $ | Duration: ms | Turns: 
[2026-04-04T03:34:54Z] Iter 584 | Total-in: 0 | Non-cached: 0 | Cache-read: 0 | Cache-create: 0 | Output: 0 | Cost: $0 | Duration: 619ms | Turns: 1
[2026-04-04T03:35:00Z] Iter 582 | Total-in: 0 | Non-cached: 0 | Cache-read: 0 | Cache-create: 0 | Output: 0 | Cost: $0 | Duration: 455ms | Turns: 1
[2026-04-04T03:35:03Z] Iter 586 | Total-in: 0 | Non-cached: 0 | Cache-read: 0 | Cache-create: 0 | Output: 0 | Cost: $0 | Duration: 468ms | Turns: 1
[2026-04-04T03:35:09Z] Iter 587 | Total-in: 0 | Non-cached: 0 | Cache-read: 0 | Cache-create: 0 | Output: 0 | Cost: $0 | Duration: 1077ms | Turns: 1
[2026-04-04T03:35:11Z] Iter 585 | Total-in: 0 | Non-cached: 0 | Cache-read: 0 | Cache-create: 0 | Output: 0 | Cost: $0 | Duration: 487ms | Turns: 
[2026-04-04T03:35:16Z] Iter 583 | Total-in: 0 | Non-cached: 0 | Cache-read: 0 | Cache-create: 0 | Output: 0 | Cost: $0 | Duration: 542ms | Turns: 1
[] Iter 587 | No token data (result file empty or parse failed)
[2026-04-04T03:35:25Z] Iter 588 | Total-in: 0 | Non-cached: 0 | Cache-read: 0 | Cache-create: 0 | Output: 0 | Cost: $0 | Duration: 539ms | Turns: 1
[] Iter 586 | No token data (result file empty or parse failed)
[2026-04-04T03:35:31Z] Iter 584 | Total-in: 0 | Non-cached: 0 | Cache-read: 0 | Cache-create: 0 | Output: 0 | Cost: $0 | Duration: 415ms | Turns: 1
[] Iter 588 | No token data (result file empty or parse failed)
[] Iter 589 | No token data (result file empty or parse failed)
[] Iter 587 | No token data (result file empty or parse failed)
[] Iter 589 | No token data (result file empty or parse failed)
[2026-04-04T03:35:51Z] Iter 585 | Total-in: 0 | Non-cached: 0 | Cache-read: 0 | Cache-create: 0 | Output: 0 | Cost: $0 | Duration: 1543ms | Turns: 1
[] Iter 590 | No token data (result file empty or parse failed)
[2026-04-04T03:35:58Z] Iter 588 | Total-in: 0 | Non-cached: 0 | Cache-read: 0 | Cache-create: 0 | Output: 0 | Cost: $0 | Duration: 413ms | Turns: 1
[2026-04-04T03:36:07Z] Iter 590 | Total-in: 0 | Non-cached: 0 | Cache-read: 0 | Cache-create: 0 | Output: 0 | Cost: $0 | Duration: 457ms | Turns: 1
[2026-04-04T03:36:07Z] Iter 586 | Total-in: 0 | Non-cached: 0 | Cache-read: 0 | Cache-create: 0 | Output: 0 | Cost: $0 | Duration: 457ms | Turns: 1
[2026-04-04T03:36:11Z] Iter 591 | Total-in: 0 | Non-cached: 0 | Cache-read: 0 | Cache-create: 0 | Output: 0 | Cost: $0 | Duration: 499ms | Turns: 1
[2026-04-04T03:36:14Z] Iter 589 | Total-in: 0 | Non-cached: 0 | Cache-read: 0 | Cache-create: 0 | Output: 0 | Cost: $0 | Duration: 542ms | Turns: 1
[2026-04-04T03:36:23Z] Iter 587 | Total-in: 0 | Non-cached: 0 | Cache-read: 0 | Cache-create: 0 | Output: 0 | Cost: $0 | Duration: 522ms | Turns: 1
[2026-04-04T03:36:23Z] Iter 591 | Total-in: 0 | Non-cached: 0 | Cache-read: 0 | Cache-create: 0 | Output: 0 | Cost: $0 | Duration: 522ms | Turns: 1
[2026-04-04T03:36:27Z] Iter 592 | Total-in: 0 | Non-cached: 0 | Cache-read: 0 | Cache-create: 0 | Output: 0 | Cost: $0 | Duration: 479ms | Turns: 1
[] Iter 590 | No token data (result file empty or parse failed)
[] Iter 592 | No token data (result file empty or parse failed)
[] Iter 588 | No token data (result file empty or parse failed)
[2026-04-04T03:36:44Z] Iter 593 | Total-in: 0 | Non-cached: 0 | Cache-read: 0 | Cache-create: 0 | Output: 0 | Cost: $0 | Duration: 447ms | Turns: 1
[2026-04-04T03:36:47Z] Iter 591 | Total-in: 0 | Non-cached: 0 | Cache-read: 0 | Cache-create: 0 | Output: 0 | Cost: $0 | Duration: 553ms | Turns: 1
[] Iter 589 | No token data (result file empty or parse failed)
[2026-04-04T03:36:57Z] Iter 593 | Total-in: 0 | Non-cached: 0 | Cache-read: 0 | Cache-create: 0 | Output: 0 | Cost: $0 | Duration: 854ms | Turns: 1
[2026-04-04T03:37:01Z] Iter 594 | Total-in: 0 | Non-cached: 0 | Cache-read: 0 | Cache-create: 0 | Output: 0 | Cost: $0 | Duration: 532ms | Turns: 1
[2026-04-04T03:37:03Z] Iter 592 | Total-in: 0 | Non-cached: 0 | Cache-read: 0 | Cache-create: 0 | Output: 0 | Cost: $0 | Duration: 477ms | Turns: 1
[2026-04-04T03:37:11Z] Iter 590 | Total-in: 0 | Non-cached: 0 | Cache-read: 0 | Cache-create: 0 | Output: 0 | Cost: $0 | Duration: 542ms | Turns: 1
[2026-04-04T03:37:14Z] Iter 594 | Total-in: 0 | Non-cached: 0 | Cache-read: 0 | Cache-create: 0 | Output: 0 | Cost: $0 | Duration: 599ms | Turns: 1
[2026-04-04T03:37:18Z] Iter 595 | Total-in: 0 | Non-cached: 0 | Cache-read: 0 | Cache-create: 0 | Output: 0 | Cost: $0 | Duration: 460ms | Turns: 1
[2026-04-04T03:37:23Z] Iter 593 | Total-in: 0 | Non-cached: 0 | Cache-read: 0 | Cache-create: 0 | Output: 0 | Cost: $0 | Duration: 441ms | Turns: 1
[2026-04-04T03:37:27Z] Iter 591 | Total-in: 0 | Non-cached: 0 | Cache-read: 0 | Cache-create: 0 | Output: 0 | Cost: $0 | Duration: 466ms | Turns: 1
[2026-04-04T03:37:31Z] Iter 595 | Total-in: 0 | Non-cached: 0 | Cache-read: 0 | Cache-create: 0 | Output: 0 | Cost: $0 | Duration: ms | Turns: 
[2026-04-04T03:37:34Z] Iter 596 | Total-in: 0 | Non-cached: 0 | Cache-read: 0 | Cache-create: 0 | Output: 0 | Cost: $0 | Duration: 507ms | Turns: 1
[2026-04-04T03:37:37Z] Iter 594 | Total-in: 0 | Non-cached: 0 | Cache-read: 0 | Cache-create: 0 | Output: 0 | Cost: $0 | Duration: 410ms | Turns: 1
[2026-04-04T03:37:41Z] Iter 592 | Total-in: 0 | Non-cached: 0 | Cache-read: 0 | Cache-create: 0 | Output: 0 | Cost: $0 | Duration: ms | Turns: 
[2026-04-04T03:37:44Z] Iter 596 | Total-in: 0 | Non-cached: 0 | Cache-read: 0 | Cache-create: 0 | Output: 0 | Cost: $0 | Duration: 518ms | Turns: 1
[2026-04-04T03:37:48Z] Iter 597 | Total-in: 0 | Non-cached: 0 | Cache-read: 0 | Cache-create: 0 | Output: 0 | Cost: $0 | Duration: 403ms | Turns: 1
[2026-04-04T03:37:51Z] Iter 595 | Total-in: 0 | Non-cached: 0 | Cache-read: 0 | Cache-create: 0 | Output: 0 | Cost: $0 | Duration: 401ms | Turns: 1
[] Iter 593 | No token data (result file empty or parse failed)
[] Iter 597 | No token data (result file empty or parse failed)
[2026-04-04T03:38:03Z] Iter 598 | Total-in: 0 | Non-cached: 0 | Cache-read: 0 | Cache-create: 0 | Output: 0 | Cost: $0 | Duration: 419ms | Turns: 1
[2026-04-04T03:38:06Z] Iter 596 | Total-in: 0 | Non-cached: 0 | Cache-read: 0 | Cache-create: 0 | Output: 0 | Cost: $0 | Duration: 515ms | Turns: 1
[2026-04-04T03:38:10Z] Iter 594 | Total-in: 0 | Non-cached: 0 | Cache-read: 0 | Cache-create: 0 | Output: 0 | Cost: $0 | Duration: 406ms | Turns: 1
[] Iter 598 | No token data (result file empty or parse failed)
[] Iter 599 | No token data (result file empty or parse failed)
[2026-04-04T03:38:21Z] Iter 597 | Total-in: 0 | Non-cached: 0 | Cache-read: 0 | Cache-create: 0 | Output: 0 | Cost: $0 | Duration: 401ms | Turns: 1
[2026-04-04T03:38:24Z] Iter 595 | Total-in: 0 | Non-cached: 0 | Cache-read: 0 | Cache-create: 0 | Output: 0 | Cost: $0 | Duration: 441ms | Turns: 1
[] Iter 599 | No token data (result file empty or parse failed)
[] Iter 600 | No token data (result file empty or parse failed)
[2026-04-04T03:38:36Z] Iter 598 | Total-in: 0 | Non-cached: 0 | Cache-read: 0 | Cache-create: 0 | Output: 0 | Cost: $0 | Duration: 736ms | Turns: 1
[] Iter 596 | No token data (result file empty or parse failed)
[2026-04-04T03:38:43Z] Iter 600 | Total-in: 0 | Non-cached: 0 | Cache-read: 0 | Cache-create: 0 | Output: 0 | Cost: $0 | Duration: 433ms | Turns: 1
[2026-04-04T03:38:45Z] Iter 601 | Total-in: 0 | Non-cached: 0 | Cache-read: 0 | Cache-create: 0 | Output: 0 | Cost: $0 | Duration: 447ms | Turns: 1
[2026-04-04T03:38:50Z] Iter 599 | Total-in: 0 | Non-cached: 0 | Cache-read: 0 | Cache-create: 0 | Output: 0 | Cost: $0 | Duration: 520ms | Turns: 1
[] Iter 597 | No token data (result file empty or parse failed)
[2026-04-04T03:38:57Z] Iter 601 | Total-in: 0 | Non-cached: 0 | Cache-read: 0 | Cache-create: 0 | Output: 0 | Cost: $0 | Duration: 412ms | Turns: 1
[2026-04-04T03:39:00Z] Iter 602 | Total-in: 0 | Non-cached: 0 | Cache-read: 0 | Cache-create: 0 | Output: 0 | Cost: $0 | Duration: 441ms | Turns: 1
[2026-04-04T03:39:05Z] Iter 600 | Total-in: 0 | Non-cached:  | Cache-read:  | Cache-create:  | Output:  | Cost: $ | Duration: ms | Turns: 
[2026-04-04T03:39:08Z] Iter 598 | Total-in: 0 | Non-cached: 0 | Cache-read: 0 | Cache-create: 0 | Output: 0 | Cost: $ | Duration: ms | Turns: 
[2026-04-04T03:39:11Z] Iter 602 | Total-in: 0 | Non-cached: 0 | Cache-read: 0 | Cache-create: 0 | Output: 0 | Cost: $0 | Duration: 428ms | Turns: 1
[2026-04-04T03:39:15Z] Iter 603 | Total-in: 0 | Non-cached: 0 | Cache-read: 0 | Cache-create: 0 | Output: 0 | Cost: $0 | Duration: 485ms | Turns: 1
[] Iter 601 | No token data (result file empty or parse failed)
[2026-04-04T03:39:22Z] Iter 599 | Total-in: 0 | Non-cached: 0 | Cache-read: 0 | Cache-create: 0 | Output: 0 | Cost: $0 | Duration: ms | Turns: 
[2026-04-04T03:39:27Z] Iter 603 | Total-in: 0 | Non-cached: 0 | Cache-read: 0 | Cache-create: 0 | Output: 0 | Cost: $0 | Duration: 421ms | Turns: 1
[2026-04-04T03:39:29Z] Iter 604 | Total-in: 0 | Non-cached: 0 | Cache-read: 0 | Cache-create: 0 | Output: 0 | Cost: $0 | Duration: 519ms | Turns: 1
[2026-04-04T03:39:33Z] Iter 602 | Total-in: 0 | Non-cached: 0 | Cache-read: 0 | Cache-create: 0 | Output: 0 | Cost: $0 | Duration: 458ms | Turns: 1
[] Iter 600 | No token data (result file empty or parse failed)
[2026-04-04T03:39:43Z] Iter 604 | Total-in: 0 | Non-cached: 0 | Cache-read: 0 | Cache-create: 0 | Output: 0 | Cost: $0 | Duration: 751ms | Turns: 1
[2026-04-04T03:39:46Z] Iter 605 | Total-in: 0 | Non-cached: 0 | Cache-read: 0 | Cache-create: 0 | Output: 0 | Cost: $0 | Duration: 1544ms | Turns: 1
[2026-04-04T03:39:52Z] Iter 601 | Total-in: 0 | Non-cached: 0 | Cache-read: 0 | Cache-create: 0 | Output: 0 | Cost: $0 | Duration: 3111ms | Turns: 1
[2026-04-04T03:39:52Z] Iter 603 | Total-in: 0 | Non-cached: 0 | Cache-read: 0 | Cache-create: 0 | Output: 0 | Cost: $0 | Duration: 3111ms | Turns: 1
[2026-04-04T03:39:58Z] Iter 605 | Total-in: 0 | Non-cached: 0 | Cache-read: 0 | Cache-create: 0 | Output: 0 | Cost: $0 | Duration: 418ms | Turns: 1
[2026-04-04T03:40:02Z] Iter 606 | Total-in: 0 | Non-cached: 0 | Cache-read: 0 | Cache-create: 0 | Output: 0 | Cost: $0 | Duration: 443ms | Turns: 1
[2026-04-04T03:40:08Z] Iter 604 | Total-in: 0 | Non-cached: 0 | Cache-read: 0 | Cache-create: 0 | Output: 0 | Cost: $0 | Duration: 455ms | Turns: 1
[2026-04-04T03:40:09Z] Iter 602 | Total-in: 0 | Non-cached: 0 | Cache-read: 0 | Cache-create: 0 | Output: 0 | Cost: $0 | Duration: 459ms | Turns: 1
[2026-04-04T03:40:14Z] Iter 606 | Total-in: 0 | Non-cached: 0 | Cache-read: 0 | Cache-create: 0 | Output: 0 | Cost: $0 | Duration: 521ms | Turns: 1
[2026-04-04T03:40:17Z] Iter 607 | Total-in: 0 | Non-cached:  | Cache-read:  | Cache-create:  | Output:  | Cost: $ | Duration: ms | Turns: 
[2026-04-04T03:40:24Z] Iter 605 | Total-in: 0 | Non-cached: 0 | Cache-read: 0 | Cache-create: 0 | Output: 0 | Cost: $0 | Duration: 454ms | Turns: 1
[] Iter 603 | No token data (result file empty or parse failed)
[2026-04-04T03:40:30Z] Iter 607 | Total-in: 0 | Non-cached: 0 | Cache-read: 0 | Cache-create: 0 | Output: 0 | Cost: $0 | Duration: 455ms | Turns: 1
[2026-04-04T03:40:33Z] Iter 608 | Total-in: 0 | Non-cached: 0 | Cache-read: 0 | Cache-create: 0 | Output: 0 | Cost: $0 | Duration: 515ms | Turns: 1
[2026-04-04T03:40:40Z] Iter 606 | Total-in: 0 | Non-cached: 0 | Cache-read: 0 | Cache-create: 0 | Output: 0 | Cost: $0 | Duration: 547ms | Turns: 1
[2026-04-04T03:40:40Z] Iter 604 | Total-in: 0 | Non-cached: 0 | Cache-read: 0 | Cache-create: 0 | Output: 0 | Cost: $0 | Duration: 547ms | Turns: 1
[2026-04-04T03:40:47Z] Iter 608 | Total-in: 0 | Non-cached: 0 | Cache-read: 0 | Cache-create: 0 | Output: 0 | Cost: $0 | Duration: 466ms | Turns: 1
[] Iter 609 | No token data (result file empty or parse failed)
[] Iter 605 | No token data (result file empty or parse failed)
[] Iter 607 | No token data (result file empty or parse failed)
[] Iter 609 | No token data (result file empty or parse failed)
[2026-04-04T03:41:04Z] Iter 610 | Total-in: 0 | Non-cached: 0 | Cache-read: 0 | Cache-create: 0 | Output: 0 | Cost: $0 | Duration: 516ms | Turns: 1
[2026-04-04T03:41:11Z] Iter 606 | Total-in: 0 | Non-cached: 0 | Cache-read: 0 | Cache-create: 0 | Output: 0 | Cost: $0 | Duration: 675ms | Turns: 1
[] Iter 608 | No token data (result file empty or parse failed)
[2026-04-04T03:41:20Z] Iter 610 | Total-in: 0 | Non-cached: 0 | Cache-read: 0 | Cache-create: 0 | Output: 0 | Cost: $0 | Duration: 559ms | Turns: 1
[2026-04-04T03:41:21Z] Iter 611 | Total-in: 0 | Non-cached: 0 | Cache-read: 0 | Cache-create: 0 | Output: 0 | Cost: $0 | Duration: 559ms | Turns: 1
[2026-04-04T03:41:28Z] Iter 609 | Total-in: 0 | Non-cached: 0 | Cache-read: 0 | Cache-create: 0 | Output: 0 | Cost: $0 | Duration: ms | Turns: 
[] Iter 607 | No token data (result file empty or parse failed)
[2026-04-04T03:41:37Z] Iter 611 | Total-in: 0 | Non-cached: 0 | Cache-read: 0 | Cache-create: 0 | Output: 0 | Cost: $0 | Duration: 468ms | Turns: 1
[2026-04-04T03:41:38Z] Iter 612 | Total-in: 0 | Non-cached: 0 | Cache-read: 0 | Cache-create: 0 | Output: 0 | Cost: $0 | Duration: 468ms | Turns: 1
[2026-04-04T03:41:45Z] Iter 610 | Total-in: 0 | Non-cached: 0 | Cache-read: 0 | Cache-create: 0 | Output: 0 | Cost: $0 | Duration: 476ms | Turns: 1
[2026-04-04T03:41:45Z] Iter 608 | Total-in: 0 | Non-cached: 0 | Cache-read: 0 | Cache-create: 0 | Output: 0 | Cost: $ | Duration: ms | Turns: 
[2026-04-04T03:41:54Z] Iter 612 | Total-in: 0 | Non-cached: 0 | Cache-read: 0 | Cache-create: 0 | Output: 0 | Cost: $0 | Duration: 490ms | Turns: 1
[2026-04-04T03:41:54Z] Iter 613 | Total-in: 0 | Non-cached: 0 | Cache-read: 0 | Cache-create: 0 | Output: 0 | Cost: $0 | Duration: 490ms | Turns: 1
[2026-04-04T03:42:01Z] Iter 611 | Total-in: 0 | Non-cached: 0 | Cache-read: 0 | Cache-create: 0 | Output: 0 | Cost: $0 | Duration: 447ms | Turns: 1
[2026-04-04T03:42:02Z] Iter 609 | Total-in: 0 | Non-cached: 0 | Cache-read:  | Cache-create:  | Output: 0 | Cost: $ | Duration: ms | Turns: 
[2026-04-04T03:42:10Z] Iter 613 | Total-in: 0 | Non-cached: 0 | Cache-read: 0 | Cache-create: 0 | Output: 0 | Cost: $0 | Duration: 505ms | Turns: 1
[2026-04-04T03:42:10Z] Iter 614 | Total-in: 0 | Non-cached: 0 | Cache-read: 0 | Cache-create: 0 | Output: 0 | Cost: $0 | Duration: 505ms | Turns: 1
[2026-04-04T03:42:18Z] Iter 612 | Total-in: 0 | Non-cached: 0 | Cache-read: 0 | Cache-create: 0 | Output: 0 | Cost: $0 | Duration: 459ms | Turns: 
[] Iter 610 | No token data (result file empty or parse failed)
[] Iter 614 | No token data (result file empty or parse failed)
[2026-04-04T03:42:27Z] Iter 615 | Total-in: 0 | Non-cached: 0 | Cache-read: 0 | Cache-create: 0 | Output: 0 | Cost: $0 | Duration: 464ms | Turns: 1
[2026-04-04T03:42:32Z] Iter 613 | Total-in: 0 | Non-cached: 0 | Cache-read: 0 | Cache-create: 0 | Output: 0 | Cost: $0 | Duration: 1451ms | Turns: 1
[] Iter 611 | No token data (result file empty or parse failed)
[2026-04-04T03:42:39Z] Iter 615 | Total-in: 0 | Non-cached: 0 | Cache-read: 0 | Cache-create: 0 | Output: 0 | Cost: $0 | Duration: 501ms | Turns: 1
[2026-04-04T03:42:43Z] Iter 616 | Total-in: 0 | Non-cached: 0 | Cache-read: 0 | Cache-create: 0 | Output: 0 | Cost: $0 | Duration: 517ms | Turns: 1
[] Iter 612 | No token data (result file empty or parse failed)
[] Iter 614 | No token data (result file empty or parse failed)
[2026-04-04T03:42:53Z] Iter 616 | Total-in: 0 | Non-cached: 0 | Cache-read: 0 | Cache-create: 0 | Output: 0 | Cost: $0 | Duration: 385ms | Turns: 1
[2026-04-04T03:42:57Z] Iter 617 | Total-in: 0 | Non-cached: 0 | Cache-read: 0 | Cache-create: 0 | Output: 0 | Cost: $0 | Duration: 558ms | Turns: 1
[] Iter 615 | No token data (result file empty or parse failed)
[2026-04-04T03:43:02Z] Iter 613 | Total-in: 0 | Non-cached: 0 | Cache-read: 0 | Cache-create: 0 | Output: 0 | Cost: $0 | Duration: 427ms | Turns: 1
[2026-04-04T03:43:11Z] Iter 617 | Total-in: 0 | Non-cached: 0 | Cache-read: 0 | Cache-create: 0 | Output: 0 | Cost: $0 | Duration: 558ms | Turns: 1
[2026-04-04T03:43:12Z] Iter 618 | Total-in: 0 | Non-cached: 0 | Cache-read: 0 | Cache-create: 0 | Output: 0 | Cost: $0 | Duration: 500ms | Turns: 1
[2026-04-04T03:43:19Z] Iter 616 | Total-in: 0 | Non-cached: 0 | Cache-read: 0 | Cache-create: 0 | Output: 0 | Cost: $0 | Duration: 471ms | Turns: 
[] Iter 614 | No token data (result file empty or parse failed)
[] Iter 618 | No token data (result file empty or parse failed)
[2026-04-04T03:43:27Z] Iter 619 | Total-in: 0 | Non-cached: 0 | Cache-read:  | Cache-create:  | Output:  | Cost: $ | Duration: ms | Turns: 
[2026-04-04T03:43:33Z] Iter 617 | Total-in: 0 | Non-cached: 0 | Cache-read: 0 | Cache-create: 0 | Output: 0 | Cost: $0 | Duration: 430ms | Turns: 1
[2026-04-04T03:43:34Z] Iter 615 | Total-in: 0 | Non-cached: 0 | Cache-read: 0 | Cache-create: 0 | Output: 0 | Cost: $0 | Duration: 430ms | Turns: 1
[2026-04-04T03:43:41Z] Iter 620 | Total-in: 0 | Non-cached: 0 | Cache-read:  | Cache-create:  | Output:  | Cost: $ | Duration: ms | Turns: 
[2026-04-04T03:43:42Z] Iter 619 | Total-in: 0 | Non-cached: 0 | Cache-read: 0 | Cache-create: 0 | Output: 0 | Cost: $0 | Duration: 519ms | Turns: 1
[2026-04-04T03:43:48Z] Iter 618 | Total-in: 0 | Non-cached: 0 | Cache-read: 0 | Cache-create: 0 | Output: 0 | Cost: $0 | Duration: 418ms | Turns: 1
[2026-04-04T03:43:49Z] Iter 616 | Total-in: 0 | Non-cached: 0 | Cache-read: 0 | Cache-create: 0 | Output: 0 | Cost: $0 | Duration: 492ms | Turns: 1
[] Iter 621 | No token data (result file empty or parse failed)
[] Iter 620 | No token data (result file empty or parse failed)
[2026-04-04T03:44:02Z] Iter 619 | Total-in: 0 | Non-cached: 0 | Cache-read: 0 | Cache-create: 0 | Output: 0 | Cost: $0 | Duration: 440ms | Turns: 1
[] Iter 617 | No token data (result file empty or parse failed)
[] Iter 622 | No token data (result file empty or parse failed)
[2026-04-04T03:44:13Z] Iter 621 | Total-in: 0 | Non-cached: 0 | Cache-read: 0 | Cache-create: 0 | Output: 0 | Cost: $0 | Duration: 1688ms | Turns: 1
[2026-04-04T03:44:18Z] Iter 620 | Total-in: 0 | Non-cached: 0 | Cache-read: 0 | Cache-create: 0 | Output: 0 | Cost: $0 | Duration: 625ms | Turns: 1
[2026-04-04T03:44:18Z] Iter 618 | Total-in: 0 | Non-cached: 0 | Cache-read: 0 | Cache-create: 0 | Output: 0 | Cost: $0 | Duration: 625ms | Turns: 1
[2026-04-04T03:44:25Z] Iter 623 | Total-in: 0 | Non-cached: 0 | Cache-read: 0 | Cache-create:  | Output: 0 | Cost: $ | Duration: ms | Turns: 
[2026-04-04T03:44:28Z] Iter 622 | Total-in: 0 | Non-cached: 0 | Cache-read: 0 | Cache-create: 0 | Output: 0 | Cost: $0 | Duration: 422ms | Turns: 1
[] Iter 621 | No token data (result file empty or parse failed)
[2026-04-04T03:44:34Z] Iter 619 | Total-in: 0 | Non-cached: 0 | Cache-read: 0 | Cache-create: 0 | Output: 0 | Cost: $0 | Duration: 728ms | Turns: 1
[2026-04-04T03:44:40Z] Iter 624 | Total-in: 0 | Non-cached: 0 | Cache-read: 0 | Cache-create: 0 | Output: 0 | Cost: $0 | Duration: ms | Turns: 
[2026-04-04T03:44:43Z] Iter 623 | Total-in: 0 | Non-cached: 0 | Cache-read: 0 | Cache-create: 0 | Output: 0 | Cost: $0 | Duration: 478ms | Turns: 1
[] Iter 622 | No token data (result file empty or parse failed)
[2026-04-04T03:44:50Z] Iter 620 | Total-in: 0 | Non-cached: 0 | Cache-read: 0 | Cache-create: 0 | Output: 0 | Cost: $0 | Duration: 406ms | Turns: 1
[2026-04-04T03:44:55Z] Iter 625 | Total-in: 0 | Non-cached: 0 | Cache-read:  | Cache-create:  | Output: 0 | Cost: $ | Duration: ms | Turns: 
[2026-04-04T03:44:59Z] Iter 624 | Total-in: 0 | Non-cached: 0 | Cache-read: 0 | Cache-create: 0 | Output: 0 | Cost: $0 | Duration: 411ms | Turns: 1
[2026-04-04T03:45:02Z] Iter 623 | Total-in: 0 | Non-cached: 0 | Cache-read: 0 | Cache-create: 0 | Output: 0 | Cost: $0 | Duration: 544ms | Turns: 1
[2026-04-04T03:45:06Z] Iter 621 | Total-in: 0 | Non-cached: 0 | Cache-read: 0 | Cache-create: 0 | Output: 0 | Cost: $0 | Duration: 449ms | Turns: 1
[2026-04-04T03:45:12Z] Iter 626 | Total-in: 0 | Non-cached: 0 | Cache-read: 0 | Cache-create: 0 | Output: 0 | Cost: $0 | Duration: 1108ms | Turns: 1
[2026-04-04T03:45:16Z] Iter 625 | Total-in: 0 | Non-cached: 0 | Cache-read: 0 | Cache-create: 0 | Output: 0 | Cost: $0 | Duration: 534ms | Turns: 1
[2026-04-04T03:45:19Z] Iter 624 | Total-in: 0 | Non-cached: 0 | Cache-read: 0 | Cache-create: 0 | Output: 0 | Cost: $0 | Duration: 419ms | Turns: 1
[2026-04-04T03:45:26Z] Iter 622 | Total-in: 0 | Non-cached: 0 | Cache-read: 0 | Cache-create: 0 | Output: 0 | Cost: $0 | Duration: 693ms | Turns: 1
[] Iter 627 | No token data (result file empty or parse failed)
[2026-04-04T03:45:33Z] Iter 626 | Total-in: 0 | Non-cached: 0 | Cache-read: 0 | Cache-create: 0 | Output: 0 | Cost: $0 | Duration: 429ms | Turns: 1
[] Iter 625 | No token data (result file empty or parse failed)
[2026-04-04T03:45:41Z] Iter 623 | Total-in: 0 | Non-cached: 0 | Cache-read: 0 | Cache-create:  | Output: 0 | Cost: $ | Duration: ms | Turns: 
[2026-04-04T03:45:43Z] Iter 628 | Total-in: 0 | Non-cached: 0 | Cache-read: 0 | Cache-create: 0 | Output: 0 | Cost: $0 | Duration: 490ms | Turns: 1
[2026-04-04T03:45:50Z] Iter 626 | Total-in: 0 | Non-cached: 0 | Cache-read: 0 | Cache-create: 0 | Output: 0 | Cost: $0 | Duration: 1219ms | Turns: 1
[2026-04-04T03:45:50Z] Iter 627 | Total-in: 0 | Non-cached: 0 | Cache-read: 0 | Cache-create: 0 | Output: 0 | Cost: $0 | Duration: 1219ms | Turns: 1
[] Iter 624 | No token data (result file empty or parse failed)
[2026-04-04T03:45:59Z] Iter 629 | Total-in: 0 | Non-cached: 0 | Cache-read: 0 | Cache-create: 0 | Output: 0 | Cost: $0 | Duration: 538ms | Turns: 1
[2026-04-04T03:46:06Z] Iter 628 | Total-in: 0 | Non-cached: 0 | Cache-read: 0 | Cache-create: 0 | Output: 0 | Cost: $0 | Duration: 517ms | Turns: 1
[] Iter 627 | No token data (result file empty or parse failed)
[2026-04-04T03:46:14Z] Iter 625 | Total-in: 0 | Non-cached: 0 | Cache-read: 0 | Cache-create: 0 | Output: 0 | Cost: $0 | Duration: 464ms | Turns: 1
[2026-04-04T03:46:16Z] Iter 630 | Total-in: 0 | Non-cached: 0 | Cache-read: 0 | Cache-create: 0 | Output: 0 | Cost: $0 | Duration: 453ms | Turns: 1
[2026-04-04T03:46:23Z] Iter 629 | Total-in: 0 | Non-cached: 0 | Cache-read: 0 | Cache-create: 0 | Output: 0 | Cost: $0 | Duration: 435ms | Turns: 1
[2026-04-04T03:46:23Z] Iter 628 | Total-in: 0 | Non-cached: 0 | Cache-read: 0 | Cache-create: 0 | Output: 0 | Cost: $0 | Duration: 435ms | Turns: 1
[2026-04-04T03:46:30Z] Iter 626 | Total-in: 0 | Non-cached: 0 | Cache-read: 0 | Cache-create: 0 | Output: 0 | Cost: $0 | Duration: 574ms | Turns: 1
[2026-04-04T03:46:32Z] Iter 631 | Total-in: 0 | Non-cached: 0 | Cache-read: 0 | Cache-create: 0 | Output: 0 | Cost: $0 | Duration: 443ms | Turns: 1
[2026-04-04T03:46:40Z] Iter 629 | Total-in: 0 | Non-cached: 0 | Cache-read:  | Cache-create:  | Output: 0 | Cost: $ | Duration: ms | Turns: 
[2026-04-04T03:46:42Z] Iter 630 | Total-in: 0 | Non-cached: 0 | Cache-read: 0 | Cache-create: 0 | Output: 0 | Cost: $0 | Duration: 1981ms | Turns: 1
[2026-04-04T03:46:47Z] Iter 627 | Total-in: 0 | Non-cached: 0 | Cache-read: 0 | Cache-create: 0 | Output: 0 | Cost: $0 | Duration: 451ms | Turns: 1
[] Iter 632 | No token data (result file empty or parse failed)
[] Iter 630 | No token data (result file empty or parse failed)
[2026-04-04T03:46:59Z] Iter 631 | Total-in: 0 | Non-cached: 0 | Cache-read: 0 | Cache-create: 0 | Output: 0 | Cost: $0 | Duration: 667ms | Turns: 1
[2026-04-04T03:47:02Z] Iter 628 | Total-in: 0 | Non-cached: 0 | Cache-read: 0 | Cache-create: 0 | Output: 0 | Cost: $0 | Duration: 405ms | Turns: 1
[2026-04-04T03:47:02Z] Iter 633 | Total-in: 0 | Non-cached: 0 | Cache-read: 0 | Cache-create: 0 | Output: 0 | Cost: $0 | Duration: 405ms | Turns: 1
[] Iter 631 | No token data (result file empty or parse failed)
[2026-04-04T03:47:13Z] Iter 632 | Total-in: 0 | Non-cached: 0 | Cache-read: 0 | Cache-create: 0 | Output: 0 | Cost: $0 | Duration: 423ms | Turns: 1
[2026-04-04T03:47:16Z] Iter 629 | Total-in: 0 | Non-cached: 0 | Cache-read: 0 | Cache-create: 0 | Output: 0 | Cost: $0 | Duration: 433ms | Turns: 
[] Iter 634 | No token data (result file empty or parse failed)
[] Iter 632 | No token data (result file empty or parse failed)
[2026-04-04T03:47:27Z] Iter 633 | Total-in: 0 | Non-cached: 0 | Cache-read: 0 | Cache-create: 0 | Output: 0 | Cost: $0 | Duration: 437ms | Turns: 1
[2026-04-04T03:47:31Z] Iter 635 | Total-in: 0 | Non-cached: 0 | Cache-read: 0 | Cache-create: 0 | Output: 0 | Cost: $0 | Duration: 380ms | Turns: 1
[] Iter 630 | No token data (result file empty or parse failed)
[2026-04-04T03:47:37Z] Iter 633 | Total-in: 0 | Non-cached: 0 | Cache-read: 0 | Cache-create: 0 | Output: 0 | Cost: $0 | Duration: 505ms | Turns: 1
[2026-04-04T03:47:42Z] Iter 634 | Total-in: 0 | Non-cached: 0 | Cache-read: 0 | Cache-create: 0 | Output: 0 | Cost: $0 | Duration: 399ms | Turns: 1
[2026-04-04T03:47:44Z] Iter 636 | Total-in: 0 | Non-cached: 0 | Cache-read: 0 | Cache-create: 0 | Output: 0 | Cost: $0 | Duration: 461ms | Turns: 1
[] Iter 631 | No token data (result file empty or parse failed)
[2026-04-04T03:47:52Z] Iter 634 | Total-in: 0 | Non-cached: 0 | Cache-read: 0 | Cache-create: 0 | Output: 0 | Cost: $0 | Duration: 576ms | Turns: 1
[2026-04-04T03:47:56Z] Iter 635 | Total-in: 0 | Non-cached: 0 | Cache-read: 0 | Cache-create: 0 | Output: 0 | Cost: $0 | Duration: 457ms | Turns: 1
[] Iter 637 | No token data (result file empty or parse failed)
[] Iter 632 | No token data (result file empty or parse failed)
[2026-04-04T03:48:06Z] Iter 635 | Total-in: 0 | Non-cached: 0 | Cache-read: 0 | Cache-create: 0 | Output: 0 | Cost: $0 | Duration: 431ms | Turns: 1
[2026-04-04T03:48:11Z] Iter 636 | Total-in: 0 | Non-cached: 0 | Cache-read: 0 | Cache-create: 0 | Output: 0 | Cost: $0 | Duration: 456ms | Turns: 1
[] Iter 638 | No token data (result file empty or parse failed)
[] Iter 633 | No token data (result file empty or parse failed)
[2026-04-04T03:48:21Z] Iter 636 | Total-in: 0 | Non-cached: 0 | Cache-read: 0 | Cache-create: 0 | Output: 0 | Cost: $0 | Duration: 1152ms | Turns: 
[2026-04-04T03:48:27Z] Iter 637 | Total-in: 0 | Non-cached: 0 | Cache-read: 0 | Cache-create: 0 | Output: 0 | Cost: $0 | Duration: 604ms | Turns: 1
[2026-04-04T03:48:29Z] Iter 634 | Total-in: 0 | Non-cached: 0 | Cache-read: 0 | Cache-create: 0 | Output: 0 | Cost: $0 | Duration: 405ms | Turns: 1
[2026-04-04T03:48:29Z] Iter 639 | Total-in: 0 | Non-cached: 0 | Cache-read: 0 | Cache-create: 0 | Output: 0 | Cost: $0 | Duration: 405ms | Turns: 1
[] Iter 637 | No token data (result file empty or parse failed)
[2026-04-04T03:48:41Z] Iter 638 | Total-in: 0 | Non-cached: 0 | Cache-read: 0 | Cache-create: 0 | Output: 0 | Cost: $0 | Duration: 484ms | Turns: 1
[2026-04-04T03:48:44Z] Iter 635 | Total-in: 0 | Non-cached: 0 | Cache-read: 0 | Cache-create: 0 | Output: 0 | Cost: $0 | Duration: 592ms | Turns: 1
[2026-04-04T03:48:46Z] Iter 640 | Total-in: 0 | Non-cached: 0 | Cache-read: 0 | Cache-create: 0 | Output: 0 | Cost: $0 | Duration: 512ms | Turns: 1
[2026-04-04T03:48:49Z] Iter 638 | Total-in: 0 | Non-cached: 0 | Cache-read: 0 | Cache-create: 0 | Output: 0 | Cost: $0 | Duration: 401ms | Turns: 1
[2026-04-04T03:48:56Z] Iter 639 | Total-in: 0 | Non-cached: 0 | Cache-read: 0 | Cache-create: 0 | Output: 0 | Cost: $0 | Duration: 420ms | Turns: 1
[2026-04-04T03:48:59Z] Iter 636 | Total-in: 0 | Non-cached: 0 | Cache-read: 0 | Cache-create: 0 | Output: 0 | Cost: $0 | Duration: 595ms | Turns: 1
[2026-04-04T03:49:02Z] Iter 641 | Total-in: 0 | Non-cached: 0 | Cache-read: 0 | Cache-create: 0 | Output: 0 | Cost: $0 | Duration: 508ms | Turns: 1
[2026-04-04T03:49:05Z] Iter 639 | Total-in: 0 | Non-cached: 0 | Cache-read: 0 | Cache-create: 0 | Output: 0 | Cost: $0 | Duration: 514ms | Turns: 1
[2026-04-04T03:49:11Z] Iter 640 | Total-in: 0 | Non-cached: 0 | Cache-read: 0 | Cache-create: 0 | Output: 0 | Cost: $0 | Duration: 520ms | Turns: 1
[2026-04-04T03:49:14Z] Iter 637 | Total-in: 0 | Non-cached: 0 | Cache-read: 0 | Cache-create: 0 | Output: 0 | Cost: $0 | Duration: 436ms | Turns: 1
[2026-04-04T03:49:17Z] Iter 642 | Total-in: 0 | Non-cached: 0 | Cache-read: 0 | Cache-create: 0 | Output: 0 | Cost: $0 | Duration: 429ms | Turns: 1
[2026-04-04T03:49:20Z] Iter 640 | Total-in: 0 | Non-cached: 0 | Cache-read: 0 | Cache-create: 0 | Output: 0 | Cost: $0 | Duration: 440ms | Turns: 1
[2026-04-04T03:49:26Z] Iter 641 | Total-in: 0 | Non-cached: 0 | Cache-read: 0 | Cache-create: 0 | Output: 0 | Cost: $0 | Duration: 495ms | Turns: 1
[2026-04-04T03:49:30Z] Iter 638 | Total-in: 0 | Non-cached: 0 | Cache-read: 0 | Cache-create: 0 | Output: 0 | Cost: $0 | Duration: 582ms | Turns: 1
[2026-04-04T03:49:33Z] Iter 643 | Total-in: 0 | Non-cached: 0 | Cache-read: 0 | Cache-create: 0 | Output: 0 | Cost: $0 | Duration: 444ms | Turns: 1
[2026-04-04T03:49:36Z] Iter 641 | Total-in: 0 | Non-cached: 0 | Cache-read: 0 | Cache-create: 0 | Output: 0 | Cost: $0 | Duration: 1026ms | Turns: 1
[2026-04-04T03:49:43Z] Iter 642 | Total-in: 0 | Non-cached: 0 | Cache-read: 0 | Cache-create: 0 | Output: 0 | Cost: $0 | Duration: 470ms | Turns: 1
[2026-04-04T03:49:46Z] Iter 639 | Total-in: 0 | Non-cached: 0 | Cache-read: 0 | Cache-create: 0 | Output: 0 | Cost: $0 | Duration: 752ms | Turns: 1
[2026-04-04T03:49:48Z] Iter 644 | Total-in: 0 | Non-cached: 0 | Cache-read: 0 | Cache-create: 0 | Output: 0 | Cost: $0 | Duration: 511ms | Turns: 1
[2026-04-04T03:49:53Z] Iter 642 | Total-in: 0 | Non-cached: 0 | Cache-read: 0 | Cache-create: 0 | Output: 0 | Cost: $0 | Duration: 505ms | Turns: 1
[2026-04-04T03:49:58Z] Iter 643 | Total-in: 0 | Non-cached: 0 | Cache-read: 0 | Cache-create: 0 | Output: 0 | Cost: $0 | Duration: 490ms | Turns: 1
[2026-04-04T03:50:04Z] Iter 640 | Total-in: 0 | Non-cached: 0 | Cache-read: 0 | Cache-create: 0 | Output: 0 | Cost: $0 | Duration: 428ms | Turns: 1
[2026-04-04T03:50:05Z] Iter 645 | Total-in: 0 | Non-cached: 0 | Cache-read: 0 | Cache-create: 0 | Output: 0 | Cost: $0 | Duration: 428ms | Turns: 1
[2026-04-04T03:50:09Z] Iter 643 | Total-in: 0 | Non-cached: 0 | Cache-read: 0 | Cache-create: 0 | Output: 0 | Cost: $0 | Duration: 448ms | Turns: 1
[2026-04-04T03:50:14Z] Iter 644 | Total-in: 0 | Non-cached: 0 | Cache-read: 0 | Cache-create: 0 | Output: 0 | Cost: $0 | Duration: 467ms | Turns: 1
[2026-04-04T03:50:22Z] Iter 641 | Total-in: 0 | Non-cached: 0 | Cache-read: 0 | Cache-create: 0 | Output: 0 | Cost: $0 | Duration: 1337ms | Turns: 1
[2026-04-04T03:50:22Z] Iter 646 | Total-in: 0 | Non-cached: 0 | Cache-read:  | Cache-create:  | Output:  | Cost: $ | Duration: ms | Turns: 
[2026-04-04T03:50:25Z] Iter 644 | Total-in: 0 | Non-cached: 0 | Cache-read: 0 | Cache-create: 0 | Output: 0 | Cost: $0 | Duration: 463ms | Turns: 1
[] Iter 645 | No token data (result file empty or parse failed)
[2026-04-04T03:50:39Z] Iter 642 | Total-in: 0 | Non-cached: 0 | Cache-read: 0 | Cache-create: 0 | Output: 0 | Cost: $0 | Duration: 554ms | Turns: 1
[2026-04-04T03:50:39Z] Iter 647 | Total-in: 0 | Non-cached: 0 | Cache-read: 0 | Cache-create: 0 | Output: 0 | Cost: $0 | Duration: 554ms | Turns: 1
[2026-04-04T03:50:42Z] Iter 645 | Total-in: 0 | Non-cached: 0 | Cache-read: 0 | Cache-create: 0 | Output: 0 | Cost: $0 | Duration: 484ms | Turns: 1
[2026-04-04T03:50:46Z] Iter 646 | Total-in: 0 | Non-cached: 0 | Cache-read: 0 | Cache-create: 0 | Output: 0 | Cost: $0 | Duration: 450ms | Turns: 1
[2026-04-04T03:50:56Z] Iter 648 | Total-in: 0 | Non-cached: 0 | Cache-read: 0 | Cache-create: 0 | Output: 0 | Cost: $0 | Duration: 560ms | Turns: 1
[2026-04-04T03:50:58Z] Iter 643 | Total-in: 0 | Non-cached: 0 | Cache-read: 0 | Cache-create: 0 | Output: 0 | Cost: $0 | Duration: 502ms | Turns: 1
[2026-04-04T03:50:58Z] Iter 646 | Total-in: 0 | Non-cached: 0 | Cache-read: 0 | Cache-create: 0 | Output: 0 | Cost: $0 | Duration: 502ms | Turns: 1
[2026-04-04T03:51:03Z] Iter 647 | Total-in: 0 | Non-cached: 0 | Cache-read: 0 | Cache-create: 0 | Output: 0 | Cost: $0 | Duration: 463ms | Turns: 1
[2026-04-04T03:51:13Z] Iter 649 | Total-in: 0 | Non-cached: 0 | Cache-read: 0 | Cache-create: 0 | Output: 0 | Cost: $0 | Duration: 524ms | Turns: 1
[2026-04-04T03:51:17Z] Iter 644 | Total-in: 0 | Non-cached: 0 | Cache-read: 0 | Cache-create: 0 | Output: 0 | Cost: $0 | Duration: 583ms | Turns: 1
[2026-04-04T03:51:19Z] Iter 647 | Total-in: 0 | Non-cached: 0 | Cache-read: 0 | Cache-create: 0 | Output: 0 | Cost: $0 | Duration: 502ms | Turns: 1
[2026-04-04T03:51:22Z] Iter 648 | Total-in: 0 | Non-cached: 0 | Cache-read: 0 | Cache-create: 0 | Output: 0 | Cost: $0 | Duration: 1398ms | Turns: 1
[2026-04-04T03:51:28Z] Iter 650 | Total-in: 0 | Non-cached: 0 | Cache-read: 0 | Cache-create: 0 | Output: 0 | Cost: $0 | Duration: 464ms | Turns: 1
[2026-04-04T03:51:33Z] Iter 645 | Total-in: 0 | Non-cached: 0 | Cache-read: 0 | Cache-create: 0 | Output: 0 | Cost: $0 | Duration: 528ms | Turns: 1
[2026-04-04T03:51:35Z] Iter 648 | Total-in: 0 | Non-cached: 0 | Cache-read: 0 | Cache-create: 0 | Output: 0 | Cost: $0 | Duration: 383ms | Turns: 1
[2026-04-04T03:51:36Z] Iter 649 | Total-in: 0 | Non-cached: 0 | Cache-read: 0 | Cache-create: 0 | Output: 0 | Cost: $0 | Duration: 516ms | Turns: 1
[2026-04-04T03:51:42Z] Iter 651 | Total-in: 0 | Non-cached: 0 | Cache-read:  | Cache-create:  | Output:  | Cost: $ | Duration: ms | Turns: 
[2026-04-04T03:51:47Z] Iter 646 | Total-in: 0 | Non-cached: 0 | Cache-read: 0 | Cache-create: 0 | Output: 0 | Cost: $0 | Duration: 411ms | Turns: 1
[] Iter 649 | No token data (result file empty or parse failed)
[] Iter 650 | No token data (result file empty or parse failed)
[2026-04-04T03:51:56Z] Iter 652 | Total-in: 0 | Non-cached: 0 | Cache-read: 0 | Cache-create: 0 | Output: 0 | Cost: $0 | Duration: 413ms | Turns: 1
[2026-04-04T03:52:02Z] Iter 647 | Total-in: 0 | Non-cached: 0 | Cache-read: 0 | Cache-create: 0 | Output: 0 | Cost: $0 | Duration: 506ms | Turns: 1
[2026-04-04T03:52:04Z] Iter 650 | Total-in: 0 | Non-cached: 0 | Cache-read: 0 | Cache-create: 0 | Output: 0 | Cost: $0 | Duration: 400ms | Turns: 1
[2026-04-04T03:52:05Z] Iter 651 | Total-in: 0 | Non-cached: 0 | Cache-read: 0 | Cache-create: 0 | Output: 0 | Cost: $0 | Duration: 400ms | Turns: 1
[2026-04-04T03:52:11Z] Iter 653 | Total-in: 0 | Non-cached: 0 | Cache-read: 0 | Cache-create: 0 | Output: 0 | Cost: $0 | Duration: 697ms | Turns: 1
[2026-04-04T03:52:17Z] Iter 648 | Total-in: 0 | Non-cached: 0 | Cache-read: 0 | Cache-create: 0 | Output: 0 | Cost: $0 | Duration: 1055ms | Turns: 1
[] Iter 651 | No token data (result file empty or parse failed)
[2026-04-04T03:52:20Z] Iter 652 | Total-in: 0 | Non-cached: 0 | Cache-read: 0 | Cache-create: 0 | Output: 0 | Cost: $0 | Duration: 496ms | Turns: 1
[] Iter 654 | No token data (result file empty or parse failed)
[2026-04-04T03:52:31Z] Iter 649 | Total-in: 0 | Non-cached: 0 | Cache-read: 0 | Cache-create: 0 | Output: 0 | Cost: $0 | Duration: 521ms | Turns: 1
[2026-04-04T03:52:33Z] Iter 652 | Total-in: 0 | Non-cached: 0 | Cache-read: 0 | Cache-create: 0 | Output: 0 | Cost: $0 | Duration: 414ms | Turns: 1
[2026-04-04T03:52:35Z] Iter 653 | Total-in: 0 | Non-cached: 0 | Cache-read: 0 | Cache-create: 0 | Output: 0 | Cost: $0 | Duration: 552ms | Turns: 1
[2026-04-04T03:52:39Z] Iter 655 | Total-in: 0 | Non-cached: 0 | Cache-read: 0 | Cache-create: 0 | Output: 0 | Cost: $0 | Duration: 371ms | Turns: 1
[2026-04-04T03:52:46Z] Iter 650 | Total-in: 0 | Non-cached: 0 | Cache-read: 0 | Cache-create: 0 | Output: 0 | Cost: $0 | Duration: ms | Turns: 
[2026-04-04T03:52:49Z] Iter 653 | Total-in: 0 | Non-cached: 0 | Cache-read: 0 | Cache-create: 0 | Output: 0 | Cost: $0 | Duration: 1485ms | Turns: 1
[2026-04-04T03:52:50Z] Iter 654 | Total-in: 0 | Non-cached: 0 | Cache-read: 0 | Cache-create: 0 | Output: 0 | Cost: $0 | Duration: 880ms | Turns: 1
[] Iter 656 | No token data (result file empty or parse failed)
[] Iter 651 | No token data (result file empty or parse failed)
[2026-04-04T03:53:04Z] Iter 654 | Total-in: 0 | Non-cached: 0 | Cache-read: 0 | Cache-create: 0 | Output: 0 | Cost: $0 | Duration: 450ms | Turns: 1
[2026-04-04T03:53:08Z] Iter 655 | Total-in: 0 | Non-cached: 0 | Cache-read: 0 | Cache-create: 0 | Output: 0 | Cost: $0 | Duration: 430ms | Turns: 1
[2026-04-04T03:53:09Z] Iter 657 | Total-in: 0 | Non-cached: 0 | Cache-read: 0 | Cache-create: 0 | Output: 0 | Cost: $0 | Duration: ms | Turns: 
[] Iter 652 | No token data (result file empty or parse failed)
[2026-04-04T03:53:19Z] Iter 655 | Total-in: 0 | Non-cached: 0 | Cache-read: 0 | Cache-create: 0 | Output: 0 | Cost: $0 | Duration: 493ms | Turns: 1
[2026-04-04T03:53:23Z] Iter 656 | Total-in: 0 | Non-cached: 0 | Cache-read: 0 | Cache-create: 0 | Output: 0 | Cost: $ | Duration: ms | Turns: 
[2026-04-04T03:53:24Z] Iter 658 | Total-in: 0 | Non-cached: 0 | Cache-read: 0 | Cache-create: 0 | Output: 0 | Cost: $0 | Duration: 693ms | Turns: 1
[2026-04-04T03:53:30Z] Iter 653 | Total-in: 0 | Non-cached: 0 | Cache-read: 0 | Cache-create: 0 | Output: 0 | Cost: $0 | Duration: 519ms | Turns: 1
[2026-04-04T03:53:35Z] Iter 656 | Total-in: 0 | Non-cached: 0 | Cache-read: 0 | Cache-create: 0 | Output: 0 | Cost: $0 | Duration: 432ms | Turns: 1
[] Iter 657 | No token data (result file empty or parse failed)
[2026-04-04T03:53:39Z] Iter 659 | Total-in: 0 | Non-cached: 0 | Cache-read: 0 | Cache-create: 0 | Output: 0 | Cost: $0 | Duration: 705ms | Turns: 1
[] Iter 654 | No token data (result file empty or parse failed)
[2026-04-04T03:53:51Z] Iter 657 | Total-in: 0 | Non-cached: 0 | Cache-read: 0 | Cache-create: 0 | Output: 0 | Cost: $0 | Duration: 484ms | Turns: 1
[] Iter 658 | No token data (result file empty or parse failed)
[2026-04-04T03:53:55Z] Iter 660 | Total-in: 0 | Non-cached: 0 | Cache-read: 0 | Cache-create: 0 | Output: 0 | Cost: $0 | Duration: 477ms | Turns: 1
[] Iter 655 | No token data (result file empty or parse failed)
[2026-04-04T03:54:06Z] Iter 658 | Total-in: 0 | Non-cached: 0 | Cache-read: 0 | Cache-create: 0 | Output: 0 | Cost: $0 | Duration: 488ms | Turns: 1
[] Iter 659 | No token data (result file empty or parse failed)
[2026-04-04T03:54:10Z] Iter 661 | Total-in: 0 | Non-cached: 0 | Cache-read: 0 | Cache-create: 0 | Output: 0 | Cost: $0 | Duration: 446ms | Turns: 1
[] Iter 656 | No token data (result file empty or parse failed)
[2026-04-04T03:54:21Z] Iter 659 | Total-in: 0 | Non-cached: 0 | Cache-read: 0 | Cache-create: 0 | Output: 0 | Cost: $0 | Duration: 558ms | Turns: 1
[] Iter 660 | No token data (result file empty or parse failed)
[2026-04-04T03:54:26Z] Iter 662 | Total-in: 0 | Non-cached: 0 | Cache-read: 0 | Cache-create: 0 | Output: 0 | Cost: $0 | Duration: 445ms | Turns: 1
[] Iter 657 | No token data (result file empty or parse failed)
[2026-04-04T03:54:37Z] Iter 660 | Total-in: 0 | Non-cached: 0 | Cache-read: 0 | Cache-create: 0 | Output: 0 | Cost: $0 | Duration: 525ms | Turns: 1
[2026-04-04T03:54:37Z] Iter 661 | Total-in: 0 | Non-cached: 0 | Cache-read: 0 | Cache-create: 0 | Output: 0 | Cost: $0 | Duration: 525ms | Turns: 1
[2026-04-04T03:54:42Z] Iter 663 | Total-in: 0 | Non-cached: 0 | Cache-read: 0 | Cache-create: 0 | Output: 0 | Cost: $0 | Duration: 497ms | Turns: 1
[2026-04-04T03:54:44Z] Iter 658 | Total-in: 0 | Non-cached: 0 | Cache-read: 0 | Cache-create: 0 | Output: 0 | Cost: $0 | Duration: 578ms | Turns: 1
[2026-04-04T03:54:54Z] Iter 662 | Total-in: 0 | Non-cached: 0 | Cache-read: 0 | Cache-create: 0 | Output: 0 | Cost: $0 | Duration: 859ms | Turns: 1
[2026-04-04T03:54:54Z] Iter 661 | Total-in: 0 | Non-cached: 0 | Cache-read: 0 | Cache-create: 0 | Output: 0 | Cost: $0 | Duration: 859ms | Turns: 1
[2026-04-04T03:54:58Z] Iter 664 | Total-in: 0 | Non-cached: 0 | Cache-read: 0 | Cache-create: 0 | Output: 0 | Cost: $0 | Duration: 519ms | Turns: 1
[2026-04-04T03:55:02Z] Iter 659 | Total-in: 0 | Non-cached: 0 | Cache-read: 0 | Cache-create: 0 | Output: 0 | Cost: $0 | Duration: ms | Turns: 
[2026-04-04T03:55:11Z] Iter 662 | Total-in: 0 | Non-cached: 0 | Cache-read: 0 | Cache-create: 0 | Output: 0 | Cost: $0 | Duration: 552ms | Turns: 1
[2026-04-04T03:55:11Z] Iter 663 | Total-in: 0 | Non-cached: 0 | Cache-read: 0 | Cache-create: 0 | Output: 0 | Cost: $0 | Duration: 552ms | Turns: 1
[2026-04-04T03:55:17Z] Iter 665 | Total-in: 0 | Non-cached: 0 | Cache-read: 0 | Cache-create: 0 | Output: 0 | Cost: $0 | Duration: 798ms | Turns: 1
[2026-04-04T03:55:19Z] Iter 660 | Total-in: 0 | Non-cached: 0 | Cache-read: 0 | Cache-create: 0 | Output: 0 | Cost: $ | Duration: ms | Turns: 
[2026-04-04T03:55:28Z] Iter 663 | Total-in: 0 | Non-cached: 0 | Cache-read: 0 | Cache-create: 0 | Output: 0 | Cost: $0 | Duration: 629ms | Turns: 1
[2026-04-04T03:55:28Z] Iter 664 | Total-in: 0 | Non-cached: 0 | Cache-read: 0 | Cache-create: 0 | Output: 0 | Cost: $0 | Duration: 629ms | Turns: 1
[2026-04-04T03:55:34Z] Iter 666 | Total-in: 0 | Non-cached: 0 | Cache-read: 0 | Cache-create: 0 | Output: 0 | Cost: $0 | Duration: 977ms | Turns: 1
[2026-04-04T03:55:35Z] Iter 661 | Total-in: 0 | Non-cached: 0 | Cache-read: 0 | Cache-create: 0 | Output: 0 | Cost: $0 | Duration: ms | Turns: 
[2026-04-04T03:55:45Z] Iter 665 | Total-in: 0 | Non-cached: 0 | Cache-read: 0 | Cache-create: 0 | Output: 0 | Cost: $0 | Duration: 475ms | Turns: 1
[2026-04-04T03:55:46Z] Iter 664 | Total-in: 0 | Non-cached: 0 | Cache-read: 0 | Cache-create: 0 | Output: 0 | Cost: $0 | Duration: 475ms | Turns: 1
[2026-04-04T03:55:51Z] Iter 667 | Total-in: 0 | Non-cached: 0 | Cache-read: 0 | Cache-create: 0 | Output: 0 | Cost: $0 | Duration: 440ms | Turns: 1
[2026-04-04T03:55:53Z] Iter 662 | Total-in: 0 | Non-cached: 0 | Cache-read: 0 | Cache-create: 0 | Output: 0 | Cost: $0 | Duration: 699ms | Turns: 1
[2026-04-04T03:56:03Z] Iter 666 | Total-in: 0 | Non-cached: 0 | Cache-read: 0 | Cache-create: 0 | Output: 0 | Cost: $0 | Duration: 564ms | Turns: 1
[2026-04-04T03:56:03Z] Iter 665 | Total-in: 0 | Non-cached: 0 | Cache-read: 0 | Cache-create: 0 | Output: 0 | Cost: $0 | Duration: 564ms | Turns: 1
[2026-04-04T03:56:07Z] Iter 668 | Total-in: 0 | Non-cached: 0 | Cache-read: 0 | Cache-create: 0 | Output: 0 | Cost: $0 | Duration: 421ms | Turns: 1
[2026-04-04T03:56:08Z] Iter 663 | Total-in: 0 | Non-cached: 0 | Cache-read: 0 | Cache-create: 0 | Output: 0 | Cost: $0 | Duration: 421ms | Turns: 1
[2026-04-04T03:56:17Z] Iter 666 | Total-in: 0 | Non-cached: 0 | Cache-read: 0 | Cache-create: 0 | Output: 0 | Cost: $0 | Duration: 517ms | Turns: 1
[2026-04-04T03:56:17Z] Iter 667 | Total-in: 0 | Non-cached: 0 | Cache-read: 0 | Cache-create: 0 | Output: 0 | Cost: $0 | Duration: 517ms | Turns: 1
[2026-04-04T03:56:22Z] Iter 669 | Total-in: 0 | Non-cached: 0 | Cache-read: 0 | Cache-create: 0 | Output: 0 | Cost: $0 | Duration: 430ms | Turns: 1
[2026-04-04T03:56:23Z] Iter 664 | Total-in: 0 | Non-cached: 0 | Cache-read: 0 | Cache-create: 0 | Output: 0 | Cost: $0 | Duration: 394ms | Turns: 1
[2026-04-04T03:56:31Z] Iter 667 | Total-in: 0 | Non-cached: 0 | Cache-read: 0 | Cache-create: 0 | Output: 0 | Cost: $0 | Duration: 421ms | Turns: 1
[2026-04-04T03:56:31Z] Iter 668 | Total-in: 0 | Non-cached: 0 | Cache-read: 0 | Cache-create: 0 | Output: 0 | Cost: $0 | Duration: 421ms | Turns: 1
[2026-04-04T03:56:36Z] Iter 670 | Total-in: 0 | Non-cached: 0 | Cache-read: 0 | Cache-create: 0 | Output: 0 | Cost: $0 | Duration: 370ms | Turns: 1
[2026-04-04T03:56:37Z] Iter 665 | Total-in: 0 | Non-cached: 0 | Cache-read: 0 | Cache-create: 0 | Output: 0 | Cost: $0 | Duration: 479ms | Turns: 1
[2026-04-04T03:56:46Z] Iter 669 | Total-in: 0 | Non-cached: 0 | Cache-read: 0 | Cache-create: 0 | Output: 0 | Cost: $0 | Duration: 785ms | Turns: 1
[2026-04-04T03:56:46Z] Iter 668 | Total-in: 0 | Non-cached: 0 | Cache-read: 0 | Cache-create: 0 | Output: 0 | Cost: $0 | Duration: 785ms | Turns: 1
[2026-04-04T03:56:51Z] Iter 671 | Total-in: 0 | Non-cached: 0 | Cache-read: 0 | Cache-create: 0 | Output: 0 | Cost: $0 | Duration: 441ms | Turns: 1
[2026-04-04T03:56:53Z] Iter 666 | Total-in: 0 | Non-cached: 0 | Cache-read: 0 | Cache-create: 0 | Output: 0 | Cost: $0 | Duration: 591ms | Turns: 1
[2026-04-04T03:57:01Z] Iter 670 | Total-in: 0 | Non-cached: 0 | Cache-read: 0 | Cache-create: 0 | Output: 0 | Cost: $0 | Duration: 443ms | Turns: 1
[2026-04-04T03:57:01Z] Iter 669 | Total-in: 0 | Non-cached: 0 | Cache-read: 0 | Cache-create: 0 | Output: 0 | Cost: $0 | Duration: 443ms | Turns: 1
[2026-04-04T03:57:05Z] Iter 672 | Total-in: 0 | Non-cached: 0 | Cache-read: 0 | Cache-create: 0 | Output: 0 | Cost: $0 | Duration: 466ms | Turns: 1
[2026-04-04T03:57:07Z] Iter 667 | Total-in: 0 | Non-cached: 0 | Cache-read: 0 | Cache-create: 0 | Output: 0 | Cost: $0 | Duration: 409ms | Turns: 1
[2026-04-04T03:57:16Z] Iter 670 | Total-in: 0 | Non-cached: 0 | Cache-read: 0 | Cache-create: 0 | Output: 0 | Cost: $0 | Duration: 482ms | Turns: 1
[2026-04-04T03:57:16Z] Iter 671 | Total-in: 0 | Non-cached: 0 | Cache-read: 0 | Cache-create: 0 | Output: 0 | Cost: $0 | Duration: 482ms | Turns: 1
[2026-04-04T03:57:21Z] Iter 673 | Total-in: 0 | Non-cached: 0 | Cache-read: 0 | Cache-create: 0 | Output: 0 | Cost: $0 | Duration: 1503ms | Turns: 1
[2026-04-04T03:57:22Z] Iter 668 | Total-in: 0 | Non-cached: 0 | Cache-read: 0 | Cache-create: 0 | Output: 0 | Cost: $0 | Duration: 736ms | Turns: 1
[] Iter 671 | No token data (result file empty or parse failed)
[2026-04-04T03:57:31Z] Iter 672 | Total-in: 0 | Non-cached: 0 | Cache-read: 0 | Cache-create: 0 | Output: 0 | Cost: $0 | Duration: 432ms | Turns: 1
[2026-04-04T03:57:36Z] Iter 674 | Total-in: 0 | Non-cached: 0 | Cache-read: 0 | Cache-create: 0 | Output: 0 | Cost: $0 | Duration: 379ms | Turns: 1
[2026-04-04T03:57:38Z] Iter 669 | Total-in: 0 | Non-cached: 0 | Cache-read: 0 | Cache-create: 0 | Output: 0 | Cost: $0 | Duration: 408ms | Turns: 1
[] Iter 672 | No token data (result file empty or parse failed)
[] Iter 673 | No token data (result file empty or parse failed)
[2026-04-04T03:57:50Z] Iter 675 | Total-in: 0 | Non-cached: 0 | Cache-read: 0 | Cache-create: 0 | Output: 0 | Cost: $0 | Duration: 437ms | Turns: 1
[2026-04-04T03:57:54Z] Iter 670 | Total-in: 0 | Non-cached: 0 | Cache-read: 0 | Cache-create: 0 | Output: 0 | Cost: $0 | Duration: 739ms | Turns: 1
[2026-04-04T03:57:58Z] Iter 673 | Total-in: 0 | Non-cached: 0 | Cache-read: 0 | Cache-create: 0 | Output: 0 | Cost: $0 | Duration: 410ms | Turns: 1
[2026-04-04T03:58:00Z] Iter 674 | Total-in: 0 | Non-cached: 0 | Cache-read: 0 | Cache-create: 0 | Output: 0 | Cost: $0 | Duration: 513ms | Turns: 1
[] Iter 676 | No token data (result file empty or parse failed)
[2026-04-04T03:58:09Z] Iter 671 | Total-in: 0 | Non-cached: 0 | Cache-read: 0 | Cache-create: 0 | Output: 0 | Cost: $0 | Duration: 596ms | Turns: 1
[] Iter 674 | No token data (result file empty or parse failed)
[2026-04-04T03:58:16Z] Iter 675 | Total-in: 0 | Non-cached: 0 | Cache-read: 0 | Cache-create: 0 | Output: 0 | Cost: $0 | Duration: 405ms | Turns: 1
[2026-04-04T03:58:20Z] Iter 677 | Total-in: 0 | Non-cached: 0 | Cache-read: 0 | Cache-create: 0 | Output: 0 | Cost: $0 | Duration: 438ms | Turns: 1
[2026-04-04T03:58:24Z] Iter 672 | Total-in: 0 | Non-cached: 0 | Cache-read: 0 | Cache-create: 0 | Output: 0 | Cost: $0 | Duration: 711ms | Turns: 1
[2026-04-04T03:58:27Z] Iter 675 | Total-in: 0 | Non-cached: 0 | Cache-read: 0 | Cache-create: 0 | Output: 0 | Cost: $0 | Duration: ms | Turns: 
[2026-04-04T03:58:31Z] Iter 676 | Total-in: 0 | Non-cached: 0 | Cache-read: 0 | Cache-create: 0 | Output: 0 | Cost: $0 | Duration: 526ms | Turns: 1
[2026-04-04T03:58:35Z] Iter 678 | Total-in: 0 | Non-cached: 0 | Cache-read: 0 | Cache-create:  | Output: 0 | Cost: $ | Duration: ms | Turns: 
[2026-04-04T03:58:40Z] Iter 673 | Total-in: 0 | Non-cached: 0 | Cache-read: 0 | Cache-create: 0 | Output: 0 | Cost: $0 | Duration: 499ms | Turns: 1
[2026-04-04T03:58:45Z] Iter 676 | Total-in: 0 | Non-cached: 0 | Cache-read: 0 | Cache-create: 0 | Output: 0 | Cost: $0 | Duration: 503ms | Turns: 1
[2026-04-04T03:58:46Z] Iter 677 | Total-in: 0 | Non-cached: 0 | Cache-read: 0 | Cache-create: 0 | Output: 0 | Cost: $0 | Duration: 437ms | Turns: 1
[2026-04-04T03:58:51Z] Iter 679 | Total-in: 0 | Non-cached: 0 | Cache-read: 0 | Cache-create: 0 | Output: 0 | Cost: $0 | Duration: 531ms | Turns: 1
[2026-04-04T03:58:56Z] Iter 674 | Total-in: 0 | Non-cached: 0 | Cache-read: 0 | Cache-create: 0 | Output: 0 | Cost: $0 | Duration: 428ms | Turns: 1
[2026-04-04T03:59:00Z] Iter 677 | Total-in: 0 | Non-cached: 0 | Cache-read: 0 | Cache-create: 0 | Output: 0 | Cost: $0 | Duration: 512ms | Turns: 1
[2026-04-04T03:59:02Z] Iter 678 | Total-in: 0 | Non-cached: 0 | Cache-read: 0 | Cache-create: 0 | Output: 0 | Cost: $0 | Duration: 528ms | Turns: 1
[2026-04-04T03:59:07Z] Iter 680 | Total-in: 0 | Non-cached: 0 | Cache-read: 0 | Cache-create: 0 | Output: 0 | Cost: $0 | Duration: 526ms | Turns: 1
[2026-04-04T03:59:11Z] Iter 675 | Total-in: 0 | Non-cached: 0 | Cache-read: 0 | Cache-create: 0 | Output: 0 | Cost: $0 | Duration: 526ms | Turns: 1
[2026-04-04T03:59:17Z] Iter 678 | Total-in: 0 | Non-cached: 0 | Cache-read: 0 | Cache-create: 0 | Output: 0 | Cost: $0 | Duration: 456ms | Turns: 1
[2026-04-04T03:59:19Z] Iter 679 | Total-in: 0 | Non-cached: 0 | Cache-read: 0 | Cache-create: 0 | Output: 0 | Cost: $0 | Duration: 463ms | Turns: 1
[2026-04-04T03:59:23Z] Iter 681 | Total-in: 0 | Non-cached: 0 | Cache-read: 0 | Cache-create: 0 | Output: 0 | Cost: $0 | Duration: 569ms | Turns: 1
[] Iter 676 | No token data (result file empty or parse failed)
[2026-04-04T03:59:33Z] Iter 679 | Total-in: 0 | Non-cached: 0 | Cache-read: 0 | Cache-create: 0 | Output: 0 | Cost: $0 | Duration: 511ms | Turns: 1
[] Iter 680 | No token data (result file empty or parse failed)
[2026-04-04T03:59:39Z] Iter 682 | Total-in: 0 | Non-cached: 0 | Cache-read: 0 | Cache-create: 0 | Output: 0 | Cost: $0 | Duration: 446ms | Turns: 1
[] Iter 677 | No token data (result file empty or parse failed)
[] Iter 680 | No token data (result file empty or parse failed)
[2026-04-04T03:59:52Z] Iter 681 | Total-in: 0 | Non-cached: 0 | Cache-read: 0 | Cache-create: 0 | Output: 0 | Cost: $0 | Duration: 1636ms | Turns: 1
[2026-04-04T03:59:56Z] Iter 683 | Total-in: 0 | Non-cached: 0 | Cache-read: 0 | Cache-create: 0 | Output: 0 | Cost: $0 | Duration: 472ms | Turns: 1
[2026-04-04T04:00:21Z] Iter 678 | Total-in: 90977 | Non-cached: 478 | Cache-read: 77311 | Cache-create: 13188 | Output: 1508 | Cost: $0.1611705 | Duration: 22554ms | Turns: 5
[2026-04-04T04:12:01Z] Iter 684 | Total-in: 88394 | Non-cached: 3 | Cache-read: 88139 | Cache-create: 252 | Output: 55 | Cost: $3.5553031999999996 | Duration: 5161ms | Turns: 1
[2026-04-04T04:12:18Z] Iter 681 | Total-in: 7066306 | Non-cached: 109 | Cache-read: 6977191 | Cache-create: 89006 | Output: 24458 | Cost: $4.785861700000001 | Duration: 730754ms | Turns: 107
[2026-04-04T04:13:56Z] Iter 682 | Total-in: 464666 | Non-cached: 17 | Cache-read: 449109 | Cache-create: 15540 | Output: 4802 | Cost: $0.44181449999999994 | Duration: 89805ms | Turns: 18
[2026-04-04T04:16:21Z] Iter 679 | Total-in: 9701622 | Non-cached: 128 | Cache-read: 9597198 | Cache-create: 104296 | Output: 33893 | Cost: $6.415033299999999 | Duration: 952664ms | Turns: 128
[2026-04-04T04:23:15Z] Iter 682 | Total-in: 134352 | Non-cached: 3 | Cache-read: 134053 | Cache-create: 296 | Output: 43 | Cost: $7.058379100000002 | Duration: 3381ms | Turns: 1
[2026-04-04T04:26:24Z] Iter 683 | Total-in: 1026496 | Non-cached: 29 | Cache-read: 994102 | Cache-create: 32365 | Output: 7142 | Cost: $0.8780272499999999 | Duration: 180216ms | Turns: 31
[2026-04-04T04:27:14Z] Iter 684 | Total-in: 165074 | Non-cached: 8 | Cache-read: 150968 | Cache-create: 14098 | Output: 1812 | Cost: $0.2089365 | Duration: 40869ms | Turns: 8
[2026-04-04T04:27:44Z] Iter 685 | Total-in: 6225129 | Non-cached: 159 | Cache-read: 6106989 | Cache-create: 117981 | Output: 36070 | Cost: $5.01359615 | Duration: 935325ms | Turns: 93
[2026-04-04T04:34:20Z] Iter 683 | Total-in: 12037734 | Non-cached: 683 | Cache-read: 11879304 | Cache-create: 157747 | Output: 38037 | Cost: $8.05763265 | Duration: 1214403ms | Turns: 127
[2026-04-04T04:35:47Z] Iter 680 | Total-in: 10264848 | Non-cached: 3192 | Cache-read: 10133219 | Cache-create: 128437 | Output: 40189 | Cost: $7.016656849999999 | Duration: 1157690ms | Turns: 125
[2026-04-04T04:40:26Z] Iter 685 | Total-in: 2775172 | Non-cached: 59 | Cache-read: 2706332 | Cache-create: 68781 | Output: 25850 | Cost: $2.58081435 | Duration: 784060ms | Turns: 59
[2026-04-04T04:41:12Z] Iter 686 | Total-in: 140614 | Non-cached: 7 | Cache-read: 126673 | Cache-create: 13934 | Output: 1194 | Cost: $0.180309 | Duration: 37424ms | Turns: 8
[2026-04-04T04:47:51Z] Iter 684 | Total-in: 3564640 | Non-cached: 66 | Cache-read: 3486325 | Cache-create: 78249 | Output: 27292 | Cost: $3.078348699999999 | Duration: 803473ms | Turns: 65
[2026-04-04T04:49:20Z] Iter 686 | Total-in: 9550360 | Non-cached: 1922 | Cache-read: 9425657 | Cache-create: 122781 | Output: 39185 | Cost: $6.692537500000003 | Duration: 1288753ms | Turns: 137
[2026-04-04T04:49:37Z] Iter 687 | Total-in: 2769082 | Non-cached: 59 | Cache-read: 2715147 | Cache-create: 53876 | Output: 16351 | Cost: $2.33160085 | Duration: 496653ms | Turns: 65
[2026-04-04T04:50:00Z] Iter 688 | Total-in: 42894 | Non-cached: 3 | Cache-read: 42891 | Cache-create: 0 | Output: 553 | Cost: $0.0352855 | Duration: 15996ms | Turns: 5
[2026-04-04T04:50:02Z] Iter 687 | Total-in: 67573 | Non-cached: 4 | Cache-read: 63375 | Cache-create: 4194 | Output: 2243 | Cost: $0.113995 | Duration: 34715ms | Turns: 7
[2026-04-04T04:50:07Z] Iter 685 | Total-in: 731982 | Non-cached: 27 | Cache-read: 717044 | Cache-create: 14911 | Output: 4765 | Cost: $0.5709757499999999 | Duration: 126815ms | Turns: 31
[2026-04-04T04:50:14Z] Iter 689 | Total-in: 0 | Non-cached: 0 | Cache-read: 0 | Cache-create: 0 | Output: 0 | Cost: $0 | Duration: 492ms | Turns: 1
[2026-04-04T04:50:18Z] Iter 688 | Total-in: 0 | Non-cached: 0 | Cache-read: 0 | Cache-create: 0 | Output: 0 | Cost: $0 | Duration: 447ms | Turns: 86
[2026-04-04T04:50:19Z] Iter 681 | Total-in: 5452422 | Non-cached: 152 | Cache-read: 5338935 | Cache-create: 113335 | Output: 26803 | Cost: $4.16546275 | Duration: 864500ms | Turns: 86
[] Iter 686 | No token data (result file empty or parse failed)
[2026-04-04T04:50:30Z] Iter 690 | Total-in: 0 | Non-cached: 0 | Cache-read: 0 | Cache-create: 0 | Output: 0 | Cost: $0 | Duration: 748ms | Turns: 1
[2026-04-04T04:50:33Z] Iter 689 | Total-in: 0 | Non-cached: 0 | Cache-read: 0 | Cache-create: 0 | Output: 0 | Cost: $0 | Duration: 402ms | Turns: 1
[2026-04-04T04:50:34Z] Iter 682 | Total-in: 0 | Non-cached: 0 | Cache-read: 0 | Cache-create: 0 | Output: 0 | Cost: $0 | Duration: 402ms | Turns: 1
[2026-04-04T04:50:36Z] Iter 687 | Total-in: 0 | Non-cached: 0 | Cache-read: 0 | Cache-create: 0 | Output: 0 | Cost: $0 | Duration: 397ms | Turns: 1
[2026-04-04T04:50:44Z] Iter 691 | Total-in: 0 | Non-cached: 0 | Cache-read:  | Cache-create:  | Output:  | Cost: $ | Duration: ms | Turns: 
[2026-04-04T04:50:49Z] Iter 683 | Total-in: 0 | Non-cached: 0 | Cache-read: 0 | Cache-create: 0 | Output: 0 | Cost: $0 | Duration: 397ms | Turns: 1
[2026-04-04T04:50:50Z] Iter 688 | Total-in: 0 | Non-cached: 0 | Cache-read: 0 | Cache-create: 0 | Output: 0 | Cost: $0 | Duration: 1503ms | Turns: 1
[2026-04-04T04:50:50Z] Iter 690 | Total-in: 0 | Non-cached: 0 | Cache-read: 0 | Cache-create: 0 | Output: 0 | Cost: $0 | Duration: 1503ms | Turns: 1
[] Iter 692 | No token data (result file empty or parse failed)
[2026-04-04T04:51:04Z] Iter 684 | Total-in: 0 | Non-cached: 0 | Cache-read: 0 | Cache-create: 0 | Output: 0 | Cost: $0 | Duration: 414ms | Turns: 1
[] Iter 689 | No token data (result file empty or parse failed)
[2026-04-04T04:51:05Z] Iter 691 | Total-in: 0 | Non-cached: 0 | Cache-read: 0 | Cache-create: 0 | Output: 0 | Cost: $0 | Duration: 492ms | Turns: 1
[2026-04-04T04:51:10Z] Iter 693 | Total-in: 0 | Non-cached: 0 | Cache-read: 0 | Cache-create: 0 | Output: 0 | Cost: $0 | Duration: 407ms | Turns: 1
[] Iter 690 | No token data (result file empty or parse failed)
[] Iter 685 | No token data (result file empty or parse failed)
[2026-04-04T04:51:20Z] Iter 692 | Total-in: 0 | Non-cached: 0 | Cache-read: 0 | Cache-create: 0 | Output: 0 | Cost: $0 | Duration: 426ms | Turns: 1
[] Iter 694 | No token data (result file empty or parse failed)
[2026-04-04T04:51:32Z] Iter 691 | Total-in: 0 | Non-cached: 0 | Cache-read: 0 | Cache-create: 0 | Output: 0 | Cost: $0 | Duration: 414ms | Turns: 1
[] Iter 686 | No token data (result file empty or parse failed)
[2026-04-04T04:51:35Z] Iter 693 | Total-in: 0 | Non-cached: 0 | Cache-read: 0 | Cache-create: 0 | Output: 0 | Cost: $0 | Duration: 572ms | Turns: 1
[2026-04-04T04:51:39Z] Iter 695 | Total-in: 0 | Non-cached: 0 | Cache-read: 0 | Cache-create: 0 | Output: 0 | Cost: $0 | Duration: 517ms | Turns: 1
[2026-04-04T04:51:47Z] Iter 692 | Total-in: 0 | Non-cached: 0 | Cache-read: 0 | Cache-create: 0 | Output: 0 | Cost: $0 | Duration: 626ms | Turns: 1
[2026-04-04T04:51:47Z] Iter 687 | Total-in: 0 | Non-cached: 0 | Cache-read: 0 | Cache-create: 0 | Output: 0 | Cost: $0 | Duration: 626ms | Turns: 1
[2026-04-04T04:51:49Z] Iter 694 | Total-in: 0 | Non-cached: 0 | Cache-read: 0 | Cache-create: 0 | Output: 0 | Cost: $0 | Duration: 472ms | Turns: 1
[2026-04-04T04:51:53Z] Iter 696 | Total-in: 0 | Non-cached: 0 | Cache-read: 0 | Cache-create: 0 | Output: 0 | Cost: $0 | Duration: 408ms | Turns: 1
[2026-04-04T04:52:02Z] Iter 693 | Total-in: 0 | Non-cached: 0 | Cache-read: 0 | Cache-create: 0 | Output: 0 | Cost: $0 | Duration: 412ms | Turns: 1
[2026-04-04T04:52:02Z] Iter 688 | Total-in: 0 | Non-cached: 0 | Cache-read: 0 | Cache-create: 0 | Output: 0 | Cost: $0 | Duration: 412ms | Turns: 1
[2026-04-04T04:52:04Z] Iter 695 | Total-in: 0 | Non-cached: 0 | Cache-read: 0 | Cache-create: 0 | Output: 0 | Cost: $0 | Duration: 536ms | Turns: 1
[2026-04-04T04:52:08Z] Iter 697 | Total-in: 0 | Non-cached: 0 | Cache-read: 0 | Cache-create: 0 | Output: 0 | Cost: $0 | Duration: 465ms | Turns: 1
[2026-04-04T04:52:17Z] Iter 694 | Total-in: 0 | Non-cached: 0 | Cache-read: 0 | Cache-create: 0 | Output: 0 | Cost: $0 | Duration: 569ms | Turns: 1
[2026-04-04T04:52:19Z] Iter 689 | Total-in: 0 | Non-cached: 0 | Cache-read: 0 | Cache-create: 0 | Output: 0 | Cost: $0 | Duration: 1474ms | Turns: 1
[2026-04-04T04:52:21Z] Iter 696 | Total-in: 0 | Non-cached: 0 | Cache-read: 0 | Cache-create: 0 | Output: 0 | Cost: $0 | Duration: 405ms | Turns: 1
[2026-04-04T04:52:22Z] Iter 698 | Total-in: 0 | Non-cached: 0 | Cache-read: 0 | Cache-create: 0 | Output: 0 | Cost: $0 | Duration: 490ms | Turns: 1
[2026-04-04T04:52:33Z] Iter 695 | Total-in: 0 | Non-cached: 0 | Cache-read: 0 | Cache-create: 0 | Output: 0 | Cost: $0 | Duration: 579ms | Turns: 1
[2026-04-04T04:52:33Z] Iter 690 | Total-in: 0 | Non-cached: 0 | Cache-read: 0 | Cache-create: 0 | Output: 0 | Cost: $0 | Duration: 579ms | Turns: 1
[2026-04-04T04:52:36Z] Iter 697 | Total-in: 0 | Non-cached: 0 | Cache-read: 0 | Cache-create: 0 | Output: 0 | Cost: $0 | Duration: 466ms | Turns: 1
[2026-04-04T04:52:38Z] Iter 699 | Total-in: 0 | Non-cached: 0 | Cache-read: 0 | Cache-create: 0 | Output: 0 | Cost: $0 | Duration: 459ms | Turns: 1
[2026-04-04T04:52:48Z] Iter 696 | Total-in: 0 | Non-cached: 0 | Cache-read: 0 | Cache-create: 0 | Output: 0 | Cost: $0 | Duration: 678ms | Turns: 1
[2026-04-04T04:52:49Z] Iter 691 | Total-in: 0 | Non-cached: 0 | Cache-read: 0 | Cache-create: 0 | Output: 0 | Cost: $0 | Duration: 523ms | Turns: 1
[2026-04-04T04:52:51Z] Iter 698 | Total-in: 0 | Non-cached: 0 | Cache-read: 0 | Cache-create: 0 | Output: 0 | Cost: $0 | Duration: 419ms | Turns: 1
[2026-04-04T04:52:54Z] Iter 700 | Total-in: 0 | Non-cached: 0 | Cache-read: 0 | Cache-create: 0 | Output: 0 | Cost: $0 | Duration: 1147ms | Turns: 1
[2026-04-04T04:53:03Z] Iter 697 | Total-in: 0 | Non-cached: 0 | Cache-read: 0 | Cache-create: 0 | Output: 0 | Cost: $0 | Duration: 479ms | Turns: 1
[2026-04-04T04:53:07Z] Iter 699 | Total-in: 0 | Non-cached: 0 | Cache-read: 0 | Cache-create: 0 | Output: 0 | Cost: $0 | Duration: 1614ms | Turns: 1
[2026-04-04T04:53:08Z] Iter 692 | Total-in: 0 | Non-cached: 0 | Cache-read: 0 | Cache-create: 0 | Output: 0 | Cost: $0 | Duration: 1614ms | Turns: 1
[2026-04-04T04:53:10Z] Iter 701 | Total-in: 0 | Non-cached: 0 | Cache-read: 0 | Cache-create: 0 | Output: 0 | Cost: $0 | Duration: 436ms | Turns: 1
[2026-04-04T04:53:19Z] Iter 698 | Total-in: 0 | Non-cached: 0 | Cache-read: 0 | Cache-create: 0 | Output: 0 | Cost: $0 | Duration: 466ms | Turns: 1
[2026-04-04T04:53:23Z] Iter 700 | Total-in: 0 | Non-cached: 0 | Cache-read: 0 | Cache-create: 0 | Output: 0 | Cost: $0 | Duration: 455ms | Turns: 1
[2026-04-04T04:53:25Z] Iter 693 | Total-in: 0 | Non-cached: 0 | Cache-read: 0 | Cache-create: 0 | Output: 0 | Cost: $0 | Duration: 979ms | Turns: 1
[2026-04-04T04:53:26Z] Iter 702 | Total-in: 0 | Non-cached: 0 | Cache-read: 0 | Cache-create: 0 | Output: 0 | Cost: $0 | Duration: 519ms | Turns: 1
[] Iter 699 | No token data (result file empty or parse failed)
[2026-04-04T04:53:40Z] Iter 701 | Total-in: 0 | Non-cached: 0 | Cache-read: 0 | Cache-create: 0 | Output: 0 | Cost: $0 | Duration: 921ms | Turns: 1
[2026-04-04T04:53:41Z] Iter 694 | Total-in: 0 | Non-cached: 0 | Cache-read: 0 | Cache-create: 0 | Output: 0 | Cost: $0 | Duration: 523ms | Turns: 1
[2026-04-04T04:53:43Z] Iter 703 | Total-in: 0 | Non-cached: 0 | Cache-read: 0 | Cache-create: 0 | Output: 0 | Cost: $0 | Duration: 471ms | Turns: 1
[2026-04-04T04:53:50Z] Iter 700 | Total-in: 0 | Non-cached: 0 | Cache-read: 0 | Cache-create: 0 | Output: 0 | Cost: $0 | Duration: 490ms | Turns: 1
[2026-04-04T04:53:57Z] Iter 702 | Total-in: 0 | Non-cached: 0 | Cache-read: 0 | Cache-create: 0 | Output: 0 | Cost: $0 | Duration: 536ms | Turns: 1
[2026-04-04T04:53:59Z] Iter 695 | Total-in: 0 | Non-cached: 0 | Cache-read: 0 | Cache-create: 0 | Output: 0 | Cost: $0 | Duration: 486ms | Turns: 1
[2026-04-04T04:53:59Z] Iter 704 | Total-in: 0 | Non-cached: 0 | Cache-read: 0 | Cache-create: 0 | Output: 0 | Cost: $0 | Duration: 486ms | Turns: 1
[2026-04-04T04:54:06Z] Iter 701 | Total-in: 0 | Non-cached: 0 | Cache-read: 0 | Cache-create: 0 | Output: 0 | Cost: $0 | Duration: 445ms | Turns: 1
[2026-04-04T04:54:13Z] Iter 703 | Total-in: 0 | Non-cached: 0 | Cache-read: 0 | Cache-create: 0 | Output: 0 | Cost: $0 | Duration: 484ms | Turns: 1
[2026-04-04T04:54:16Z] Iter 696 | Total-in: 0 | Non-cached: 0 | Cache-read: 0 | Cache-create: 0 | Output: 0 | Cost: $0 | Duration: 486ms | Turns: 1
[2026-04-04T04:54:17Z] Iter 705 | Total-in: 0 | Non-cached: 0 | Cache-read: 0 | Cache-create: 0 | Output: 0 | Cost: $0 | Duration: 1540ms | Turns: 1
[2026-04-04T04:54:22Z] Iter 702 | Total-in: 0 | Non-cached: 0 | Cache-read: 0 | Cache-create: 0 | Output: 0 | Cost: $0 | Duration: 469ms | Turns: 1
[2026-04-04T04:54:29Z] Iter 704 | Total-in: 0 | Non-cached: 0 | Cache-read: 0 | Cache-create: 0 | Output: 0 | Cost: $0 | Duration: 456ms | Turns: 1
[2026-04-04T04:54:32Z] Iter 706 | Total-in: 0 | Non-cached: 0 | Cache-read: 0 | Cache-create: 0 | Output: 0 | Cost: $0 | Duration: 1600ms | Turns: 1
[2026-04-04T04:54:32Z] Iter 697 | Total-in: 0 | Non-cached: 0 | Cache-read: 0 | Cache-create: 0 | Output: 0 | Cost: $0 | Duration: 1600ms | Turns: 1
[2026-04-04T04:54:36Z] Iter 703 | Total-in: 0 | Non-cached: 0 | Cache-read: 0 | Cache-create: 0 | Output: 0 | Cost: $0 | Duration: 390ms | Turns: 1
[2026-04-04T04:54:43Z] Iter 705 | Total-in: 0 | Non-cached: 0 | Cache-read: 0 | Cache-create: 0 | Output: 0 | Cost: $0 | Duration: 435ms | Turns: 1
[2026-04-04T04:54:46Z] Iter 707 | Total-in: 0 | Non-cached: 0 | Cache-read: 0 | Cache-create: 0 | Output: 0 | Cost: $0 | Duration: 405ms | Turns: 1
[2026-04-04T04:54:46Z] Iter 698 | Total-in: 0 | Non-cached: 0 | Cache-read: 0 | Cache-create: 0 | Output: 0 | Cost: $0 | Duration: 405ms | Turns: 1
[2026-04-04T04:54:50Z] Iter 704 | Total-in: 0 | Non-cached: 0 | Cache-read: 0 | Cache-create: 0 | Output: 0 | Cost: $0 | Duration: 477ms | Turns: 1
[2026-04-04T04:54:57Z] Iter 706 | Total-in: 0 | Non-cached: 0 | Cache-read: 0 | Cache-create: 0 | Output: 0 | Cost: $0 | Duration: 631ms | Turns: 1
[2026-04-04T04:55:01Z] Iter 699 | Total-in: 0 | Non-cached: 0 | Cache-read: 0 | Cache-create: 0 | Output: 0 | Cost: $0 | Duration: 843ms | Turns: 1
[2026-04-04T04:55:02Z] Iter 708 | Total-in: 0 | Non-cached: 0 | Cache-read: 0 | Cache-create: 0 | Output: 0 | Cost: $0 | Duration: 843ms | Turns: 1
[2026-04-04T04:55:04Z] Iter 705 | Total-in: 0 | Non-cached: 0 | Cache-read: 0 | Cache-create: 0 | Output: 0 | Cost: $0 | Duration: 381ms | Turns: 1
[2026-04-04T04:55:11Z] Iter 707 | Total-in: 0 | Non-cached: 0 | Cache-read: 0 | Cache-create:  | Output: 0 | Cost: $ | Duration: ms | Turns: 
[2026-04-04T04:55:16Z] Iter 700 | Total-in: 0 | Non-cached: 0 | Cache-read: 0 | Cache-create: 0 | Output: 0 | Cost: $0 | Duration: 446ms | Turns: 1
[2026-04-04T04:55:17Z] Iter 709 | Total-in: 0 | Non-cached: 0 | Cache-read: 0 | Cache-create: 0 | Output: 0 | Cost: $0 | Duration: 420ms | Turns: 1
[2026-04-04T04:55:18Z] Iter 706 | Total-in: 0 | Non-cached: 0 | Cache-read: 0 | Cache-create: 0 | Output: 0 | Cost: $0 | Duration: 427ms | Turns: 1
[2026-04-04T04:55:25Z] Iter 708 | Total-in: 0 | Non-cached: 0 | Cache-read: 0 | Cache-create: 0 | Output: 0 | Cost: $0 | Duration: 474ms | Turns: 1
[2026-04-04T04:55:30Z] Iter 701 | Total-in: 0 | Non-cached: 0 | Cache-read: 0 | Cache-create: 0 | Output: 0 | Cost: $0 | Duration: 414ms | Turns: 1
[2026-04-04T04:55:32Z] Iter 710 | Total-in: 0 | Non-cached: 0 | Cache-read: 0 | Cache-create: 0 | Output: 0 | Cost: $0 | Duration: 407ms | Turns: 1
[] Iter 707 | No token data (result file empty or parse failed)
[] Iter 709 | No token data (result file empty or parse failed)
[2026-04-04T04:55:45Z] Iter 702 | Total-in: 0 | Non-cached: 0 | Cache-read: 0 | Cache-create: 0 | Output: 0 | Cost: $0 | Duration: 601ms | Turns: 1
[2026-04-04T04:55:47Z] Iter 711 | Total-in: 0 | Non-cached: 0 | Cache-read: 0 | Cache-create: 0 | Output: 0 | Cost: $ | Duration: ms | Turns: 
[2026-04-04T04:55:47Z] Iter 708 | Total-in: 0 | Non-cached: 0 | Cache-read: 0 | Cache-create:  | Output: 0 | Cost: $ | Duration: ms | Turns: 
[] Iter 710 | No token data (result file empty or parse failed)
[2026-04-04T04:56:00Z] Iter 703 | Total-in: 0 | Non-cached: 0 | Cache-read: 0 | Cache-create: 0 | Output: 0 | Cost: $0 | Duration: 583ms | Turns: 1
[2026-04-04T04:56:02Z] Iter 709 | Total-in: 0 | Non-cached: 0 | Cache-read: 0 | Cache-create: 0 | Output: 0 | Cost: $0 | Duration: 808ms | Turns: 1
[2026-04-04T04:56:03Z] Iter 712 | Total-in: 0 | Non-cached: 0 | Cache-read: 0 | Cache-create: 0 | Output: 0 | Cost: $0 | Duration: 484ms | Turns: 1
[] Iter 711 | No token data (result file empty or parse failed)
[2026-04-04T04:56:15Z] Iter 704 | Total-in: 0 | Non-cached: 0 | Cache-read: 0 | Cache-create: 0 | Output: 0 | Cost: $0 | Duration: 853ms | Turns: 1
[2026-04-04T04:56:16Z] Iter 710 | Total-in: 0 | Non-cached: 0 | Cache-read: 0 | Cache-create: 0 | Output: 0 | Cost: $0 | Duration: 405ms | Turns: 1
[2026-04-04T04:56:19Z] Iter 713 | Total-in: 0 | Non-cached: 0 | Cache-read: 0 | Cache-create: 0 | Output: 0 | Cost: $0 | Duration: 1546ms | Turns: 1
[2026-04-04T04:56:22Z] Iter 712 | Total-in: 0 | Non-cached:  | Cache-read:  | Cache-create:  | Output:  | Cost: $ | Duration: ms | Turns: 
[2026-04-04T04:56:30Z] Iter 705 | Total-in: 0 | Non-cached: 0 | Cache-read: 0 | Cache-create: 0 | Output: 0 | Cost: $0 | Duration: 539ms | Turns: 1
[] Iter 711 | No token data (result file empty or parse failed)
[2026-04-04T04:56:34Z] Iter 714 | Total-in: 0 | Non-cached: 0 | Cache-read: 0 | Cache-create: 0 | Output: 0 | Cost: $0 | Duration: 708ms | Turns: 1
[] Iter 713 | No token data (result file empty or parse failed)
[] Iter 712 | No token data (result file empty or parse failed)
[] Iter 706 | No token data (result file empty or parse failed)
[2026-04-04T04:56:49Z] Iter 715 | Total-in: 0 | Non-cached: 0 | Cache-read: 0 | Cache-create: 0 | Output: 0 | Cost: $0 | Duration: 429ms | Turns: 1
[] Iter 714 | No token data (result file empty or parse failed)
[2026-04-04T04:57:00Z] Iter 713 | Total-in: 0 | Non-cached:  | Cache-read:  | Cache-create:  | Output:  | Cost: $ | Duration: ms | Turns: 
[] Iter 707 | No token data (result file empty or parse failed)
[2026-04-04T04:57:04Z] Iter 716 | Total-in: 0 | Non-cached: 0 | Cache-read: 0 | Cache-create: 0 | Output: 0 | Cost: $0 | Duration: 422ms | Turns: 1
[2026-04-04T04:57:07Z] Iter 715 | Total-in: 0 | Non-cached: 0 | Cache-read: 0 | Cache-create: 0 | Output: 0 | Cost: $0 | Duration: 425ms | Turns: 1
[] Iter 708 | No token data (result file empty or parse failed)
[] Iter 714 | No token data (result file empty or parse failed)
[2026-04-04T04:57:19Z] Iter 717 | Total-in: 0 | Non-cached: 0 | Cache-read: 0 | Cache-create: 0 | Output: 0 | Cost: $0 | Duration: 479ms | Turns: 1
[] Iter 716 | No token data (result file empty or parse failed)
[] Iter 709 | No token data (result file empty or parse failed)
[2026-04-04T04:57:30Z] Iter 715 | Total-in: 0 | Non-cached: 0 | Cache-read: 0 | Cache-create: 0 | Output: 0 | Cost: $0 | Duration: 649ms | Turns: 1
[2026-04-04T04:57:34Z] Iter 718 | Total-in: 0 | Non-cached: 0 | Cache-read: 0 | Cache-create: 0 | Output: 0 | Cost: $0 | Duration: 514ms | Turns: 1
[2026-04-04T04:57:37Z] Iter 717 | Total-in: 0 | Non-cached: 0 | Cache-read: 0 | Cache-create: 0 | Output: 0 | Cost: $0 | Duration: 520ms | Turns: 1
[2026-04-04T04:57:44Z] Iter 710 | Total-in: 0 | Non-cached: 0 | Cache-read: 0 | Cache-create: 0 | Output: 0 | Cost: $0 | Duration: 588ms | Turns: 1
[] Iter 716 | No token data (result file empty or parse failed)
[2026-04-04T04:57:50Z] Iter 719 | Total-in: 0 | Non-cached: 0 | Cache-read: 0 | Cache-create: 0 | Output: 0 | Cost: $0 | Duration: 445ms | Turns: 1
[] Iter 718 | No token data (result file empty or parse failed)
[] Iter 711 | No token data (result file empty or parse failed)
[2026-04-04T04:58:01Z] Iter 717 | Total-in: 0 | Non-cached: 0 | Cache-read: 0 | Cache-create: 0 | Output: 0 | Cost: $0 | Duration: 1125ms | Turns: 1
[2026-04-04T04:58:06Z] Iter 720 | Total-in: 0 | Non-cached: 0 | Cache-read: 0 | Cache-create: 0 | Output: 0 | Cost: $0 | Duration: 443ms | Turns: 1
[] Iter 719 | No token data (result file empty or parse failed)
[] Iter 712 | No token data (result file empty or parse failed)
[2026-04-04T04:58:17Z] Iter 718 | Total-in: 0 | Non-cached: 0 | Cache-read: 0 | Cache-create: 0 | Output: 0 | Cost: $0 | Duration: 453ms | Turns: 1
[2026-04-04T04:58:22Z] Iter 721 | Total-in: 0 | Non-cached: 0 | Cache-read:  | Cache-create:  | Output: 0 | Cost: $ | Duration: ms | Turns: 
[2026-04-04T04:58:24Z] Iter 720 | Total-in: 0 | Non-cached: 0 | Cache-read: 0 | Cache-create: 0 | Output: 0 | Cost: $0 | Duration: 434ms | Turns: 1
[] Iter 713 | No token data (result file empty or parse failed)
[2026-04-04T04:58:34Z] Iter 719 | Total-in: 0 | Non-cached: 0 | Cache-read: 0 | Cache-create: 0 | Output: 0 | Cost: $0 | Duration: 519ms | Turns: 1
[2026-04-04T04:58:39Z] Iter 722 | Total-in: 0 | Non-cached: 0 | Cache-read: 0 | Cache-create: 0 | Output: 0 | Cost: $0 | Duration: 494ms | Turns: 1
[2026-04-04T04:58:40Z] Iter 721 | Total-in: 0 | Non-cached: 0 | Cache-read: 0 | Cache-create: 0 | Output: 0 | Cost: $0 | Duration: 572ms | Turns: 1
[2026-04-04T04:58:46Z] Iter 714 | Total-in: 0 | Non-cached: 0 | Cache-read: 0 | Cache-create: 0 | Output: 0 | Cost: $0 | Duration: 547ms | Turns: 1
[2026-04-04T04:58:51Z] Iter 720 | Total-in: 0 | Non-cached: 0 | Cache-read: 0 | Cache-create: 0 | Output: 0 | Cost: $0 | Duration: 969ms | Turns: 1
[2026-04-04T04:58:56Z] Iter 723 | Total-in: 0 | Non-cached: 0 | Cache-read: 0 | Cache-create: 0 | Output: 0 | Cost: $0 | Duration: 1599ms | Turns: 1
[2026-04-04T04:58:59Z] Iter 722 | Total-in: 0 | Non-cached: 0 | Cache-read: 0 | Cache-create: 0 | Output: 0 | Cost: $0 | Duration: 543ms | Turns: 1
[2026-04-04T04:59:03Z] Iter 715 | Total-in: 0 | Non-cached: 0 | Cache-read: 0 | Cache-create: 0 | Output: 0 | Cost: $0 | Duration: 419ms | Turns: 1
[] Iter 721 | No token data (result file empty or parse failed)
[] Iter 724 | No token data (result file empty or parse failed)
[2026-04-04T04:59:12Z] Iter 723 | Total-in: 0 | Non-cached: 0 | Cache-read: 0 | Cache-create: 0 | Output: 0 | Cost: $0 | Duration: 480ms | Turns: 1
[2026-04-04T04:59:17Z] Iter 716 | Total-in: 0 | Non-cached: 0 | Cache-read: 0 | Cache-create: 0 | Output: 0 | Cost: $0 | Duration: 1016ms | Turns: 1
[] Iter 722 | No token data (result file empty or parse failed)
[2026-04-04T04:59:25Z] Iter 725 | Total-in: 0 | Non-cached: 0 | Cache-read: 0 | Cache-create: 0 | Output: 0 | Cost: $0 | Duration: ms | Turns: 
[] Iter 724 | No token data (result file empty or parse failed)
[2026-04-04T04:59:31Z] Iter 717 | Total-in: 0 | Non-cached: 0 | Cache-read: 0 | Cache-create: 0 | Output: 0 | Cost: $0 | Duration: 392ms | Turns: 1
[2026-04-04T04:59:33Z] Iter 723 | Total-in: 0 | Non-cached: 0 | Cache-read: 0 | Cache-create: 0 | Output: 0 | Cost: $0 | Duration: 397ms | Turns: 1
[2026-04-04T04:59:39Z] Iter 725 | Total-in: 0 | Non-cached: 0 | Cache-read: 0 | Cache-create: 0 | Output: 0 | Cost: $ | Duration: ms | Turns: 
[2026-04-04T04:59:39Z] Iter 726 | Total-in: 0 | Non-cached: 0 | Cache-read:  | Cache-create:  | Output:  | Cost: $ | Duration: ms | Turns: 
[2026-04-04T04:59:45Z] Iter 718 | Total-in: 0 | Non-cached: 0 | Cache-read: 0 | Cache-create: 0 | Output: 0 | Cost: $0 | Duration: 437ms | Turns: 1
[] Iter 724 | No token data (result file empty or parse failed)
[] Iter 727 | No token data (result file empty or parse failed)
[] Iter 726 | No token data (result file empty or parse failed)
[2026-04-04T05:00:00Z] Iter 719 | Total-in: 0 | Non-cached: 0 | Cache-read: 0 | Cache-create: 0 | Output: 0 | Cost: $0 | Duration: 418ms | Turns: 1
[2026-04-04T05:00:03Z] Iter 725 | Total-in: 0 | Non-cached: 0 | Cache-read: 0 | Cache-create: 0 | Output: 0 | Cost: $0 | Duration: 1556ms | Turns: 1
[2026-04-04T05:00:08Z] Iter 728 | Total-in: 0 | Non-cached: 0 | Cache-read: 0 | Cache-create: 0 | Output: 0 | Cost: $0 | Duration: 713ms | Turns: 1
[2026-04-04T05:00:09Z] Iter 727 | Total-in: 0 | Non-cached: 0 | Cache-read: 0 | Cache-create: 0 | Output: 0 | Cost: $0 | Duration: 385ms | Turns: 1
[2026-04-04T05:00:14Z] Iter 720 | Total-in: 0 | Non-cached: 0 | Cache-read: 0 | Cache-create: 0 | Output: 0 | Cost: $0 | Duration: 471ms | Turns: 1
[] Iter 726 | No token data (result file empty or parse failed)
[] Iter 729 | No token data (result file empty or parse failed)
[] Iter 728 | No token data (result file empty or parse failed)
[2026-04-04T05:00:28Z] Iter 721 | Total-in: 0 | Non-cached: 0 | Cache-read: 0 | Cache-create: 0 | Output: 0 | Cost: $0 | Duration: 524ms | Turns: 1
[2026-04-04T05:00:30Z] Iter 727 | Total-in: 0 | Non-cached: 0 | Cache-read: 0 | Cache-create: 0 | Output: 0 | Cost: $0 | Duration: 396ms | Turns: 1
[2026-04-04T05:00:37Z] Iter 729 | Total-in: 0 | Non-cached: 0 | Cache-read: 0 | Cache-create: 0 | Output: 0 | Cost: $0 | Duration: 1548ms | Turns: 1
[] Iter 730 | No token data (result file empty or parse failed)
[2026-04-04T05:00:42Z] Iter 722 | Total-in: 0 | Non-cached: 0 | Cache-read: 0 | Cache-create: 0 | Output: 0 | Cost: $0 | Duration: 376ms | Turns: 1
[2026-04-04T05:00:44Z] Iter 728 | Total-in: 0 | Non-cached: 0 | Cache-read: 0 | Cache-create: 0 | Output: 0 | Cost: $0 | Duration: 418ms | Turns: 1
[2026-04-04T05:00:53Z] Iter 731 | Total-in: 0 | Non-cached: 0 | Cache-read: 0 | Cache-create: 0 | Output: 0 | Cost: $0 | Duration: 526ms | Turns: 1
[2026-04-04T05:00:53Z] Iter 730 | Total-in: 0 | Non-cached: 0 | Cache-read: 0 | Cache-create: 0 | Output: 0 | Cost: $0 | Duration: 526ms | Turns: 1
[2026-04-04T05:00:57Z] Iter 723 | Total-in: 0 | Non-cached: 0 | Cache-read: 0 | Cache-create: 0 | Output: 0 | Cost: $0 | Duration: 505ms | Turns: 1
[2026-04-04T05:01:00Z] Iter 729 | Total-in: 0 | Non-cached: 0 | Cache-read: 0 | Cache-create: 0 | Output: 0 | Cost: $0 | Duration: 455ms | Turns: 1
[2026-04-04T05:01:08Z] Iter 732 | Total-in: 0 | Non-cached: 0 | Cache-read: 0 | Cache-create: 0 | Output: 0 | Cost: $0 | Duration: 450ms | Turns: 1
[2026-04-04T05:01:10Z] Iter 731 | Total-in: 0 | Non-cached: 0 | Cache-read: 0 | Cache-create: 0 | Output: 0 | Cost: $0 | Duration: 517ms | Turns: 1
[2026-04-04T05:01:14Z] Iter 724 | Total-in: 0 | Non-cached: 0 | Cache-read: 0 | Cache-create: 0 | Output: 0 | Cost: $0 | Duration: 422ms | Turns: 1
[2026-04-04T05:01:14Z] Iter 730 | Total-in: 0 | Non-cached: 0 | Cache-read: 0 | Cache-create: 0 | Output: 0 | Cost: $0 | Duration: 422ms | Turns: 1
[2026-04-04T05:01:23Z] Iter 733 | Total-in: 0 | Non-cached: 0 | Cache-read: 0 | Cache-create: 0 | Output: 0 | Cost: $0 | Duration: 529ms | Turns: 1
[2026-04-04T05:01:25Z] Iter 732 | Total-in: 0 | Non-cached: 0 | Cache-read: 0 | Cache-create: 0 | Output: 0 | Cost: $0 | Duration: 501ms | Turns: 1
[2026-04-04T05:01:30Z] Iter 725 | Total-in: 0 | Non-cached: 0 | Cache-read: 0 | Cache-create: 0 | Output: 0 | Cost: $0 | Duration: 501ms | Turns: 1
[2026-04-04T05:01:30Z] Iter 731 | Total-in: 0 | Non-cached: 0 | Cache-read: 0 | Cache-create: 0 | Output: 0 | Cost: $0 | Duration: 501ms | Turns: 1
[2026-04-04T05:01:40Z] Iter 734 | Total-in: 0 | Non-cached: 0 | Cache-read: 0 | Cache-create: 0 | Output: 0 | Cost: $0 | Duration: 1193ms | Turns: 1
[2026-04-04T05:01:41Z] Iter 733 | Total-in: 0 | Non-cached: 0 | Cache-read: 0 | Cache-create: 0 | Output: 0 | Cost: $0 | Duration: 613ms | Turns: 1
[2026-04-04T05:01:45Z] Iter 726 | Total-in: 0 | Non-cached: 0 | Cache-read: 0 | Cache-create: 0 | Output: 0 | Cost: $0 | Duration: 572ms | Turns: 1
[2026-04-04T05:01:47Z] Iter 732 | Total-in: 0 | Non-cached: 0 | Cache-read: 0 | Cache-create: 0 | Output: 0 | Cost: $0 | Duration: 482ms | Turns: 1
[] Iter 735 | No token data (result file empty or parse failed)
[2026-04-04T05:01:57Z] Iter 734 | Total-in: 0 | Non-cached: 0 | Cache-read: 0 | Cache-create: 0 | Output: 0 | Cost: $0 | Duration: 473ms | Turns: 1
[2026-04-04T05:02:02Z] Iter 727 | Total-in: 0 | Non-cached: 0 | Cache-read: 0 | Cache-create: 0 | Output: 0 | Cost: $0 | Duration: 466ms | Turns: 1
[2026-04-04T05:02:03Z] Iter 733 | Total-in: 0 | Non-cached: 0 | Cache-read: 0 | Cache-create: 0 | Output: 0 | Cost: $0 | Duration: 472ms | Turns: 1
[2026-04-04T05:02:11Z] Iter 736 | Total-in: 0 | Non-cached:  | Cache-read:  | Cache-create:  | Output:  | Cost: $ | Duration: ms | Turns: 
[2026-04-04T05:02:14Z] Iter 735 | Total-in: 0 | Non-cached: 0 | Cache-read: 0 | Cache-create: 0 | Output: 0 | Cost: $0 | Duration: 476ms | Turns: 1
[2026-04-04T05:02:20Z] Iter 734 | Total-in: 0 | Non-cached: 0 | Cache-read: 0 | Cache-create: 0 | Output: 0 | Cost: $0 | Duration: 454ms | Turns: 1
[2026-04-04T05:02:20Z] Iter 728 | Total-in: 0 | Non-cached: 0 | Cache-read: 0 | Cache-create: 0 | Output: 0 | Cost: $0 | Duration: 454ms | Turns: 1
[2026-04-04T05:02:28Z] Iter 737 | Total-in: 0 | Non-cached: 0 | Cache-read:  | Cache-create:  | Output:  | Cost: $ | Duration: ms | Turns: 
[2026-04-04T05:02:30Z] Iter 736 | Total-in: 0 | Non-cached: 0 | Cache-read: 0 | Cache-create: 0 | Output: 0 | Cost: $0 | Duration: 497ms | Turns: 1
[2026-04-04T05:02:36Z] Iter 735 | Total-in: 0 | Non-cached: 0 | Cache-read: 0 | Cache-create: 0 | Output: 0 | Cost: $0 | Duration: 569ms | Turns: 1
[2026-04-04T05:02:37Z] Iter 729 | Total-in: 0 | Non-cached: 0 | Cache-read: 0 | Cache-create: 0 | Output: 0 | Cost: $0 | Duration: 569ms | Turns: 1
[2026-04-04T05:02:44Z] Iter 738 | Total-in: 0 | Non-cached: 0 | Cache-read: 0 | Cache-create:  | Output: 0 | Cost: $ | Duration: ms | Turns: 
[2026-04-04T05:02:48Z] Iter 737 | Total-in: 0 | Non-cached: 0 | Cache-read: 0 | Cache-create: 0 | Output: 0 | Cost: $0 | Duration: 532ms | Turns: 1
[2026-04-04T05:02:53Z] Iter 736 | Total-in: 0 | Non-cached: 0 | Cache-read: 0 | Cache-create: 0 | Output: 0 | Cost: $0 | Duration: 469ms | Turns: 1
[2026-04-04T05:02:54Z] Iter 730 | Total-in: 0 | Non-cached: 0 | Cache-read: 0 | Cache-create: 0 | Output: 0 | Cost: $0 | Duration: 469ms | Turns: 1
[2026-04-04T05:02:59Z] Iter 739 | Total-in: 0 | Non-cached: 0 | Cache-read: 0 | Cache-create: 0 | Output: 0 | Cost: $0 | Duration: 482ms | Turns: 1
[] Iter 738 | No token data (result file empty or parse failed)
[2026-04-04T05:03:08Z] Iter 737 | Total-in: 0 | Non-cached: 0 | Cache-read: 0 | Cache-create: 0 | Output: 0 | Cost: $0 | Duration: 477ms | Turns: 1
[2026-04-04T05:03:08Z] Iter 731 | Total-in: 0 | Non-cached: 0 | Cache-read: 0 | Cache-create: 0 | Output: 0 | Cost: $0 | Duration: 477ms | Turns: 1
[2026-04-04T05:03:13Z] Iter 740 | Total-in: 0 | Non-cached: 0 | Cache-read: 0 | Cache-create: 0 | Output: 0 | Cost: $0 | Duration: 475ms | Turns: 1
[] Iter 739 | No token data (result file empty or parse failed)
[2026-04-04T05:03:22Z] Iter 738 | Total-in: 0 | Non-cached: 0 | Cache-read: 0 | Cache-create: 0 | Output: 0 | Cost: $0 | Duration: 402ms | Turns: 1
[2026-04-04T05:03:22Z] Iter 732 | Total-in: 0 | Non-cached: 0 | Cache-read: 0 | Cache-create: 0 | Output: 0 | Cost: $0 | Duration: 402ms | Turns: 1
[2026-04-04T05:03:28Z] Iter 741 | Total-in: 0 | Non-cached: 0 | Cache-read: 0 | Cache-create: 0 | Output: 0 | Cost: $0 | Duration: 436ms | Turns: 1
[2026-04-04T05:03:29Z] Iter 740 | Total-in: 0 | Non-cached: 0 | Cache-read: 0 | Cache-create: 0 | Output: 0 | Cost: $0 | Duration: 429ms | Turns: 1
[] Iter 739 | No token data (result file empty or parse failed)
[] Iter 733 | No token data (result file empty or parse failed)
[2026-04-04T05:03:42Z] Iter 742 | Total-in: 0 | Non-cached: 0 | Cache-read: 0 | Cache-create: 0 | Output: 0 | Cost: $0 | Duration: 483ms | Turns: 1
[2026-04-04T05:03:43Z] Iter 741 | Total-in: 0 | Non-cached: 0 | Cache-read: 0 | Cache-create: 0 | Output: 0 | Cost: $0 | Duration: 396ms | Turns: 
[] Iter 740 | No token data (result file empty or parse failed)
[] Iter 734 | No token data (result file empty or parse failed)
[2026-04-04T05:03:56Z] Iter 743 | Total-in: 0 | Non-cached: 0 | Cache-read: 0 | Cache-create: 0 | Output: 0 | Cost: $0 | Duration: 394ms | Turns: 1
[] Iter 742 | No token data (result file empty or parse failed)
[2026-04-04T05:04:03Z] Iter 741 | Total-in: 0 | Non-cached: 0 | Cache-read: 0 | Cache-create: 0 | Output: 0 | Cost: $0 | Duration: 385ms | Turns: 1
[] Iter 735 | No token data (result file empty or parse failed)
[2026-04-04T05:04:10Z] Iter 744 | Total-in: 0 | Non-cached: 0 | Cache-read: 0 | Cache-create: 0 | Output: 0 | Cost: $0 | Duration: 502ms | Turns: 1
[2026-04-04T05:04:11Z] Iter 743 | Total-in: 0 | Non-cached: 0 | Cache-read: 0 | Cache-create: 0 | Output: 0 | Cost: $0 | Duration: 502ms | Turns: 1
[2026-04-04T05:04:17Z] Iter 742 | Total-in: 0 | Non-cached: 0 | Cache-read: 0 | Cache-create: 0 | Output: 0 | Cost: $0 | Duration: 617ms | Turns: 1
[2026-04-04T05:04:18Z] Iter 736 | Total-in: 0 | Non-cached: 0 | Cache-read:  | Cache-create:  | Output:  | Cost: $ | Duration: ms | Turns: 
[2026-04-04T05:04:25Z] Iter 745 | Total-in: 0 | Non-cached: 0 | Cache-read: 0 | Cache-create: 0 | Output: 0 | Cost: $0 | Duration: 472ms | Turns: 
[2026-04-04T05:04:25Z] Iter 744 | Total-in: 0 | Non-cached: 0 | Cache-read: 0 | Cache-create: 0 | Output: 0 | Cost: $0 | Duration: ms | Turns: 
[] Iter 743 | No token data (result file empty or parse failed)
[2026-04-04T05:04:34Z] Iter 737 | Total-in: 0 | Non-cached: 0 | Cache-read: 0 | Cache-create: 0 | Output: 0 | Cost: $0 | Duration: 1601ms | Turns: 1
[] Iter 745 | No token data (result file empty or parse failed)
[] Iter 746 | No token data (result file empty or parse failed)
[2026-04-04T05:04:46Z] Iter 744 | Total-in: 0 | Non-cached: 0 | Cache-read: 0 | Cache-create: 0 | Output: 0 | Cost: $0 | Duration: 464ms | Turns: 1
[2026-04-04T05:04:49Z] Iter 738 | Total-in: 0 | Non-cached: 0 | Cache-read: 0 | Cache-create: 0 | Output: 0 | Cost: $0 | Duration: 512ms | Turns: 1
[2026-04-04T05:04:54Z] Iter 746 | Total-in: 0 | Non-cached: 0 | Cache-read: 0 | Cache-create: 0 | Output: 0 | Cost: $0 | Duration: 411ms | Turns: 1
[2026-04-04T05:04:56Z] Iter 747 | Total-in: 0 | Non-cached: 0 | Cache-read: 0 | Cache-create: 0 | Output: 0 | Cost: $0 | Duration: 770ms | Turns: 1
[2026-04-04T05:05:02Z] Iter 745 | Total-in: 0 | Non-cached: 0 | Cache-read: 0 | Cache-create: 0 | Output: 0 | Cost: $0 | Duration: 477ms | Turns: 
[2026-04-04T05:05:04Z] Iter 739 | Total-in: 0 | Non-cached: 0 | Cache-read: 0 | Cache-create: 0 | Output: 0 | Cost: $ | Duration: ms | Turns: 
[] Iter 747 | No token data (result file empty or parse failed)
[2026-04-04T05:05:13Z] Iter 748 | Total-in: 0 | Non-cached: 0 | Cache-read: 0 | Cache-create: 0 | Output: 0 | Cost: $0 | Duration: 801ms | Turns: 1
[2026-04-04T05:05:17Z] Iter 746 | Total-in: 0 | Non-cached:  | Cache-read:  | Cache-create:  | Output:  | Cost: $ | Duration: ms | Turns: 
[2026-04-04T05:05:19Z] Iter 740 | Total-in: 0 | Non-cached: 0 | Cache-read: 0 | Cache-create: 0 | Output: 0 | Cost: $0 | Duration: 512ms | Turns: 1
[2026-04-04T05:05:25Z] Iter 748 | Total-in: 0 | Non-cached: 0 | Cache-read: 0 | Cache-create: 0 | Output: 0 | Cost: $0 | Duration: 551ms | Turns: 1
[2026-04-04T05:05:28Z] Iter 749 | Total-in: 0 | Non-cached: 0 | Cache-read: 0 | Cache-create: 0 | Output: 0 | Cost: $0 | Duration: 575ms | Turns: 1
[2026-04-04T05:05:33Z] Iter 747 | Total-in: 0 | Non-cached: 0 | Cache-read: 0 | Cache-create: 0 | Output: 0 | Cost: $0 | Duration: 461ms | Turns: 1
[2026-04-04T05:05:35Z] Iter 741 | Total-in: 0 | Non-cached: 0 | Cache-read: 0 | Cache-create: 0 | Output: 0 | Cost: $0 | Duration: 488ms | Turns: 1
[2026-04-04T05:05:41Z] Iter 749 | Total-in: 0 | Non-cached: 0 | Cache-read: 0 | Cache-create: 0 | Output: 0 | Cost: $0 | Duration: 613ms | Turns: 1
[2026-04-04T05:05:44Z] Iter 750 | Total-in: 0 | Non-cached: 0 | Cache-read: 0 | Cache-create: 0 | Output: 0 | Cost: $0 | Duration: 520ms | Turns: 1
[2026-04-04T05:05:48Z] Iter 748 | Total-in: 0 | Non-cached: 0 | Cache-read: 0 | Cache-create: 0 | Output: 0 | Cost: $0 | Duration: 456ms | Turns: 1
[2026-04-04T05:05:51Z] Iter 742 | Total-in: 0 | Non-cached: 0 | Cache-read: 0 | Cache-create: 0 | Output: 0 | Cost: $0 | Duration: 478ms | Turns: 1
[2026-04-04T05:05:58Z] Iter 750 | Total-in: 0 | Non-cached: 0 | Cache-read: 0 | Cache-create: 0 | Output: 0 | Cost: $0 | Duration: 553ms | Turns: 1
[2026-04-04T05:06:01Z] Iter 751 | Total-in: 0 | Non-cached: 0 | Cache-read: 0 | Cache-create: 0 | Output: 0 | Cost: $0 | Duration: 478ms | Turns: 1
[2026-04-04T05:06:05Z] Iter 749 | Total-in: 0 | Non-cached: 0 | Cache-read: 0 | Cache-create: 0 | Output: 0 | Cost: $0 | Duration: 478ms | Turns: 1
[2026-04-04T05:06:10Z] Iter 743 | Total-in: 0 | Non-cached: 0 | Cache-read: 0 | Cache-create: 0 | Output: 0 | Cost: $0 | Duration: 446ms | Turns: 1
[2026-04-04T05:06:14Z] Iter 751 | Total-in: 0 | Non-cached: 0 | Cache-read: 0 | Cache-create: 0 | Output: 0 | Cost: $0 | Duration: 468ms | Turns: 1
[2026-04-04T05:06:17Z] Iter 752 | Total-in: 0 | Non-cached: 0 | Cache-read: 0 | Cache-create: 0 | Output: 0 | Cost: $0 | Duration: 511ms | Turns: 1
[2026-04-04T05:06:21Z] Iter 750 | Total-in: 0 | Non-cached: 0 | Cache-read: 0 | Cache-create: 0 | Output: 0 | Cost: $0 | Duration: 574ms | Turns: 1
[2026-04-04T05:06:26Z] Iter 744 | Total-in: 0 | Non-cached: 0 | Cache-read: 0 | Cache-create: 0 | Output: 0 | Cost: $0 | Duration: 474ms | Turns: 1
[2026-04-04T05:06:30Z] Iter 752 | Total-in: 0 | Non-cached: 0 | Cache-read: 0 | Cache-create: 0 | Output: 0 | Cost: $0 | Duration: 481ms | Turns: 1
[2026-04-04T05:06:34Z] Iter 753 | Total-in: 0 | Non-cached: 0 | Cache-read: 0 | Cache-create: 0 | Output: 0 | Cost: $0 | Duration: 631ms | Turns: 1
[2026-04-04T05:06:37Z] Iter 751 | Total-in: 0 | Non-cached: 0 | Cache-read: 0 | Cache-create: 0 | Output: 0 | Cost: $0 | Duration: 474ms | Turns: 1
[2026-04-04T05:06:43Z] Iter 745 | Total-in: 0 | Non-cached: 0 | Cache-read: 0 | Cache-create: 0 | Output: 0 | Cost: $0 | Duration: 594ms | Turns: 1
[2026-04-04T05:06:47Z] Iter 753 | Total-in: 0 | Non-cached: 0 | Cache-read: 0 | Cache-create: 0 | Output: 0 | Cost: $0 | Duration: 607ms | Turns: 1
[] Iter 754 | No token data (result file empty or parse failed)
[2026-04-04T05:06:53Z] Iter 752 | Total-in: 0 | Non-cached: 0 | Cache-read: 0 | Cache-create: 0 | Output: 0 | Cost: $0 | Duration: 421ms | Turns: 1
[2026-04-04T05:06:57Z] Iter 746 | Total-in: 0 | Non-cached: 0 | Cache-read: 0 | Cache-create: 0 | Output: 0 | Cost: $0 | Duration: 398ms | Turns: 1
[2026-04-04T05:07:01Z] Iter 754 | Total-in: 0 | Non-cached: 0 | Cache-read:  | Cache-create:  | Output:  | Cost: $ | Duration: ms | Turns: 
[2026-04-04T05:07:05Z] Iter 755 | Total-in: 0 | Non-cached: 0 | Cache-read:  | Cache-create:  | Output:  | Cost: $ | Duration: ms | Turns: 
[2026-04-04T05:07:07Z] Iter 753 | Total-in: 0 | Non-cached: 0 | Cache-read: 0 | Cache-create: 0 | Output: 0 | Cost: $0 | Duration: 438ms | Turns: 1
[2026-04-04T05:07:11Z] Iter 747 | Total-in: 0 | Non-cached: 0 | Cache-read: 0 | Cache-create: 0 | Output: 0 | Cost: $0 | Duration: 417ms | Turns: 1
[2026-04-04T05:07:15Z] Iter 755 | Total-in: 0 | Non-cached: 0 | Cache-read: 0 | Cache-create: 0 | Output: 0 | Cost: $0 | Duration: ms | Turns: 
[] Iter 756 | No token data (result file empty or parse failed)
[2026-04-04T05:07:22Z] Iter 754 | Total-in: 0 | Non-cached: 0 | Cache-read: 0 | Cache-create: 0 | Output: 0 | Cost: $0 | Duration: 511ms | Turns: 1
[2026-04-04T05:07:26Z] Iter 748 | Total-in: 0 | Non-cached: 0 | Cache-read: 0 | Cache-create:  | Output: 0 | Cost: $ | Duration: ms | Turns: 
[2026-04-04T05:07:29Z] Iter 756 | Total-in: 0 | Non-cached: 0 | Cache-read: 0 | Cache-create: 0 | Output: 0 | Cost: $0 | Duration: 433ms | Turns: 1
[2026-04-04T05:07:33Z] Iter 757 | Total-in: 0 | Non-cached: 0 | Cache-read: 0 | Cache-create: 0 | Output: 0 | Cost: $0 | Duration: 487ms | Turns: 1
[] Iter 755 | No token data (result file empty or parse failed)
[2026-04-04T05:07:40Z] Iter 749 | Total-in: 0 | Non-cached: 0 | Cache-read: 0 | Cache-create: 0 | Output: 0 | Cost: $0 | Duration: ms | Turns: 
[2026-04-04T05:07:44Z] Iter 757 | Total-in: 0 | Non-cached: 0 | Cache-read: 0 | Cache-create: 0 | Output: 0 | Cost: $ | Duration: ms | Turns: 
[2026-04-04T05:07:47Z] Iter 758 | Total-in: 0 | Non-cached: 0 | Cache-read: 0 | Cache-create: 0 | Output: 0 | Cost: $0 | Duration: 419ms | Turns: 1
[2026-04-04T05:07:51Z] Iter 756 | Total-in: 0 | Non-cached: 0 | Cache-read: 0 | Cache-create: 0 | Output: 0 | Cost: $0 | Duration: 452ms | Turns: 1
[] Iter 750 | No token data (result file empty or parse failed)
[] Iter 758 | No token data (result file empty or parse failed)
[2026-04-04T05:08:02Z] Iter 759 | Total-in: 0 | Non-cached: 0 | Cache-read: 0 | Cache-create: 0 | Output: 0 | Cost: $ | Duration: ms | Turns: 
[] Iter 757 | No token data (result file empty or parse failed)
[2026-04-04T05:08:09Z] Iter 751 | Total-in: 0 | Non-cached: 0 | Cache-read: 0 | Cache-create: 0 | Output: 0 | Cost: $0 | Duration: 492ms | Turns: 1
[2026-04-04T05:08:12Z] Iter 759 | Total-in: 0 | Non-cached: 0 | Cache-read: 0 | Cache-create: 0 | Output: 0 | Cost: $0 | Duration: 418ms | Turns: 1
[] Iter 760 | No token data (result file empty or parse failed)
[2026-04-04T05:08:22Z] Iter 752 | Total-in: 0 | Non-cached: 0 | Cache-read: 0 | Cache-create: 0 | Output: 0 | Cost: $0 | Duration: 2723ms | Turns: 1
[2026-04-04T05:08:23Z] Iter 758 | Total-in: 0 | Non-cached: 0 | Cache-read: 0 | Cache-create: 0 | Output: 0 | Cost: $0 | Duration: 2723ms | Turns: 1
[2026-04-04T05:08:26Z] Iter 760 | Total-in: 0 | Non-cached: 0 | Cache-read: 0 | Cache-create: 0 | Output: 0 | Cost: $0 | Duration: 410ms | Turns: 1
[2026-04-04T05:08:30Z] Iter 761 | Total-in: 0 | Non-cached: 0 | Cache-read: 0 | Cache-create: 0 | Output: 0 | Cost: $0 | Duration: 425ms | Turns: 1
[2026-04-04T05:08:37Z] Iter 753 | Total-in: 0 | Non-cached: 0 | Cache-read: 0 | Cache-create: 0 | Output: 0 | Cost: $0 | Duration: 496ms | Turns: 1
[] Iter 759 | No token data (result file empty or parse failed)
[2026-04-04T05:08:41Z] Iter 761 | Total-in: 0 | Non-cached: 0 | Cache-read: 0 | Cache-create: 0 | Output: 0 | Cost: $0 | Duration: 426ms | Turns: 1
[2026-04-04T05:08:45Z] Iter 762 | Total-in: 0 | Non-cached:  | Cache-read:  | Cache-create:  | Output:  | Cost: $ | Duration: ms | Turns: 
[2026-04-04T05:08:52Z] Iter 760 | Total-in: 0 | Non-cached: 0 | Cache-read: 0 | Cache-create: 0 | Output: 0 | Cost: $0 | Duration: ms | Turns: 
[2026-04-04T05:08:52Z] Iter 754 | Total-in: 0 | Non-cached: 0 | Cache-read: 0 | Cache-create: 0 | Output: 0 | Cost: $0 | Duration: ms | Turns: 
[2026-04-04T05:08:56Z] Iter 762 | Total-in: 0 | Non-cached: 0 | Cache-read: 0 | Cache-create: 0 | Output: 0 | Cost: $0 | Duration: 554ms | Turns: 1
[2026-04-04T05:09:00Z] Iter 763 | Total-in: 0 | Non-cached: 0 | Cache-read: 0 | Cache-create: 0 | Output: 0 | Cost: $0 | Duration: 440ms | Turns: 1
[] Iter 755 | No token data (result file empty or parse failed)
[2026-04-04T05:09:07Z] Iter 761 | Total-in: 0 | Non-cached:  | Cache-read:  | Cache-create:  | Output:  | Cost: $ | Duration: ms | Turns: 
[2026-04-04T05:09:11Z] Iter 763 | Total-in: 0 | Non-cached: 0 | Cache-read: 0 | Cache-create: 0 | Output: 0 | Cost: $0 | Duration: 465ms | Turns: 1
[2026-04-04T05:09:15Z] Iter 764 | Total-in: 0 | Non-cached:  | Cache-read:  | Cache-create:  | Output:  | Cost: $ | Duration: ms | Turns: 
[2026-04-04T05:09:22Z] Iter 756 | Total-in: 0 | Non-cached: 0 | Cache-read: 0 | Cache-create: 0 | Output: 0 | Cost: $0 | Duration: ms | Turns: 
[2026-04-04T05:09:24Z] Iter 762 | Total-in: 0 | Non-cached: 0 | Cache-read: 0 | Cache-create: 0 | Output: 0 | Cost: $0 | Duration: 447ms | Turns: 1
[2026-04-04T05:09:27Z] Iter 764 | Total-in: 0 | Non-cached: 0 | Cache-read: 0 | Cache-create: 0 | Output: 0 | Cost: $0 | Duration: 518ms | Turns: 1
[2026-04-04T05:09:30Z] Iter 765 | Total-in: 0 | Non-cached: 0 | Cache-read: 0 | Cache-create: 0 | Output: 0 | Cost: $0 | Duration: 393ms | Turns: 1
[] Iter 757 | No token data (result file empty or parse failed)
[2026-04-04T05:09:39Z] Iter 763 | Total-in: 0 | Non-cached: 0 | Cache-read: 0 | Cache-create: 0 | Output: 0 | Cost: $0 | Duration: 466ms | Turns: 1
[2026-04-04T05:09:42Z] Iter 765 | Total-in: 0 | Non-cached: 0 | Cache-read: 0 | Cache-create: 0 | Output: 0 | Cost: $0 | Duration: 484ms | Turns: 1
[] Iter 766 | No token data (result file empty or parse failed)
[] Iter 758 | No token data (result file empty or parse failed)
[2026-04-04T05:09:56Z] Iter 764 | Total-in: 0 | Non-cached: 0 | Cache-read: 0 | Cache-create: 0 | Output: 0 | Cost: $0 | Duration: 459ms | Turns: 1
[2026-04-04T05:09:59Z] Iter 766 | Total-in: 0 | Non-cached: 0 | Cache-read: 0 | Cache-create: 0 | Output: 0 | Cost: $0 | Duration: 431ms | Turns: 1
[] Iter 767 | No token data (result file empty or parse failed)
[] Iter 759 | No token data (result file empty or parse failed)
[2026-04-04T05:10:12Z] Iter 765 | Total-in: 0 | Non-cached: 0 | Cache-read: 0 | Cache-create: 0 | Output: 0 | Cost: $0 | Duration: 458ms | Turns: 1
[2026-04-04T05:10:16Z] Iter 767 | Total-in: 0 | Non-cached: 0 | Cache-read: 0 | Cache-create: 0 | Output: 0 | Cost: $0 | Duration: 443ms | Turns: 1
[2026-04-04T05:10:16Z] Iter 768 | Total-in: 0 | Non-cached: 0 | Cache-read: 0 | Cache-create: 0 | Output: 0 | Cost: $0 | Duration: 443ms | Turns: 1
[2026-04-04T05:10:23Z] Iter 760 | Total-in: 0 | Non-cached: 0 | Cache-read: 0 | Cache-create: 0 | Output: 0 | Cost: $0 | Duration: 566ms | Turns: 1
[2026-04-04T05:10:28Z] Iter 766 | Total-in: 0 | Non-cached: 0 | Cache-read: 0 | Cache-create: 0 | Output: 0 | Cost: $0 | Duration: 515ms | Turns: 1
[2026-04-04T05:10:33Z] Iter 768 | Total-in: 0 | Non-cached: 0 | Cache-read: 0 | Cache-create: 0 | Output: 0 | Cost: $0 | Duration: 456ms | Turns: 1
[2026-04-04T05:10:33Z] Iter 769 | Total-in: 0 | Non-cached: 0 | Cache-read: 0 | Cache-create: 0 | Output: 0 | Cost: $0 | Duration: 456ms | Turns: 1
[2026-04-04T05:10:39Z] Iter 761 | Total-in: 0 | Non-cached: 0 | Cache-read: 0 | Cache-create: 0 | Output: 0 | Cost: $0 | Duration: 521ms | Turns: 1
[2026-04-04T05:10:45Z] Iter 767 | Total-in: 0 | Non-cached: 0 | Cache-read: 0 | Cache-create: 0 | Output: 0 | Cost: $0 | Duration: 508ms | Turns: 1
[2026-04-04T05:10:49Z] Iter 769 | Total-in: 0 | Non-cached: 0 | Cache-read: 0 | Cache-create: 0 | Output: 0 | Cost: $0 | Duration: 1539ms | Turns: 1
[2026-04-04T05:10:50Z] Iter 770 | Total-in: 0 | Non-cached: 0 | Cache-read: 0 | Cache-create: 0 | Output: 0 | Cost: $0 | Duration: 1539ms | Turns: 1
[2026-04-04T05:10:55Z] Iter 762 | Total-in: 0 | Non-cached: 0 | Cache-read: 0 | Cache-create: 0 | Output: 0 | Cost: $0 | Duration: 465ms | Turns: 1
[2026-04-04T05:11:02Z] Iter 768 | Total-in: 0 | Non-cached: 0 | Cache-read: 0 | Cache-create: 0 | Output: 0 | Cost: $0 | Duration: 654ms | Turns: 1
[2026-04-04T05:11:06Z] Iter 770 | Total-in: 0 | Non-cached: 0 | Cache-read: 0 | Cache-create: 0 | Output: 0 | Cost: $0 | Duration: 445ms | Turns: 1
[2026-04-04T05:11:07Z] Iter 771 | Total-in: 0 | Non-cached: 0 | Cache-read: 0 | Cache-create: 0 | Output: 0 | Cost: $0 | Duration: 445ms | Turns: 1
[] Iter 763 | No token data (result file empty or parse failed)
[2026-04-04T05:11:17Z] Iter 769 | Total-in: 0 | Non-cached: 0 | Cache-read:  | Cache-create:  | Output:  | Cost: $ | Duration: ms | Turns: 
[2026-04-04T05:11:20Z] Iter 771 | Total-in: 0 | Non-cached: 0 | Cache-read: 0 | Cache-create: 0 | Output: 0 | Cost: $0 | Duration: 512ms | Turns: 1
[2026-04-04T05:11:21Z] Iter 772 | Total-in: 0 | Non-cached: 0 | Cache-read: 0 | Cache-create: 0 | Output: 0 | Cost: $0 | Duration: 512ms | Turns: 1
[2026-04-04T05:11:24Z] Iter 764 | Total-in: 0 | Non-cached: 0 | Cache-read: 0 | Cache-create: 0 | Output: 0 | Cost: $0 | Duration: 492ms | Turns: 1
[2026-04-04T05:11:30Z] Iter 770 | Total-in: 0 | Non-cached: 0 | Cache-read: 0 | Cache-create: 0 | Output: 0 | Cost: $0 | Duration: 409ms | Turns: 1
[2026-04-04T05:11:36Z] Iter 773 | Total-in: 0 | Non-cached: 0 | Cache-read: 0 | Cache-create: 0 | Output: 0 | Cost: $0 | Duration: 391ms | Turns: 1
[2026-04-04T05:11:36Z] Iter 772 | Total-in: 0 | Non-cached: 0 | Cache-read: 0 | Cache-create: 0 | Output: 0 | Cost: $0 | Duration: 391ms | Turns: 1
[2026-04-04T05:11:39Z] Iter 765 | Total-in: 0 | Non-cached: 0 | Cache-read: 0 | Cache-create: 0 | Output: 0 | Cost: $0 | Duration: 1462ms | Turns: 1
[2026-04-04T05:11:46Z] Iter 771 | Total-in: 0 | Non-cached: 0 | Cache-read: 0 | Cache-create: 0 | Output: 0 | Cost: $0 | Duration: 695ms | Turns: 1
[2026-04-04T05:11:50Z] Iter 774 | Total-in: 0 | Non-cached: 0 | Cache-read: 0 | Cache-create: 0 | Output: 0 | Cost: $0 | Duration: 580ms | Turns: 1
[2026-04-04T05:11:51Z] Iter 773 | Total-in: 0 | Non-cached: 0 | Cache-read: 0 | Cache-create: 0 | Output: 0 | Cost: $0 | Duration: 580ms | Turns: 1
[] Iter 766 | No token data (result file empty or parse failed)
[2026-04-04T05:11:59Z] Iter 772 | Total-in: 0 | Non-cached: 0 | Cache-read: 0 | Cache-create: 0 | Output: 0 | Cost: $0 | Duration: 467ms | Turns: 1
[2026-04-04T05:12:06Z] Iter 775 | Total-in: 0 | Non-cached: 0 | Cache-read: 0 | Cache-create: 0 | Output: 0 | Cost: $0 | Duration: 480ms | Turns: 1
[2026-04-04T05:12:06Z] Iter 774 | Total-in: 0 | Non-cached: 0 | Cache-read: 0 | Cache-create: 0 | Output: 0 | Cost: $0 | Duration: 480ms | Turns: 1
[2026-04-04T05:12:08Z] Iter 767 | Total-in: 0 | Non-cached: 0 | Cache-read: 0 | Cache-create: 0 | Output: 0 | Cost: $0 | Duration: 732ms | Turns: 1
[2026-04-04T05:12:15Z] Iter 773 | Total-in: 0 | Non-cached: 0 | Cache-read: 0 | Cache-create: 0 | Output: 0 | Cost: $0 | Duration: 1522ms | Turns: 1
[2026-04-04T05:12:21Z] Iter 776 | Total-in: 0 | Non-cached: 0 | Cache-read: 0 | Cache-create: 0 | Output: 0 | Cost: $0 | Duration: 1539ms | Turns: 1
[2026-04-04T05:12:22Z] Iter 775 | Total-in: 0 | Non-cached: 0 | Cache-read: 0 | Cache-create: 0 | Output: 0 | Cost: $0 | Duration: 428ms | Turns: 1
[] Iter 768 | No token data (result file empty or parse failed)
[] Iter 774 | No token data (result file empty or parse failed)
[] Iter 777 | No token data (result file empty or parse failed)
[2026-04-04T05:12:36Z] Iter 776 | Total-in: 0 | Non-cached: 0 | Cache-read: 0 | Cache-create: 0 | Output: 0 | Cost: $0 | Duration: 593ms | Turns: 1
[2026-04-04T05:12:37Z] Iter 769 | Total-in: 0 | Non-cached: 0 | Cache-read: 0 | Cache-create: 0 | Output: 0 | Cost: $0 | Duration: 593ms | Turns: 1
[2026-04-04T05:12:42Z] Iter 775 | Total-in: 0 | Non-cached: 0 | Cache-read: 0 | Cache-create: 0 | Output: 0 | Cost: $0 | Duration: 515ms | Turns: 1
[2026-04-04T05:12:50Z] Iter 778 | Total-in: 0 | Non-cached: 0 | Cache-read: 0 | Cache-create: 0 | Output: 0 | Cost: $0 | Duration: 549ms | Turns: 1
[2026-04-04T05:12:52Z] Iter 777 | Total-in: 0 | Non-cached: 0 | Cache-read: 0 | Cache-create: 0 | Output: 0 | Cost: $0 | Duration: 528ms | Turns: 1
[2026-04-04T05:12:54Z] Iter 770 | Total-in: 0 | Non-cached: 0 | Cache-read: 0 | Cache-create: 0 | Output: 0 | Cost: $0 | Duration: 453ms | Turns: 1
[2026-04-04T05:12:57Z] Iter 776 | Total-in: 0 | Non-cached: 0 | Cache-read: 0 | Cache-create: 0 | Output: 0 | Cost: $0 | Duration: 391ms | Turns: 1
[] Iter 779 | No token data (result file empty or parse failed)
[2026-04-04T05:13:08Z] Iter 771 | Total-in: 0 | Non-cached: 0 | Cache-read: 0 | Cache-create: 0 | Output: 0 | Cost: $0 | Duration: 1643ms | Turns: 1
[2026-04-04T05:13:09Z] Iter 778 | Total-in: 0 | Non-cached: 0 | Cache-read: 0 | Cache-create: 0 | Output: 0 | Cost: $0 | Duration: 1643ms | Turns: 1
[2026-04-04T05:13:13Z] Iter 777 | Total-in: 0 | Non-cached: 0 | Cache-read: 0 | Cache-create: 0 | Output: 0 | Cost: $0 | Duration: 491ms | Turns: 1
[2026-04-04T05:13:19Z] Iter 780 | Total-in: 0 | Non-cached: 0 | Cache-read: 0 | Cache-create: 0 | Output: 0 | Cost: $0 | Duration: 635ms | Turns: 1
[2026-04-04T05:13:24Z] Iter 772 | Total-in: 0 | Non-cached: 0 | Cache-read: 0 | Cache-create: 0 | Output: 0 | Cost: $0 | Duration: 513ms | Turns: 1
[2026-04-04T05:13:24Z] Iter 779 | Total-in: 0 | Non-cached: 0 | Cache-read: 0 | Cache-create: 0 | Output: 0 | Cost: $0 | Duration: 513ms | Turns: 1
[2026-04-04T05:13:28Z] Iter 778 | Total-in: 0 | Non-cached: 0 | Cache-read: 0 | Cache-create: 0 | Output: 0 | Cost: $0 | Duration: 523ms | Turns: 1
[2026-04-04T05:13:34Z] Iter 781 | Total-in: 0 | Non-cached: 0 | Cache-read: 0 | Cache-create: 0 | Output: 0 | Cost: $0 | Duration: 416ms | Turns: 1
[2026-04-04T05:13:40Z] Iter 773 | Total-in: 0 | Non-cached: 0 | Cache-read: 0 | Cache-create: 0 | Output: 0 | Cost: $0 | Duration: 751ms | Turns: 1
[2026-04-04T05:13:40Z] Iter 780 | Total-in: 0 | Non-cached: 0 | Cache-read: 0 | Cache-create: 0 | Output: 0 | Cost: $0 | Duration: 751ms | Turns: 1
[2026-04-04T05:13:43Z] Iter 779 | Total-in: 0 | Non-cached: 0 | Cache-read: 0 | Cache-create: 0 | Output: 0 | Cost: $0 | Duration: 409ms | Turns: 1
[2026-04-04T05:13:49Z] Iter 782 | Total-in: 0 | Non-cached: 0 | Cache-read: 0 | Cache-create: 0 | Output: 0 | Cost: $0 | Duration: 537ms | Turns: 1
[2026-04-04T05:13:56Z] Iter 774 | Total-in: 0 | Non-cached: 0 | Cache-read: 0 | Cache-create: 0 | Output: 0 | Cost: $0 | Duration: 652ms | Turns: 1
[2026-04-04T05:13:56Z] Iter 781 | Total-in: 0 | Non-cached: 0 | Cache-read: 0 | Cache-create: 0 | Output: 0 | Cost: $0 | Duration: 652ms | Turns: 1
[2026-04-04T05:13:59Z] Iter 780 | Total-in: 0 | Non-cached: 0 | Cache-read: 0 | Cache-create: 0 | Output: 0 | Cost: $0 | Duration: 543ms | Turns: 1
[2026-04-04T05:14:05Z] Iter 783 | Total-in: 0 | Non-cached: 0 | Cache-read: 0 | Cache-create: 0 | Output: 0 | Cost: $0 | Duration: 504ms | Turns: 1
[2026-04-04T05:14:11Z] Iter 775 | Total-in: 0 | Non-cached: 0 | Cache-read: 0 | Cache-create: 0 | Output: 0 | Cost: $0 | Duration: 556ms | Turns: 1
[] Iter 782 | No token data (result file empty or parse failed)
[2026-04-04T05:14:16Z] Iter 781 | Total-in: 0 | Non-cached: 0 | Cache-read: 0 | Cache-create: 0 | Output: 0 | Cost: $0 | Duration: 563ms | Turns: 1
[] Iter 784 | No token data (result file empty or parse failed)
[] Iter 776 | No token data (result file empty or parse failed)
[2026-04-04T05:14:28Z] Iter 783 | Total-in: 0 | Non-cached: 0 | Cache-read: 0 | Cache-create: 0 | Output: 0 | Cost: $0 | Duration: 532ms | Turns: 1
[2026-04-04T05:14:32Z] Iter 782 | Total-in: 0 | Non-cached: 0 | Cache-read: 0 | Cache-create: 0 | Output: 0 | Cost: $0 | Duration: 909ms | Turns: 1
[] Iter 785 | No token data (result file empty or parse failed)
[2026-04-04T05:14:43Z] Iter 777 | Total-in: 0 | Non-cached: 0 | Cache-read: 0 | Cache-create: 0 | Output: 0 | Cost: $0 | Duration: 587ms | Turns: 1
[2026-04-04T05:14:45Z] Iter 784 | Total-in: 0 | Non-cached: 0 | Cache-read: 0 | Cache-create: 0 | Output: 0 | Cost: $0 | Duration: 588ms | Turns: 1
[2026-04-04T05:14:49Z] Iter 783 | Total-in: 0 | Non-cached: 0 | Cache-read: 0 | Cache-create: 0 | Output: 0 | Cost: $0 | Duration: 451ms | Turns: 1
[2026-04-04T05:14:52Z] Iter 786 | Total-in: 0 | Non-cached: 0 | Cache-read: 0 | Cache-create: 0 | Output: 0 | Cost: $0 | Duration: 511ms | Turns: 1
[2026-04-04T05:15:00Z] Iter 778 | Total-in: 0 | Non-cached: 0 | Cache-read: 0 | Cache-create: 0 | Output: 0 | Cost: $0 | Duration: 573ms | Turns: 1
[2026-04-04T05:15:02Z] Iter 785 | Total-in: 0 | Non-cached: 0 | Cache-read: 0 | Cache-create: 0 | Output: 0 | Cost: $0 | Duration: 684ms | Turns: 1
[2026-04-04T05:15:06Z] Iter 784 | Total-in: 0 | Non-cached: 0 | Cache-read: 0 | Cache-create: 0 | Output: 0 | Cost: $0 | Duration: 534ms | Turns: 1
[2026-04-04T05:15:09Z] Iter 787 | Total-in: 0 | Non-cached: 0 | Cache-read: 0 | Cache-create: 0 | Output: 0 | Cost: $0 | Duration: 439ms | Turns: 1
[2026-04-04T05:15:16Z] Iter 779 | Total-in: 0 | Non-cached: 0 | Cache-read: 0 | Cache-create: 0 | Output: 0 | Cost: $0 | Duration: 524ms | Turns: 1
[] Iter 786 | No token data (result file empty or parse failed)
[2026-04-04T05:15:22Z] Iter 785 | Total-in: 0 | Non-cached: 0 | Cache-read: 0 | Cache-create: 0 | Output: 0 | Cost: $0 | Duration: 555ms | Turns: 1
[] Iter 788 | No token data (result file empty or parse failed)
[] Iter 787 | No token data (result file empty or parse failed)
[] Iter 780 | No token data (result file empty or parse failed)
[2026-04-04T05:15:37Z] Iter 786 | Total-in: 0 | Non-cached: 0 | Cache-read: 0 | Cache-create: 0 | Output: 0 | Cost: $0 | Duration: 462ms | Turns: 1
[2026-04-04T05:15:39Z] Iter 789 | Total-in: 0 | Non-cached: 0 | Cache-read: 0 | Cache-create: 0 | Output: 0 | Cost: $0 | Duration: 415ms | Turns: 1
[] Iter 788 | No token data (result file empty or parse failed)
[] Iter 781 | No token data (result file empty or parse failed)
[2026-04-04T05:15:51Z] Iter 787 | Total-in: 0 | Non-cached: 0 | Cache-read: 0 | Cache-create: 0 | Output: 0 | Cost: $0 | Duration: 437ms | Turns: 1
[2026-04-04T05:15:54Z] Iter 790 | Total-in: 0 | Non-cached:  | Cache-read:  | Cache-create:  | Output:  | Cost: $ | Duration: ms | Turns: 
[2026-04-04T05:16:01Z] Iter 789 | Total-in: 0 | Non-cached: 0 | Cache-read: 0 | Cache-create: 0 | Output: 0 | Cost: $0 | Duration: 781ms | Turns: 1
[2026-04-04T05:16:01Z] Iter 782 | Total-in: 0 | Non-cached: 0 | Cache-read: 0 | Cache-create: 0 | Output: 0 | Cost: $0 | Duration: 781ms | Turns: 
[2026-04-04T05:16:05Z] Iter 788 | Total-in: 0 | Non-cached: 0 | Cache-read: 0 | Cache-create: 0 | Output: 0 | Cost: $0 | Duration: 470ms | Turns: 1
[2026-04-04T05:16:08Z] Iter 791 | Total-in: 0 | Non-cached: 0 | Cache-read: 0 | Cache-create: 0 | Output: 0 | Cost: $0 | Duration: 382ms | Turns: 1
[2026-04-04T05:16:15Z] Iter 790 | Total-in: 0 | Non-cached: 0 | Cache-read: 0 | Cache-create: 0 | Output: 0 | Cost: $0 | Duration: 444ms | Turns: 1
[2026-04-04T05:16:17Z] Iter 783 | Total-in: 0 | Non-cached: 0 | Cache-read: 0 | Cache-create: 0 | Output: 0 | Cost: $0 | Duration: 516ms | Turns: 1
[2026-04-04T05:16:19Z] Iter 789 | Total-in: 0 | Non-cached: 0 | Cache-read: 0 | Cache-create: 0 | Output: 0 | Cost: $0 | Duration: 429ms | Turns: 1
[2026-04-04T05:16:22Z] Iter 792 | Total-in: 0 | Non-cached: 0 | Cache-read: 0 | Cache-create: 0 | Output: 0 | Cost: $0 | Duration: 403ms | Turns: 1
[2026-04-04T05:16:29Z] Iter 791 | Total-in: 0 | Non-cached: 0 | Cache-read: 0 | Cache-create: 0 | Output: 0 | Cost: $0 | Duration: 435ms | Turns: 1
[2026-04-04T05:16:31Z] Iter 784 | Total-in: 0 | Non-cached: 0 | Cache-read: 0 | Cache-create: 0 | Output: 0 | Cost: $0 | Duration: 417ms | Turns: 1
[2026-04-04T05:16:34Z] Iter 790 | Total-in: 0 | Non-cached: 0 | Cache-read: 0 | Cache-create: 0 | Output: 0 | Cost: $0 | Duration: 560ms | Turns: 1
[2026-04-04T05:16:36Z] Iter 793 | Total-in: 0 | Non-cached: 0 | Cache-read: 0 | Cache-create: 0 | Output: 0 | Cost: $0 | Duration: 437ms | Turns: 1
[2026-04-04T05:16:43Z] Iter 792 | Total-in: 0 | Non-cached: 0 | Cache-read: 0 | Cache-create: 0 | Output: 0 | Cost: $0 | Duration: 496ms | Turns: 1
[2026-04-04T05:16:45Z] Iter 785 | Total-in: 0 | Non-cached: 0 | Cache-read: 0 | Cache-create: 0 | Output: 0 | Cost: $0 | Duration: 438ms | Turns: 1
[2026-04-04T05:16:50Z] Iter 791 | Total-in: 0 | Non-cached: 0 | Cache-read: 0 | Cache-create: 0 | Output: 0 | Cost: $0 | Duration: 389ms | Turns: 1
[2026-04-04T05:16:50Z] Iter 794 | Total-in: 0 | Non-cached: 0 | Cache-read: 0 | Cache-create: 0 | Output: 0 | Cost: $0 | Duration: 389ms | Turns: 1
[2026-04-04T05:16:57Z] Iter 793 | Total-in: 0 | Non-cached:  | Cache-read:  | Cache-create:  | Output:  | Cost: $ | Duration: ms | Turns: 
[2026-04-04T05:17:00Z] Iter 786 | Total-in: 0 | Non-cached: 0 | Cache-read: 0 | Cache-create: 0 | Output: 0 | Cost: $0 | Duration: 433ms | Turns: 1
[2026-04-04T05:17:04Z] Iter 792 | Total-in: 0 | Non-cached: 0 | Cache-read: 0 | Cache-create: 0 | Output: 0 | Cost: $0 | Duration: 452ms | Turns: 1
[2026-04-04T05:17:05Z] Iter 795 | Total-in: 0 | Non-cached: 0 | Cache-read: 0 | Cache-create: 0 | Output: 0 | Cost: $0 | Duration: 452ms | Turns: 1
[2026-04-04T05:17:12Z] Iter 794 | Total-in: 0 | Non-cached: 0 | Cache-read: 0 | Cache-create: 0 | Output: 0 | Cost: $0 | Duration: ms | Turns: 
[2026-04-04T05:17:15Z] Iter 787 | Total-in: 0 | Non-cached: 0 | Cache-read: 0 | Cache-create: 0 | Output: 0 | Cost: $0 | Duration: 435ms | Turns: 1
[2026-04-04T05:17:19Z] Iter 793 | Total-in: 0 | Non-cached: 0 | Cache-read: 0 | Cache-create: 0 | Output: 0 | Cost: $0 | Duration: 436ms | Turns: 
[] Iter 796 | No token data (result file empty or parse failed)
[2026-04-04T05:17:26Z] Iter 795 | Total-in: 0 | Non-cached: 0 | Cache-read: 0 | Cache-create: 0 | Output: 0 | Cost: $0 | Duration: 428ms | Turns: 1
[2026-04-04T05:17:29Z] Iter 788 | Total-in: 0 | Non-cached: 0 | Cache-read: 0 | Cache-create: 0 | Output: 0 | Cost: $0 | Duration: 410ms | Turns: 1
[] Iter 794 | No token data (result file empty or parse failed)
[] Iter 797 | No token data (result file empty or parse failed)
[2026-04-04T05:17:41Z] Iter 796 | Total-in: 0 | Non-cached: 0 | Cache-read: 0 | Cache-create: 0 | Output: 0 | Cost: $0 | Duration: 443ms | Turns: 1
[2026-04-04T05:17:45Z] Iter 789 | Total-in: 0 | Non-cached: 0 | Cache-read: 0 | Cache-create: 0 | Output: 0 | Cost: $0 | Duration: 444ms | Turns: 1
[2026-04-04T05:17:49Z] Iter 795 | Total-in: 0 | Non-cached:  | Cache-read:  | Cache-create:  | Output:  | Cost: $ | Duration: ms | Turns: 
[2026-04-04T05:17:50Z] Iter 798 | Total-in: 0 | Non-cached: 0 | Cache-read: 0 | Cache-create: 0 | Output: 0 | Cost: $0 | Duration: 1466ms | Turns: 1
[2026-04-04T05:17:56Z] Iter 797 | Total-in: 0 | Non-cached: 0 | Cache-read: 0 | Cache-create: 0 | Output: 0 | Cost: $0 | Duration: ms | Turns: 
[2026-04-04T05:18:00Z] Iter 790 | Total-in: 0 | Non-cached: 0 | Cache-read: 0 | Cache-create: 0 | Output: 0 | Cost: $0 | Duration: 481ms | Turns: 1
[] Iter 796 | No token data (result file empty or parse failed)
[2026-04-04T05:18:07Z] Iter 799 | Total-in: 0 | Non-cached: 0 | Cache-read: 0 | Cache-create: 0 | Output: 0 | Cost: $0 | Duration: 708ms | Turns: 1
[] Iter 798 | No token data (result file empty or parse failed)
[2026-04-04T05:18:16Z] Iter 791 | Total-in: 0 | Non-cached: 0 | Cache-read: 0 | Cache-create: 0 | Output: 0 | Cost: $0 | Duration: 524ms | Turns: 1
[] Iter 797 | No token data (result file empty or parse failed)
[2026-04-04T05:18:23Z] Iter 800 | Total-in: 0 | Non-cached: 0 | Cache-read: 0 | Cache-create: 0 | Output: 0 | Cost: $0 | Duration: 472ms | Turns: 1
[2026-04-04T05:18:28Z] Iter 799 | Total-in: 0 | Non-cached: 0 | Cache-read: 0 | Cache-create: 0 | Output: 0 | Cost: $0 | Duration: 653ms | Turns: 1
[2026-04-04T05:18:32Z] Iter 792 | Total-in: 0 | Non-cached: 0 | Cache-read: 0 | Cache-create: 0 | Output: 0 | Cost: $0 | Duration: 475ms | Turns: 1
[2026-04-04T05:18:35Z] Iter 798 | Total-in: 0 | Non-cached: 0 | Cache-read: 0 | Cache-create: 0 | Output: 0 | Cost: $0 | Duration: 544ms | Turns: 1
[2026-04-04T05:18:40Z] Iter 801 | Total-in: 0 | Non-cached:  | Cache-read:  | Cache-create:  | Output:  | Cost: $ | Duration: ms | Turns: 
[2026-04-04T05:18:44Z] Iter 800 | Total-in: 0 | Non-cached: 0 | Cache-read: 0 | Cache-create: 0 | Output: 0 | Cost: $0 | Duration: 449ms | Turns: 1
[2026-04-04T05:18:52Z] Iter 793 | Total-in: 0 | Non-cached: 0 | Cache-read: 0 | Cache-create: 0 | Output: 0 | Cost: $0 | Duration: 3733ms | Turns: 1
[2026-04-04T05:18:54Z] Iter 799 | Total-in: 0 | Non-cached: 0 | Cache-read: 0 | Cache-create: 0 | Output: 0 | Cost: $0 | Duration: 467ms | Turns: 1
[2026-04-04T05:18:57Z] Iter 802 | Total-in: 0 | Non-cached: 0 | Cache-read: 0 | Cache-create: 0 | Output: 0 | Cost: $0 | Duration: 1557ms | Turns: 1
[2026-04-04T05:19:01Z] Iter 801 | Total-in: 0 | Non-cached: 0 | Cache-read: 0 | Cache-create: 0 | Output: 0 | Cost: $0 | Duration: 439ms | Turns: 1
[2026-04-04T05:19:08Z] Iter 794 | Total-in: 0 | Non-cached: 0 | Cache-read: 0 | Cache-create: 0 | Output: 0 | Cost: $0 | Duration: 467ms | Turns: 1
[2026-04-04T05:19:10Z] Iter 800 | Total-in: 0 | Non-cached: 0 | Cache-read: 0 | Cache-create: 0 | Output: 0 | Cost: $0 | Duration: 574ms | Turns: 1
[2026-04-04T05:19:15Z] Iter 803 | Total-in: 0 | Non-cached: 0 | Cache-read: 0 | Cache-create: 0 | Output: 0 | Cost: $0 | Duration: 436ms | Turns: 1
[2026-04-04T05:19:17Z] Iter 802 | Total-in: 0 | Non-cached: 0 | Cache-read: 0 | Cache-create: 0 | Output: 0 | Cost: $0 | Duration: 547ms | Turns: 1
[2026-04-04T05:19:25Z] Iter 795 | Total-in: 0 | Non-cached: 0 | Cache-read: 0 | Cache-create: 0 | Output: 0 | Cost: $0 | Duration: 457ms | Turns: 1
[2026-04-04T05:19:27Z] Iter 801 | Total-in: 0 | Non-cached: 0 | Cache-read: 0 | Cache-create: 0 | Output: 0 | Cost: $0 | Duration: 445ms | Turns: 1
[2026-04-04T05:19:31Z] Iter 804 | Total-in: 0 | Non-cached: 0 | Cache-read: 0 | Cache-create: 0 | Output: 0 | Cost: $0 | Duration: 483ms | Turns: 1
[2026-04-04T05:19:34Z] Iter 803 | Total-in: 0 | Non-cached: 0 | Cache-read: 0 | Cache-create: 0 | Output: 0 | Cost: $0 | Duration: 480ms | Turns: 1
[] Iter 796 | No token data (result file empty or parse failed)
[2026-04-04T05:19:41Z] Iter 802 | Total-in: 0 | Non-cached: 0 | Cache-read: 0 | Cache-create: 0 | Output: 0 | Cost: $0 | Duration: 427ms | Turns: 1
[2026-04-04T05:19:45Z] Iter 805 | Total-in: 0 | Non-cached: 0 | Cache-read: 0 | Cache-create: 0 | Output: 0 | Cost: $0 | Duration: 409ms | Turns: 1
[2026-04-04T05:19:48Z] Iter 804 | Total-in: 0 | Non-cached: 0 | Cache-read: 0 | Cache-create: 0 | Output: 0 | Cost: $0 | Duration: 462ms | Turns: 1
[] Iter 797 | No token data (result file empty or parse failed)
[] Iter 803 | No token data (result file empty or parse failed)
[2026-04-04T05:19:59Z] Iter 806 | Total-in: 0 | Non-cached: 0 | Cache-read: 0 | Cache-create: 0 | Output: 0 | Cost: $0 | Duration: 453ms | Turns: 1
[2026-04-04T05:20:02Z] Iter 805 | Total-in: 0 | Non-cached: 0 | Cache-read: 0 | Cache-create: 0 | Output: 0 | Cost: $0 | Duration: 454ms | Turns: 1
[2026-04-04T05:20:06Z] Iter 798 | Total-in: 0 | Non-cached: 0 | Cache-read:  | Cache-create:  | Output: 0 | Cost: $ | Duration: ms | Turns: 
[2026-04-04T05:20:09Z] Iter 804 | Total-in: 0 | Non-cached: 0 | Cache-read: 0 | Cache-create: 0 | Output: 0 | Cost: $0 | Duration: 426ms | Turns: 1
[2026-04-04T05:20:13Z] Iter 807 | Total-in: 0 | Non-cached: 0 | Cache-read: 0 | Cache-create: 0 | Output: 0 | Cost: $0 | Duration: 406ms | Turns: 1
[2026-04-04T05:20:17Z] Iter 806 | Total-in: 0 | Non-cached: 0 | Cache-read: 0 | Cache-create: 0 | Output: 0 | Cost: $ | Duration: ms | Turns: 
[2026-04-04T05:20:21Z] Iter 799 | Total-in: 0 | Non-cached: 0 | Cache-read: 0 | Cache-create: 0 | Output: 0 | Cost: $ | Duration: ms | Turns: 
[2026-04-04T05:20:23Z] Iter 805 | Total-in: 0 | Non-cached: 0 | Cache-read: 0 | Cache-create: 0 | Output: 0 | Cost: $0 | Duration: 424ms | Turns: 1
[2026-04-04T05:20:28Z] Iter 808 | Total-in: 0 | Non-cached: 0 | Cache-read: 0 | Cache-create: 0 | Output: 0 | Cost: $0 | Duration: ms | Turns: 
[2026-04-04T05:20:31Z] Iter 807 | Total-in: 0 | Non-cached: 0 | Cache-read: 0 | Cache-create:  | Output: 0 | Cost: $ | Duration: ms | Turns: 
[] Iter 800 | No token data (result file empty or parse failed)
[2026-04-04T05:20:37Z] Iter 806 | Total-in: 0 | Non-cached: 0 | Cache-read: 0 | Cache-create: 0 | Output: 0 | Cost: $0 | Duration: 402ms | Turns: 1
[] Iter 809 | No token data (result file empty or parse failed)
[] Iter 808 | No token data (result file empty or parse failed)
[2026-04-04T05:20:50Z] Iter 801 | Total-in: 0 | Non-cached: 0 | Cache-read: 0 | Cache-create: 0 | Output: 0 | Cost: $0 | Duration: 430ms | Turns: 1
[2026-04-04T05:20:52Z] Iter 807 | Total-in: 0 | Non-cached:  | Cache-read:  | Cache-create:  | Output:  | Cost: $ | Duration: ms | Turns: 
[2026-04-04T05:20:59Z] Iter 809 | Total-in: 0 | Non-cached: 0 | Cache-read: 0 | Cache-create: 0 | Output: 0 | Cost: $0 | Duration: 605ms | Turns: 1
[] Iter 810 | No token data (result file empty or parse failed)
[2026-04-04T05:21:05Z] Iter 802 | Total-in: 0 | Non-cached: 0 | Cache-read: 0 | Cache-create: 0 | Output: 0 | Cost: $0 | Duration: 441ms | Turns: 1
[] Iter 808 | No token data (result file empty or parse failed)
[2026-04-04T05:21:14Z] Iter 810 | Total-in: 0 | Non-cached: 0 | Cache-read: 0 | Cache-create: 0 | Output: 0 | Cost: $0 | Duration: ms | Turns: 
[2026-04-04T05:21:15Z] Iter 811 | Total-in: 0 | Non-cached: 0 | Cache-read: 0 | Cache-create: 0 | Output: 0 | Cost: $0 | Duration: 1092ms | Turns: 1
[2026-04-04T05:21:19Z] Iter 803 | Total-in: 0 | Non-cached: 0 | Cache-read: 0 | Cache-create: 0 | Output: 0 | Cost: $0 | Duration: 500ms | Turns: 1
[2026-04-04T05:21:21Z] Iter 809 | Total-in: 0 | Non-cached: 0 | Cache-read: 0 | Cache-create: 0 | Output: 0 | Cost: $0 | Duration: 754ms | Turns: 1
[2026-04-04T05:21:28Z] Iter 811 | Total-in: 0 | Non-cached: 0 | Cache-read: 0 | Cache-create: 0 | Output: 0 | Cost: $0 | Duration: 404ms | Turns: 1
[] Iter 812 | No token data (result file empty or parse failed)
[2026-04-04T05:21:34Z] Iter 804 | Total-in: 0 | Non-cached: 0 | Cache-read: 0 | Cache-create: 0 | Output: 0 | Cost: $0 | Duration: 490ms | Turns: 1
[] Iter 810 | No token data (result file empty or parse failed)
[2026-04-04T05:21:43Z] Iter 812 | Total-in: 0 | Non-cached:  | Cache-read: 0 | Cache-create: 0 | Output:  | Cost: $0 | Duration: 409ms | Turns: 1
[2026-04-04T05:21:44Z] Iter 813 | Total-in: 0 | Non-cached: 0 | Cache-read: 0 | Cache-create: 0 | Output: 0 | Cost: $0 | Duration: 409ms | Turns: 1
[2026-04-04T05:21:49Z] Iter 805 | Total-in: 0 | Non-cached: 0 | Cache-read: 0 | Cache-create: 0 | Output: 0 | Cost: $0 | Duration: 415ms | Turns: 1
[2026-04-04T05:21:50Z] Iter 811 | Total-in: 0 | Non-cached: 0 | Cache-read: 0 | Cache-create: 0 | Output: 0 | Cost: $0 | Duration: 415ms | Turns: 1
[] Iter 813 | No token data (result file empty or parse failed)
[2026-04-04T05:21:59Z] Iter 814 | Total-in: 0 | Non-cached: 0 | Cache-read: 0 | Cache-create: 0 | Output: 0 | Cost: $0 | Duration: 439ms | Turns: 1
[] Iter 806 | No token data (result file empty or parse failed)
[] Iter 812 | No token data (result file empty or parse failed)
[2026-04-04T05:22:13Z] Iter 814 | Total-in: 0 | Non-cached: 0 | Cache-read: 0 | Cache-create: 0 | Output: 0 | Cost: $0 | Duration: 453ms | Turns: 1
[2026-04-04T05:22:14Z] Iter 815 | Total-in: 0 | Non-cached: 0 | Cache-read: 0 | Cache-create: 0 | Output: 0 | Cost: $0 | Duration: 653ms | Turns: 1
[2026-04-04T05:22:20Z] Iter 807 | Total-in: 0 | Non-cached: 0 | Cache-read: 0 | Cache-create: 0 | Output: 0 | Cost: $0 | Duration: 586ms | Turns: 1
[2026-04-04T05:22:20Z] Iter 813 | Total-in: 0 | Non-cached: 0 | Cache-read: 0 | Cache-create: 0 | Output: 0 | Cost: $0 | Duration: 586ms | Turns: 1
[] Iter 815 | No token data (result file empty or parse failed)
[2026-04-04T05:22:31Z] Iter 816 | Total-in: 0 | Non-cached: 0 | Cache-read: 0 | Cache-create: 0 | Output: 0 | Cost: $0 | Duration: 526ms | Turns: 1
[2026-04-04T05:22:36Z] Iter 808 | Total-in: 0 | Non-cached: 0 | Cache-read: 0 | Cache-create: 0 | Output: 0 | Cost: $0 | Duration: 440ms | Turns: 1
[2026-04-04T05:22:36Z] Iter 814 | Total-in: 0 | Non-cached: 0 | Cache-read: 0 | Cache-create: 0 | Output: 0 | Cost: $0 | Duration: 440ms | Turns: 1
[] Iter 816 | No token data (result file empty or parse failed)
[2026-04-04T05:22:47Z] Iter 817 | Total-in: 0 | Non-cached: 0 | Cache-read: 0 | Cache-create: 0 | Output: 0 | Cost: $0 | Duration: 486ms | Turns: 1
[] Iter 809 | No token data (result file empty or parse failed)
[] Iter 815 | No token data (result file empty or parse failed)
[] Iter 817 | No token data (result file empty or parse failed)
[2026-04-04T05:23:03Z] Iter 818 | Total-in: 0 | Non-cached: 0 | Cache-read: 0 | Cache-create: 0 | Output: 0 | Cost: $0 | Duration: 493ms | Turns: 1
[2026-04-04T05:23:07Z] Iter 810 | Total-in: 0 | Non-cached: 0 | Cache-read: 0 | Cache-create: 0 | Output: 0 | Cost: $0 | Duration: 435ms | Turns: 1
[2026-04-04T05:23:08Z] Iter 816 | Total-in: 0 | Non-cached: 0 | Cache-read: 0 | Cache-create: 0 | Output: 0 | Cost: $0 | Duration: 435ms | Turns: 1
[2026-04-04T05:23:14Z] Iter 818 | Total-in: 0 | Non-cached: 0 | Cache-read: 0 | Cache-create: 0 | Output: 0 | Cost: $0 | Duration: 478ms | Turns: 1
[2026-04-04T05:23:20Z] Iter 819 | Total-in: 0 | Non-cached: 0 | Cache-read: 0 | Cache-create: 0 | Output: 0 | Cost: $0 | Duration: 1636ms | Turns: 1
[2026-04-04T05:23:24Z] Iter 811 | Total-in: 0 | Non-cached: 0 | Cache-read: 0 | Cache-create: 0 | Output: 0 | Cost: $0 | Duration: 499ms | Turns: 1
[2026-04-04T05:23:24Z] Iter 817 | Total-in: 0 | Non-cached: 0 | Cache-read: 0 | Cache-create: 0 | Output: 0 | Cost: $0 | Duration: 499ms | Turns: 1
[2026-04-04T05:23:30Z] Iter 819 | Total-in: 0 | Non-cached: 0 | Cache-read: 0 | Cache-create: 0 | Output: 0 | Cost: $0 | Duration: 442ms | Turns: 1
[2026-04-04T05:23:36Z] Iter 820 | Total-in: 0 | Non-cached: 0 | Cache-read: 0 | Cache-create: 0 | Output: 0 | Cost: $0 | Duration: 580ms | Turns: 1
[2026-04-04T05:23:41Z] Iter 812 | Total-in: 0 | Non-cached: 0 | Cache-read: 0 | Cache-create: 0 | Output: 0 | Cost: $0 | Duration: 506ms | Turns: 1
[2026-04-04T05:23:41Z] Iter 818 | Total-in: 0 | Non-cached: 0 | Cache-read: 0 | Cache-create: 0 | Output: 0 | Cost: $0 | Duration: 506ms | Turns: 1
[2026-04-04T05:23:46Z] Iter 820 | Total-in: 0 | Non-cached: 0 | Cache-read: 0 | Cache-create: 0 | Output: 0 | Cost: $0 | Duration: 458ms | Turns: 1
[2026-04-04T05:23:53Z] Iter 821 | Total-in: 0 | Non-cached: 0 | Cache-read: 0 | Cache-create: 0 | Output: 0 | Cost: $0 | Duration: 535ms | Turns: 1
[2026-04-04T05:23:57Z] Iter 813 | Total-in: 0 | Non-cached: 0 | Cache-read: 0 | Cache-create: 0 | Output: 0 | Cost: $0 | Duration: 475ms | Turns: 1
[2026-04-04T05:23:57Z] Iter 819 | Total-in: 0 | Non-cached: 0 | Cache-read: 0 | Cache-create: 0 | Output: 0 | Cost: $0 | Duration: 475ms | Turns: 1
[2026-04-04T05:24:04Z] Iter 821 | Total-in: 0 | Non-cached: 0 | Cache-read: 0 | Cache-create: 0 | Output: 0 | Cost: $0 | Duration: 1178ms | Turns: 1
[2026-04-04T05:24:09Z] Iter 822 | Total-in: 0 | Non-cached: 0 | Cache-read: 0 | Cache-create: 0 | Output: 0 | Cost: $0 | Duration: 508ms | Turns: 1
[2026-04-04T05:24:14Z] Iter 814 | Total-in: 0 | Non-cached: 0 | Cache-read: 0 | Cache-create: 0 | Output: 0 | Cost: $0 | Duration: 547ms | Turns: 1
[2026-04-04T05:24:16Z] Iter 820 | Total-in: 0 | Non-cached: 0 | Cache-read: 0 | Cache-create: 0 | Output: 0 | Cost: $0 | Duration: 751ms | Turns: 1
[2026-04-04T05:24:20Z] Iter 822 | Total-in: 0 | Non-cached: 0 | Cache-read: 0 | Cache-create: 0 | Output: 0 | Cost: $0 | Duration: 730ms | Turns: 1
[2026-04-04T05:24:24Z] Iter 823 | Total-in: 0 | Non-cached: 0 | Cache-read:  | Cache-create:  | Output:  | Cost: $ | Duration: ms | Turns: 
[] Iter 815 | No token data (result file empty or parse failed)
[2026-04-04T05:24:30Z] Iter 821 | Total-in: 0 | Non-cached: 0 | Cache-read: 0 | Cache-create: 0 | Output: 0 | Cost: $0 | Duration: 440ms | Turns: 1
[2026-04-04T05:24:34Z] Iter 823 | Total-in: 0 | Non-cached: 0 | Cache-read: 0 | Cache-create: 0 | Output: 0 | Cost: $0 | Duration: 510ms | Turns: 1
[2026-04-04T05:24:37Z] Iter 824 | Total-in: 0 | Non-cached: 0 | Cache-read: 0 | Cache-create: 0 | Output: 0 | Cost: $0 | Duration: 421ms | Turns: 1
[2026-04-04T05:24:42Z] Iter 816 | Total-in: 0 | Non-cached: 0 | Cache-read:  | Cache-create:  | Output:  | Cost: $ | Duration: ms | Turns: 
[2026-04-04T05:24:44Z] Iter 822 | Total-in: 0 | Non-cached: 0 | Cache-read: 0 | Cache-create: 0 | Output: 0 | Cost: $0 | Duration: 870ms | Turns: 1
[2026-04-04T05:24:48Z] Iter 824 | Total-in: 0 | Non-cached: 0 | Cache-read: 0 | Cache-create: 0 | Output: 0 | Cost: $0 | Duration: 517ms | Turns: 1
[] Iter 825 | No token data (result file empty or parse failed)
[] Iter 817 | No token data (result file empty or parse failed)
[2026-04-04T05:24:59Z] Iter 823 | Total-in: 0 | Non-cached: 0 | Cache-read: 0 | Cache-create: 0 | Output: 0 | Cost: $0 | Duration: 427ms | Turns: 1
[2026-04-04T05:25:03Z] Iter 825 | Total-in: 0 | Non-cached: 0 | Cache-read: 0 | Cache-create: 0 | Output: 0 | Cost: $0 | Duration: 440ms | Turns: 1
[2026-04-04T05:25:06Z] Iter 826 | Total-in: 0 | Non-cached: 0 | Cache-read: 0 | Cache-create: 0 | Output: 0 | Cost: $0 | Duration: ms | Turns: 
[2026-04-04T05:25:11Z] Iter 818 | Total-in: 0 | Non-cached: 0 | Cache-read: 0 | Cache-create: 0 | Output: 0 | Cost: $0 | Duration: 1130ms | Turns: 1
[2026-04-04T05:25:13Z] Iter 824 | Total-in: 0 | Non-cached: 0 | Cache-read: 0 | Cache-create: 0 | Output: 0 | Cost: $0 | Duration: 452ms | Turns: 1
[2026-04-04T05:25:17Z] Iter 826 | Total-in: 0 | Non-cached: 0 | Cache-read: 0 | Cache-create: 0 | Output: 0 | Cost: $0 | Duration: 445ms | Turns: 1
[2026-04-04T05:25:22Z] Iter 827 | Total-in: 0 | Non-cached: 0 | Cache-read: 0 | Cache-create: 0 | Output: 0 | Cost: $0 | Duration: 1186ms | Turns: 1
[2026-04-04T05:25:27Z] Iter 819 | Total-in: 0 | Non-cached: 0 | Cache-read: 0 | Cache-create: 0 | Output: 0 | Cost: $0 | Duration: 454ms | Turns: 1
[2026-04-04T05:25:28Z] Iter 825 | Total-in: 0 | Non-cached: 0 | Cache-read: 0 | Cache-create: 0 | Output: 0 | Cost: $0 | Duration: 550ms | Turns: 1
[2026-04-04T05:25:33Z] Iter 827 | Total-in: 0 | Non-cached: 0 | Cache-read: 0 | Cache-create: 0 | Output: 0 | Cost: $0 | Duration: 528ms | Turns: 1
[] Iter 828 | No token data (result file empty or parse failed)
[] Iter 820 | No token data (result file empty or parse failed)
[] Iter 826 | No token data (result file empty or parse failed)
[2026-04-04T05:25:47Z] Iter 828 | Total-in: 0 | Non-cached: 0 | Cache-read: 0 | Cache-create: 0 | Output: 0 | Cost: $0 | Duration: 425ms | Turns: 1
[2026-04-04T05:25:51Z] Iter 829 | Total-in: 0 | Non-cached: 0 | Cache-read: 0 | Cache-create: 0 | Output: 0 | Cost: $0 | Duration: 793ms | Turns: 1
[] Iter 821 | No token data (result file empty or parse failed)
[2026-04-04T05:25:57Z] Iter 827 | Total-in: 0 | Non-cached: 0 | Cache-read: 0 | Cache-create: 0 | Output: 0 | Cost: $0 | Duration: 419ms | Turns: 1
[2026-04-04T05:26:02Z] Iter 829 | Total-in: 0 | Non-cached: 0 | Cache-read: 0 | Cache-create: 0 | Output: 0 | Cost: $0 | Duration: 440ms | Turns: 1
[2026-04-04T05:26:06Z] Iter 830 | Total-in: 0 | Non-cached: 0 | Cache-read: 0 | Cache-create: 0 | Output: 0 | Cost: $0 | Duration: 489ms | Turns: 1
[2026-04-04T05:26:09Z] Iter 822 | Total-in: 0 | Non-cached: 0 | Cache-read: 0 | Cache-create: 0 | Output: 0 | Cost: $0 | Duration: 459ms | Turns: 1
[2026-04-04T05:26:13Z] Iter 828 | Total-in: 0 | Non-cached: 0 | Cache-read: 0 | Cache-create: 0 | Output: 0 | Cost: $0 | Duration: 517ms | Turns: 1
[2026-04-04T05:26:16Z] Iter 830 | Total-in: 0 | Non-cached: 0 | Cache-read: 0 | Cache-create: 0 | Output: 0 | Cost: $0 | Duration: 741ms | Turns: 1
[2026-04-04T05:26:20Z] Iter 831 | Total-in: 0 | Non-cached: 0 | Cache-read: 0 | Cache-create: 0 | Output: 0 | Cost: $0 | Duration: 407ms | Turns: 1
[] Iter 823 | No token data (result file empty or parse failed)
[2026-04-04T05:26:27Z] Iter 829 | Total-in: 0 | Non-cached: 0 | Cache-read: 0 | Cache-create: 0 | Output: 0 | Cost: $0 | Duration: 430ms | Turns: 1
[2026-04-04T05:26:31Z] Iter 831 | Total-in: 0 | Non-cached: 0 | Cache-read: 0 | Cache-create: 0 | Output: 0 | Cost: $0 | Duration: 524ms | Turns: 1
[2026-04-04T05:26:35Z] Iter 832 | Total-in: 0 | Non-cached:  | Cache-read:  | Cache-create:  | Output:  | Cost: $ | Duration: ms | Turns: 
[] Iter 824 | No token data (result file empty or parse failed)
[] Iter 830 | No token data (result file empty or parse failed)
[2026-04-04T05:26:48Z] Iter 832 | Total-in: 0 | Non-cached: 0 | Cache-read: 0 | Cache-create: 0 | Output: 0 | Cost: $0 | Duration: 642ms | Turns: 1
[2026-04-04T05:26:51Z] Iter 833 | Total-in: 0 | Non-cached: 0 | Cache-read: 0 | Cache-create: 0 | Output: 0 | Cost: $0 | Duration: 473ms | Turns: 1
[2026-04-04T05:26:54Z] Iter 825 | Total-in: 0 | Non-cached: 0 | Cache-read: 0 | Cache-create: 0 | Output: 0 | Cost: $0 | Duration: 454ms | Turns: 1
[2026-04-04T05:26:58Z] Iter 831 | Total-in: 0 | Non-cached: 0 | Cache-read: 0 | Cache-create: 0 | Output: 0 | Cost: $0 | Duration: 429ms | Turns: 1
[2026-04-04T05:27:03Z] Iter 833 | Total-in: 0 | Non-cached: 0 | Cache-read: 0 | Cache-create: 0 | Output: 0 | Cost: $0 | Duration: 473ms | Turns: 1
[2026-04-04T05:27:07Z] Iter 834 | Total-in: 0 | Non-cached: 0 | Cache-read: 0 | Cache-create: 0 | Output: 0 | Cost: $0 | Duration: 473ms | Turns: 1
[2026-04-04T05:27:10Z] Iter 826 | Total-in: 0 | Non-cached: 0 | Cache-read: 0 | Cache-create: 0 | Output: 0 | Cost: $0 | Duration: 473ms | Turns: 1
[2026-04-04T05:27:14Z] Iter 832 | Total-in: 0 | Non-cached: 0 | Cache-read: 0 | Cache-create: 0 | Output: 0 | Cost: $0 | Duration: 516ms | Turns: 1
[2026-04-04T05:27:20Z] Iter 834 | Total-in: 0 | Non-cached: 0 | Cache-read: 0 | Cache-create: 0 | Output: 0 | Cost: $0 | Duration: 506ms | Turns: 1
[2026-04-04T05:27:22Z] Iter 835 | Total-in: 0 | Non-cached: 0 | Cache-read: 0 | Cache-create: 0 | Output: 0 | Cost: $0 | Duration: 638ms | Turns: 1
[2026-04-04T05:27:26Z] Iter 827 | Total-in: 0 | Non-cached: 0 | Cache-read: 0 | Cache-create: 0 | Output: 0 | Cost: $0 | Duration: 455ms | Turns: 1
[2026-04-04T05:27:30Z] Iter 833 | Total-in: 0 | Non-cached: 0 | Cache-read: 0 | Cache-create: 0 | Output: 0 | Cost: $0 | Duration: 488ms | Turns: 1
[2026-04-04T05:27:37Z] Iter 835 | Total-in: 0 | Non-cached: 0 | Cache-read: 0 | Cache-create: 0 | Output: 0 | Cost: $0 | Duration: 603ms | Turns: 1
[2026-04-04T05:27:39Z] Iter 836 | Total-in: 0 | Non-cached: 0 | Cache-read: 0 | Cache-create: 0 | Output: 0 | Cost: $0 | Duration: 528ms | Turns: 1
[2026-04-04T05:27:42Z] Iter 828 | Total-in: 0 | Non-cached: 0 | Cache-read: 0 | Cache-create: 0 | Output: 0 | Cost: $0 | Duration: 618ms | Turns: 1
[2026-04-04T05:27:46Z] Iter 834 | Total-in: 0 | Non-cached: 0 | Cache-read: 0 | Cache-create: 0 | Output: 0 | Cost: $0 | Duration: 546ms | Turns: 1
[] Iter 836 | No token data (result file empty or parse failed)
[2026-04-04T05:27:57Z] Iter 837 | Total-in: 0 | Non-cached: 0 | Cache-read: 0 | Cache-create: 0 | Output: 0 | Cost: $0 | Duration: 585ms | Turns: 1
[2026-04-04T05:28:00Z] Iter 829 | Total-in: 0 | Non-cached: 0 | Cache-read: 0 | Cache-create: 0 | Output: 0 | Cost: $0 | Duration: 599ms | Turns: 1
[2026-04-04T05:28:03Z] Iter 835 | Total-in: 0 | Non-cached: 0 | Cache-read: 0 | Cache-create: 0 | Output: 0 | Cost: $0 | Duration: 503ms | Turns: 1
[2026-04-04T05:28:10Z] Iter 837 | Total-in: 0 | Non-cached: 0 | Cache-read: 0 | Cache-create: 0 | Output: 0 | Cost: $0 | Duration: 574ms | Turns: 1
[2026-04-04T05:28:14Z] Iter 838 | Total-in: 0 | Non-cached: 0 | Cache-read: 0 | Cache-create: 0 | Output: 0 | Cost: $0 | Duration: 612ms | Turns: 1
[2026-04-04T05:28:18Z] Iter 830 | Total-in: 0 | Non-cached: 0 | Cache-read: 0 | Cache-create: 0 | Output: 0 | Cost: $0 | Duration: 1540ms | Turns: 1
[2026-04-04T05:28:21Z] Iter 836 | Total-in: 0 | Non-cached: 0 | Cache-read: 0 | Cache-create: 0 | Output: 0 | Cost: $0 | Duration: 902ms | Turns: 1
[2026-04-04T05:28:28Z] Iter 838 | Total-in: 0 | Non-cached: 0 | Cache-read: 0 | Cache-create: 0 | Output: 0 | Cost: $0 | Duration: 498ms | Turns: 1
[2026-04-04T05:28:31Z] Iter 839 | Total-in: 0 | Non-cached: 0 | Cache-read: 0 | Cache-create: 0 | Output: 0 | Cost: $0 | Duration: 546ms | Turns: 1
[2026-04-04T05:28:35Z] Iter 831 | Total-in: 0 | Non-cached: 0 | Cache-read: 0 | Cache-create: 0 | Output: 0 | Cost: $0 | Duration: 552ms | Turns: 1
[2026-04-04T05:28:38Z] Iter 837 | Total-in: 0 | Non-cached: 0 | Cache-read: 0 | Cache-create: 0 | Output: 0 | Cost: $0 | Duration: 488ms | Turns: 1
[] Iter 839 | No token data (result file empty or parse failed)
[2026-04-04T05:28:45Z] Iter 840 | Total-in: 0 | Non-cached: 0 | Cache-read: 0 | Cache-create: 0 | Output: 0 | Cost: $0 | Duration: 403ms | Turns: 1
[2026-04-04T05:28:49Z] Iter 832 | Total-in: 0 | Non-cached: 0 | Cache-read:  | Cache-create:  | Output: 0 | Cost: $ | Duration: ms | Turns: 
[2026-04-04T05:28:52Z] Iter 838 | Total-in: 0 | Non-cached: 0 | Cache-read: 0 | Cache-create: 0 | Output: 0 | Cost: $0 | Duration: 406ms | Turns: 1
[2026-04-04T05:28:57Z] Iter 840 | Total-in: 0 | Non-cached: 0 | Cache-read: 0 | Cache-create: 0 | Output: 0 | Cost: $0 | Duration: 630ms | Turns: 1
[2026-04-04T05:28:59Z] Iter 841 | Total-in: 0 | Non-cached: 0 | Cache-read: 0 | Cache-create: 0 | Output: 0 | Cost: $0 | Duration: 430ms | Turns: 1
[2026-04-04T05:29:03Z] Iter 833 | Total-in: 0 | Non-cached: 0 | Cache-read: 0 | Cache-create: 0 | Output: 0 | Cost: $0 | Duration: 524ms | Turns: 1
[2026-04-04T05:29:06Z] Iter 839 | Total-in: 0 | Non-cached: 0 | Cache-read: 0 | Cache-create: 0 | Output: 0 | Cost: $0 | Duration: 494ms | Turns: 1
[2026-04-04T05:29:11Z] Iter 841 | Total-in: 0 | Non-cached: 0 | Cache-read: 0 | Cache-create: 0 | Output: 0 | Cost: $0 | Duration: ms | Turns: 
[2026-04-04T05:29:14Z] Iter 842 | Total-in: 0 | Non-cached: 0 | Cache-read:  | Cache-create:  | Output:  | Cost: $ | Duration: ms | Turns: 
[2026-04-04T05:29:18Z] Iter 834 | Total-in: 0 | Non-cached: 0 | Cache-read: 0 | Cache-create: 0 | Output: 0 | Cost: $0 | Duration: 436ms | Turns: 1
[2026-04-04T05:29:20Z] Iter 840 | Total-in: 0 | Non-cached: 0 | Cache-read: 0 | Cache-create: 0 | Output: 0 | Cost: $0 | Duration: 393ms | Turns: 1
[2026-04-04T05:29:25Z] Iter 842 | Total-in: 0 | Non-cached: 0 | Cache-read: 0 | Cache-create: 0 | Output: 0 | Cost: $0 | Duration: 430ms | Turns: 1
[] Iter 843 | No token data (result file empty or parse failed)
[2026-04-04T05:29:32Z] Iter 835 | Total-in: 0 | Non-cached: 0 | Cache-read: 0 | Cache-create: 0 | Output: 0 | Cost: $0 | Duration: 429ms | Turns: 1
[2026-04-04T05:29:35Z] Iter 841 | Total-in: 0 | Non-cached: 0 | Cache-read: 0 | Cache-create: 0 | Output: 0 | Cost: $0 | Duration: 418ms | Turns: 1
[2026-04-04T05:29:39Z] Iter 843 | Total-in: 0 | Non-cached: 0 | Cache-read: 0 | Cache-create: 0 | Output: 0 | Cost: $0 | Duration: 504ms | Turns: 1
[2026-04-04T05:29:42Z] Iter 844 | Total-in: 0 | Non-cached: 0 | Cache-read: 0 | Cache-create: 0 | Output: 0 | Cost: $0 | Duration: 505ms | Turns: 1
[2026-04-04T05:29:46Z] Iter 836 | Total-in: 0 | Non-cached: 0 | Cache-read: 0 | Cache-create: 0 | Output: 0 | Cost: $0 | Duration: 419ms | Turns: 1
[2026-04-04T05:29:49Z] Iter 842 | Total-in: 0 | Non-cached: 0 | Cache-read: 0 | Cache-create: 0 | Output: 0 | Cost: $0 | Duration: 468ms | Turns: 1
[2026-04-04T05:29:53Z] Iter 844 | Total-in: 0 | Non-cached: 0 | Cache-read: 0 | Cache-create: 0 | Output: 0 | Cost: $0 | Duration: 496ms | Turns: 1
[2026-04-04T05:29:58Z] Iter 845 | Total-in: 0 | Non-cached: 0 | Cache-read: 0 | Cache-create: 0 | Output: 0 | Cost: $0 | Duration: 1475ms | Turns: 1
[2026-04-04T05:30:00Z] Iter 837 | Total-in: 0 | Non-cached: 0 | Cache-read: 0 | Cache-create: 0 | Output: 0 | Cost: $0 | Duration: 418ms | Turns: 1
[2026-04-04T05:30:04Z] Iter 843 | Total-in: 0 | Non-cached: 0 | Cache-read: 0 | Cache-create: 0 | Output: 0 | Cost: $0 | Duration: 527ms | Turns: 1
[] Iter 845 | No token data (result file empty or parse failed)
[2026-04-04T05:30:13Z] Iter 846 | Total-in: 0 | Non-cached: 0 | Cache-read: 0 | Cache-create: 0 | Output: 0 | Cost: $0 | Duration: 631ms | Turns: 1
[2026-04-04T05:30:15Z] Iter 838 | Total-in: 0 | Non-cached: 0 | Cache-read: 0 | Cache-create: 0 | Output: 0 | Cost: $0 | Duration: 431ms | Turns: 1
[2026-04-04T05:30:18Z] Iter 844 | Total-in: 0 | Non-cached: 0 | Cache-read: 0 | Cache-create: 0 | Output: 0 | Cost: $0 | Duration: 420ms | Turns: 1
[2026-04-04T05:30:22Z] Iter 846 | Total-in: 0 | Non-cached: 0 | Cache-read: 0 | Cache-create: 0 | Output: 0 | Cost: $0 | Duration: 434ms | Turns: 1
[2026-04-04T05:30:28Z] Iter 847 | Total-in: 0 | Non-cached: 0 | Cache-read: 0 | Cache-create: 0 | Output: 0 | Cost: $0 | Duration: 666ms | Turns: 1
[2026-04-04T05:30:30Z] Iter 839 | Total-in: 0 | Non-cached: 0 | Cache-read: 0 | Cache-create: 0 | Output: 0 | Cost: $0 | Duration: 460ms | Turns: 
[2026-04-04T05:30:33Z] Iter 845 | Total-in: 0 | Non-cached: 0 | Cache-read: 0 | Cache-create: 0 | Output: 0 | Cost: $0 | Duration: 455ms | Turns: 1
[] Iter 847 | No token data (result file empty or parse failed)
[2026-04-04T05:30:43Z] Iter 848 | Total-in: 0 | Non-cached: 0 | Cache-read:  | Cache-create:  | Output: 0 | Cost: $ | Duration: ms | Turns: 
[2026-04-04T05:30:46Z] Iter 840 | Total-in: 0 | Non-cached: 0 | Cache-read: 0 | Cache-create: 0 | Output: 0 | Cost: $0 | Duration: 741ms | Turns: 1
[2026-04-04T05:30:49Z] Iter 846 | Total-in: 0 | Non-cached: 0 | Cache-read: 0 | Cache-create: 0 | Output: 0 | Cost: $0 | Duration: 560ms | Turns: 1
[2026-04-04T05:30:51Z] Iter 848 | Total-in: 0 | Non-cached: 0 | Cache-read: 0 | Cache-create: 0 | Output: 0 | Cost: $ | Duration: ms | Turns: 
[2026-04-04T05:30:59Z] Iter 849 | Total-in: 0 | Non-cached: 0 | Cache-read: 0 | Cache-create: 0 | Output: 0 | Cost: $0 | Duration: 445ms | Turns: 
[2026-04-04T05:31:02Z] Iter 841 | Total-in: 0 | Non-cached: 0 | Cache-read: 0 | Cache-create: 0 | Output: 0 | Cost: $0 | Duration: 544ms | Turns: 1
[2026-04-04T05:31:05Z] Iter 847 | Total-in: 0 | Non-cached: 0 | Cache-read: 0 | Cache-create: 0 | Output: 0 | Cost: $0 | Duration: 532ms | Turns: 1
[] Iter 849 | No token data (result file empty or parse failed)
[] Iter 850 | No token data (result file empty or parse failed)
[2026-04-04T05:31:18Z] Iter 842 | Total-in: 0 | Non-cached: 0 | Cache-read: 0 | Cache-create: 0 | Output: 0 | Cost: $0 | Duration: 487ms | Turns: 1
[2026-04-04T05:31:21Z] Iter 848 | Total-in: 0 | Non-cached: 0 | Cache-read: 0 | Cache-create: 0 | Output: 0 | Cost: $0 | Duration: 503ms | Turns: 1
[] Iter 850 | No token data (result file empty or parse failed)
[] Iter 851 | No token data (result file empty or parse failed)
[2026-04-04T05:31:33Z] Iter 843 | Total-in: 0 | Non-cached: 0 | Cache-read: 0 | Cache-create: 0 | Output: 0 | Cost: $0 | Duration: 587ms | Turns: 1
[2026-04-04T05:31:37Z] Iter 849 | Total-in: 0 | Non-cached: 0 | Cache-read: 0 | Cache-create: 0 | Output: 0 | Cost: $0 | Duration: 610ms | Turns: 1
[2026-04-04T05:31:38Z] Iter 851 | Total-in: 0 | Non-cached: 0 | Cache-read: 0 | Cache-create: 0 | Output: 0 | Cost: $0 | Duration: 520ms | Turns: 1
[2026-04-04T05:31:44Z] Iter 852 | Total-in: 0 | Non-cached: 0 | Cache-read: 0 | Cache-create: 0 | Output: 0 | Cost: $0 | Duration: 541ms | Turns: 1
[2026-04-04T05:31:50Z] Iter 844 | Total-in: 0 | Non-cached: 0 | Cache-read: 0 | Cache-create: 0 | Output: 0 | Cost: $0 | Duration: 478ms | Turns: 1
[2026-04-04T05:31:54Z] Iter 850 | Total-in: 0 | Non-cached: 0 | Cache-read: 0 | Cache-create: 0 | Output: 0 | Cost: $0 | Duration: 555ms | Turns: 1
[2026-04-04T05:31:54Z] Iter 852 | Total-in: 0 | Non-cached: 0 | Cache-read: 0 | Cache-create: 0 | Output: 0 | Cost: $0 | Duration: 555ms | Turns: 1
[2026-04-04T05:32:01Z] Iter 853 | Total-in: 0 | Non-cached: 0 | Cache-read: 0 | Cache-create: 0 | Output: 0 | Cost: $0 | Duration: 448ms | Turns: 1
[2026-04-04T05:32:06Z] Iter 845 | Total-in: 0 | Non-cached: 0 | Cache-read: 0 | Cache-create: 0 | Output: 0 | Cost: $0 | Duration: 476ms | Turns: 1
[2026-04-04T05:32:11Z] Iter 851 | Total-in: 0 | Non-cached: 0 | Cache-read: 0 | Cache-create: 0 | Output: 0 | Cost: $0 | Duration: 451ms | Turns: 1
[2026-04-04T05:32:12Z] Iter 853 | Total-in: 0 | Non-cached: 0 | Cache-read: 0 | Cache-create: 0 | Output: 0 | Cost: $0 | Duration: 1543ms | Turns: 1
[2026-04-04T05:32:16Z] Iter 854 | Total-in: 0 | Non-cached: 0 | Cache-read: 0 | Cache-create: 0 | Output: 0 | Cost: $0 | Duration: 464ms | Turns: 1
[2026-04-04T05:32:22Z] Iter 846 | Total-in: 0 | Non-cached: 0 | Cache-read: 0 | Cache-create: 0 | Output: 0 | Cost: $0 | Duration: 556ms | Turns: 1
[2026-04-04T05:32:28Z] Iter 852 | Total-in: 0 | Non-cached: 0 | Cache-read: 0 | Cache-create: 0 | Output: 0 | Cost: $0 | Duration: 506ms | Turns: 1
[2026-04-04T05:32:28Z] Iter 854 | Total-in: 0 | Non-cached: 0 | Cache-read: 0 | Cache-create: 0 | Output: 0 | Cost: $0 | Duration: 506ms | Turns: 1
[2026-04-04T05:32:33Z] Iter 855 | Total-in: 0 | Non-cached: 0 | Cache-read: 0 | Cache-create: 0 | Output: 0 | Cost: $0 | Duration: 477ms | Turns: 1
[2026-04-04T05:32:39Z] Iter 847 | Total-in: 0 | Non-cached: 0 | Cache-read: 0 | Cache-create: 0 | Output: 0 | Cost: $0 | Duration: 544ms | Turns: 1
[2026-04-04T05:32:44Z] Iter 853 | Total-in: 0 | Non-cached: 0 | Cache-read: 0 | Cache-create: 0 | Output: 0 | Cost: $0 | Duration: 561ms | Turns: 1
[2026-04-04T05:32:45Z] Iter 855 | Total-in: 0 | Non-cached: 0 | Cache-read: 0 | Cache-create: 0 | Output: 0 | Cost: $0 | Duration: 561ms | Turns: 1
[2026-04-04T05:32:49Z] Iter 856 | Total-in: 0 | Non-cached: 0 | Cache-read: 0 | Cache-create: 0 | Output: 0 | Cost: $0 | Duration: 422ms | Turns: 1
[2026-04-04T05:32:55Z] Iter 848 | Total-in: 0 | Non-cached: 0 | Cache-read: 0 | Cache-create: 0 | Output: 0 | Cost: $0 | Duration: 482ms | Turns: 1
[2026-04-04T05:33:02Z] Iter 856 | Total-in: 0 | Non-cached: 0 | Cache-read: 0 | Cache-create: 0 | Output: 0 | Cost: $0 | Duration: 1705ms | Turns: 1
[2026-04-04T05:33:02Z] Iter 854 | Total-in: 0 | Non-cached: 0 | Cache-read: 0 | Cache-create: 0 | Output: 0 | Cost: $0 | Duration: 1705ms | Turns: 1
[2026-04-04T05:33:06Z] Iter 857 | Total-in: 0 | Non-cached: 0 | Cache-read: 0 | Cache-create: 0 | Output: 0 | Cost: $0 | Duration: 1743ms | Turns: 1
[2026-04-04T05:33:12Z] Iter 849 | Total-in: 0 | Non-cached: 0 | Cache-read: 0 | Cache-create: 0 | Output: 0 | Cost: $0 | Duration: 1700ms | Turns: 1
[2026-04-04T05:33:17Z] Iter 855 | Total-in: 0 | Non-cached: 0 | Cache-read: 0 | Cache-create: 0 | Output: 0 | Cost: $0 | Duration: 450ms | Turns: 1
[2026-04-04T05:33:17Z] Iter 857 | Total-in: 0 | Non-cached: 0 | Cache-read: 0 | Cache-create: 0 | Output: 0 | Cost: $0 | Duration: 450ms | Turns: 1
[2026-04-04T05:33:21Z] Iter 858 | Total-in: 0 | Non-cached: 0 | Cache-read: 0 | Cache-create: 0 | Output: 0 | Cost: $0 | Duration: 398ms | Turns: 1
[2026-04-04T05:33:27Z] Iter 850 | Total-in: 0 | Non-cached: 0 | Cache-read: 0 | Cache-create: 0 | Output: 0 | Cost: $0 | Duration: 512ms | Turns: 1
[2026-04-04T05:33:31Z] Iter 856 | Total-in: 0 | Non-cached: 0 | Cache-read: 0 | Cache-create: 0 | Output: 0 | Cost: $0 | Duration: 486ms | Turns: 1
[2026-04-04T05:33:32Z] Iter 858 | Total-in: 0 | Non-cached: 0 | Cache-read: 0 | Cache-create: 0 | Output: 0 | Cost: $0 | Duration: 464ms | Turns: 1
[] Iter 859 | No token data (result file empty or parse failed)
[2026-04-04T05:33:41Z] Iter 851 | Total-in: 0 | Non-cached: 0 | Cache-read: 0 | Cache-create: 0 | Output: 0 | Cost: $0 | Duration: 805ms | Turns: 1
[2026-04-04T05:33:46Z] Iter 857 | Total-in: 0 | Non-cached: 0 | Cache-read: 0 | Cache-create: 0 | Output: 0 | Cost: $0 | Duration: 418ms | Turns: 1
[2026-04-04T05:33:47Z] Iter 859 | Total-in: 0 | Non-cached: 0 | Cache-read: 0 | Cache-create: 0 | Output: 0 | Cost: $0 | Duration: 424ms | Turns: 1
[] Iter 860 | No token data (result file empty or parse failed)
[2026-04-04T05:33:55Z] Iter 852 | Total-in: 0 | Non-cached:  | Cache-read:  | Cache-create:  | Output:  | Cost: $ | Duration: ms | Turns: 
[2026-04-04T05:34:00Z] Iter 858 | Total-in: 0 | Non-cached: 0 | Cache-read: 0 | Cache-create: 0 | Output: 0 | Cost: $0 | Duration: 466ms | Turns: 1
[2026-04-04T05:34:03Z] Iter 860 | Total-in: 0 | Non-cached: 0 | Cache-read: 0 | Cache-create: 0 | Output: 0 | Cost: $0 | Duration: 427ms | Turns: 1
[2026-04-04T05:34:03Z] Iter 861 | Total-in: 0 | Non-cached: 0 | Cache-read: 0 | Cache-create: 0 | Output: 0 | Cost: $0 | Duration: 427ms | Turns: 1
[2026-04-04T05:34:09Z] Iter 853 | Total-in: 0 | Non-cached: 0 | Cache-read: 0 | Cache-create: 0 | Output: 0 | Cost: $0 | Duration: 527ms | Turns: 1
[2026-04-04T05:34:15Z] Iter 859 | Total-in: 0 | Non-cached: 0 | Cache-read: 0 | Cache-create: 0 | Output: 0 | Cost: $0 | Duration: 433ms | Turns: 1
[] Iter 861 | No token data (result file empty or parse failed)
[2026-04-04T05:34:19Z] Iter 862 | Total-in: 0 | Non-cached: 0 | Cache-read: 0 | Cache-create: 0 | Output: 0 | Cost: $0 | Duration: 1439ms | Turns: 1
[2026-04-04T05:34:23Z] Iter 854 | Total-in: 0 | Non-cached: 0 | Cache-read: 0 | Cache-create: 0 | Output: 0 | Cost: $0 | Duration: 395ms | Turns: 1
[2026-04-04T05:34:29Z] Iter 860 | Total-in: 0 | Non-cached: 0 | Cache-read: 0 | Cache-create: 0 | Output: 0 | Cost: $0 | Duration: 446ms | Turns: 1
[] Iter 862 | No token data (result file empty or parse failed)
[2026-04-04T05:34:34Z] Iter 863 | Total-in: 0 | Non-cached: 0 | Cache-read: 0 | Cache-create: 0 | Output: 0 | Cost: $0 | Duration: 484ms | Turns: 1
[2026-04-04T05:34:37Z] Iter 855 | Total-in: 0 | Non-cached: 0 | Cache-read: 0 | Cache-create: 0 | Output: 0 | Cost: $0 | Duration: 433ms | Turns: 1
[2026-04-04T05:34:43Z] Iter 861 | Total-in: 0 | Non-cached: 0 | Cache-read: 0 | Cache-create: 0 | Output: 0 | Cost: $0 | Duration: 490ms | Turns: 1
[] Iter 863 | No token data (result file empty or parse failed)
[2026-04-04T05:34:49Z] Iter 864 | Total-in: 0 | Non-cached: 0 | Cache-read: 0 | Cache-create: 0 | Output: 0 | Cost: $0 | Duration: 497ms | Turns: 1
[] Iter 856 | No token data (result file empty or parse failed)
[2026-04-04T05:34:58Z] Iter 862 | Total-in: 0 | Non-cached: 0 | Cache-read: 0 | Cache-create: 0 | Output: 0 | Cost: $0 | Duration: 541ms | Turns: 1
[2026-04-04T05:35:01Z] Iter 864 | Total-in: 0 | Non-cached: 0 | Cache-read: 0 | Cache-create: 0 | Output: 0 | Cost: $0 | Duration: 503ms | Turns: 1
[2026-04-04T05:35:04Z] Iter 865 | Total-in: 0 | Non-cached: 0 | Cache-read: 0 | Cache-create: 0 | Output: 0 | Cost: $0 | Duration: 521ms | Turns: 1
[2026-04-04T05:35:07Z] Iter 857 | Total-in: 0 | Non-cached: 0 | Cache-read: 0 | Cache-create: 0 | Output: 0 | Cost: $0 | Duration: 430ms | Turns: 1
[2026-04-04T05:35:13Z] Iter 863 | Total-in: 0 | Non-cached: 0 | Cache-read: 0 | Cache-create: 0 | Output: 0 | Cost: $0 | Duration: 501ms | Turns: 1
[2026-04-04T05:35:16Z] Iter 865 | Total-in: 0 | Non-cached: 0 | Cache-read: 0 | Cache-create: 0 | Output: 0 | Cost: $0 | Duration: 432ms | Turns: 1
[2026-04-04T05:35:19Z] Iter 866 | Total-in: 0 | Non-cached: 0 | Cache-read: 0 | Cache-create: 0 | Output: 0 | Cost: $0 | Duration: 444ms | Turns: 1
[2026-04-04T05:35:23Z] Iter 858 | Total-in: 0 | Non-cached: 0 | Cache-read: 0 | Cache-create: 0 | Output: 0 | Cost: $0 | Duration: 679ms | Turns: 1
[2026-04-04T05:35:28Z] Iter 864 | Total-in: 0 | Non-cached: 0 | Cache-read: 0 | Cache-create: 0 | Output: 0 | Cost: $0 | Duration: 429ms | Turns: 1
[2026-04-04T05:35:33Z] Iter 866 | Total-in: 0 | Non-cached: 0 | Cache-read: 0 | Cache-create: 0 | Output: 0 | Cost: $0 | Duration: 424ms | Turns: 1
[2026-04-04T05:35:34Z] Iter 867 | Total-in: 0 | Non-cached: 0 | Cache-read: 0 | Cache-create: 0 | Output: 0 | Cost: $0 | Duration: 555ms | Turns: 1
[2026-04-04T05:35:38Z] Iter 859 | Total-in: 0 | Non-cached: 0 | Cache-read: 0 | Cache-create: 0 | Output: 0 | Cost: $0 | Duration: 467ms | Turns: 1
[2026-04-04T05:35:44Z] Iter 865 | Total-in: 0 | Non-cached: 0 | Cache-read: 0 | Cache-create: 0 | Output: 0 | Cost: $0 | Duration: 789ms | Turns: 1
[2026-04-04T05:35:49Z] Iter 867 | Total-in: 0 | Non-cached: 0 | Cache-read: 0 | Cache-create: 0 | Output: 0 | Cost: $0 | Duration: 565ms | Turns: 1
[2026-04-04T05:35:51Z] Iter 868 | Total-in: 0 | Non-cached: 0 | Cache-read: 0 | Cache-create: 0 | Output: 0 | Cost: $0 | Duration: 543ms | Turns: 1
[2026-04-04T05:35:55Z] Iter 860 | Total-in: 0 | Non-cached: 0 | Cache-read: 0 | Cache-create: 0 | Output: 0 | Cost: $0 | Duration: 525ms | Turns: 1
[] Iter 866 | No token data (result file empty or parse failed)
[2026-04-04T05:36:05Z] Iter 868 | Total-in: 0 | Non-cached: 0 | Cache-read: 0 | Cache-create: 0 | Output: 0 | Cost: $0 | Duration: 468ms | Turns: 1
[] Iter 869 | No token data (result file empty or parse failed)
[2026-04-04T05:36:11Z] Iter 861 | Total-in: 0 | Non-cached: 0 | Cache-read: 0 | Cache-create: 0 | Output: 0 | Cost: $0 | Duration: 452ms | Turns: 1
[] Iter 867 | No token data (result file empty or parse failed)
[2026-04-04T05:36:22Z] Iter 869 | Total-in: 0 | Non-cached: 0 | Cache-read: 0 | Cache-create: 0 | Output: 0 | Cost: $0 | Duration: 480ms | Turns: 1
[2026-04-04T05:36:23Z] Iter 870 | Total-in: 0 | Non-cached: 0 | Cache-read: 0 | Cache-create: 0 | Output: 0 | Cost: $0 | Duration: 480ms | Turns: 1
[2026-04-04T05:36:27Z] Iter 862 | Total-in: 0 | Non-cached: 0 | Cache-read: 0 | Cache-create: 0 | Output: 0 | Cost: $0 | Duration: 546ms | Turns: 1
[2026-04-04T05:36:30Z] Iter 868 | Total-in: 0 | Non-cached: 0 | Cache-read: 0 | Cache-create: 0 | Output: 0 | Cost: $0 | Duration: 467ms | Turns: 1
[2026-04-04T05:36:38Z] Iter 870 | Total-in: 0 | Non-cached: 0 | Cache-read: 0 | Cache-create: 0 | Output: 0 | Cost: $0 | Duration: 571ms | Turns: 1
[2026-04-04T05:36:39Z] Iter 871 | Total-in: 0 | Non-cached: 0 | Cache-read: 0 | Cache-create: 0 | Output: 0 | Cost: $0 | Duration: 571ms | Turns: 1
[2026-04-04T05:36:44Z] Iter 863 | Total-in: 0 | Non-cached: 0 | Cache-read: 0 | Cache-create: 0 | Output: 0 | Cost: $0 | Duration: 439ms | Turns: 1
[2026-04-04T05:36:46Z] Iter 869 | Total-in: 0 | Non-cached: 0 | Cache-read: 0 | Cache-create: 0 | Output: 0 | Cost: $0 | Duration: 604ms | Turns: 1
[2026-04-04T05:36:56Z] Iter 871 | Total-in: 0 | Non-cached: 0 | Cache-read: 0 | Cache-create: 0 | Output: 0 | Cost: $0 | Duration: 498ms | Turns: 1
[2026-04-04T05:36:56Z] Iter 872 | Total-in: 0 | Non-cached: 0 | Cache-read: 0 | Cache-create: 0 | Output: 0 | Cost: $0 | Duration: 498ms | Turns: 1
[2026-04-04T05:37:00Z] Iter 864 | Total-in: 0 | Non-cached: 0 | Cache-read: 0 | Cache-create: 0 | Output: 0 | Cost: $0 | Duration: 476ms | Turns: 1
[2026-04-04T05:37:02Z] Iter 870 | Total-in: 0 | Non-cached: 0 | Cache-read: 0 | Cache-create: 0 | Output: 0 | Cost: $0 | Duration: 549ms | Turns: 1
[2026-04-04T05:37:12Z] Iter 872 | Total-in: 0 | Non-cached: 0 | Cache-read: 0 | Cache-create: 0 | Output: 0 | Cost: $0 | Duration: 532ms | Turns: 1
[2026-04-04T05:37:12Z] Iter 873 | Total-in: 0 | Non-cached: 0 | Cache-read: 0 | Cache-create: 0 | Output: 0 | Cost: $0 | Duration: 532ms | Turns: 1
[2026-04-04T05:37:17Z] Iter 865 | Total-in: 0 | Non-cached: 0 | Cache-read: 0 | Cache-create: 0 | Output: 0 | Cost: $0 | Duration: 547ms | Turns: 1
[] Iter 871 | No token data (result file empty or parse failed)
[2026-04-04T05:37:29Z] Iter 873 | Total-in: 0 | Non-cached: 0 | Cache-read: 0 | Cache-create: 0 | Output: 0 | Cost: $0 | Duration: 464ms | Turns: 1
[2026-04-04T05:37:29Z] Iter 874 | Total-in: 0 | Non-cached: 0 | Cache-read: 0 | Cache-create: 0 | Output: 0 | Cost: $0 | Duration: 464ms | Turns: 1
[2026-04-04T05:37:34Z] Iter 866 | Total-in: 0 | Non-cached: 0 | Cache-read: 0 | Cache-create: 0 | Output: 0 | Cost: $0 | Duration: 487ms | Turns: 1
[2026-04-04T05:37:35Z] Iter 872 | Total-in: 0 | Non-cached: 0 | Cache-read: 0 | Cache-create: 0 | Output: 0 | Cost: $0 | Duration: 487ms | Turns: 1
[2026-04-04T05:37:43Z] Iter 875 | Total-in: 0 | Non-cached: 0 | Cache-read: 0 | Cache-create: 0 | Output: 0 | Cost: $0 | Duration: 533ms | Turns: 1
[2026-04-04T05:37:44Z] Iter 874 | Total-in: 0 | Non-cached: 0 | Cache-read: 0 | Cache-create: 0 | Output: 0 | Cost: $0 | Duration: 533ms | Turns: 1
[2026-04-04T05:37:48Z] Iter 867 | Total-in: 0 | Non-cached: 0 | Cache-read: 0 | Cache-create: 0 | Output: 0 | Cost: $0 | Duration: 421ms | Turns: 1
[2026-04-04T05:37:50Z] Iter 873 | Total-in: 0 | Non-cached: 0 | Cache-read: 0 | Cache-create: 0 | Output: 0 | Cost: $0 | Duration: 1562ms | Turns: 1
[2026-04-04T05:37:59Z] Iter 876 | Total-in: 0 | Non-cached: 0 | Cache-read: 0 | Cache-create: 0 | Output: 0 | Cost: $0 | Duration: 531ms | Turns: 1
[2026-04-04T05:37:59Z] Iter 875 | Total-in: 0 | Non-cached: 0 | Cache-read: 0 | Cache-create: 0 | Output: 0 | Cost: $0 | Duration: 531ms | Turns: 1
[2026-04-04T05:38:03Z] Iter 868 | Total-in: 0 | Non-cached: 0 | Cache-read: 0 | Cache-create: 0 | Output: 0 | Cost: $0 | Duration: 410ms | Turns: 1
[2026-04-04T05:38:04Z] Iter 874 | Total-in: 0 | Non-cached: 0 | Cache-read: 0 | Cache-create: 0 | Output: 0 | Cost: $0 | Duration: 401ms | Turns: 1
[] Iter 877 | No token data (result file empty or parse failed)
[2026-04-04T05:38:14Z] Iter 876 | Total-in: 0 | Non-cached: 0 | Cache-read: 0 | Cache-create: 0 | Output: 0 | Cost: $0 | Duration: 520ms | Turns: 1
[2026-04-04T05:38:19Z] Iter 869 | Total-in: 0 | Non-cached: 0 | Cache-read: 0 | Cache-create: 0 | Output: 0 | Cost: $0 | Duration: 552ms | Turns: 1
[2026-04-04T05:38:20Z] Iter 875 | Total-in: 0 | Non-cached: 0 | Cache-read:  | Cache-create:  | Output: 0 | Cost: $ | Duration: ms | Turns: 
[] Iter 878 | No token data (result file empty or parse failed)
[2026-04-04T05:38:29Z] Iter 877 | Total-in: 0 | Non-cached: 0 | Cache-read: 0 | Cache-create: 0 | Output: 0 | Cost: $0 | Duration: 395ms | Turns: 1
[2026-04-04T05:38:33Z] Iter 870 | Total-in: 0 | Non-cached: 0 | Cache-read: 0 | Cache-create: 0 | Output: 0 | Cost: $0 | Duration: 481ms | Turns: 1
[] Iter 876 | No token data (result file empty or parse failed)
[2026-04-04T05:38:40Z] Iter 879 | Total-in: 0 | Non-cached: 0 | Cache-read: 0 | Cache-create: 0 | Output: 0 | Cost: $0 | Duration: 477ms | Turns: 1
[2026-04-04T05:38:44Z] Iter 878 | Total-in: 0 | Non-cached: 0 | Cache-read: 0 | Cache-create: 0 | Output: 0 | Cost: $0 | Duration: 1078ms | Turns: 1
[2026-04-04T05:38:48Z] Iter 871 | Total-in: 0 | Non-cached: 0 | Cache-read: 0 | Cache-create: 0 | Output: 0 | Cost: $ | Duration: ms | Turns: 
[] Iter 877 | No token data (result file empty or parse failed)
[2026-04-04T05:38:55Z] Iter 880 | Total-in: 0 | Non-cached: 0 | Cache-read: 0 | Cache-create: 0 | Output: 0 | Cost: $ | Duration: ms | Turns: 
[2026-04-04T05:38:59Z] Iter 879 | Total-in: 0 | Non-cached: 0 | Cache-read: 0 | Cache-create: 0 | Output: 0 | Cost: $0 | Duration: 1705ms | Turns: 1
[2026-04-04T05:39:02Z] Iter 872 | Total-in: 0 | Non-cached: 0 | Cache-read: 0 | Cache-create: 0 | Output: 0 | Cost: $0 | Duration: 404ms | Turns: 1
[2026-04-04T05:39:03Z] Iter 878 | Total-in: 0 | Non-cached: 0 | Cache-read: 0 | Cache-create: 0 | Output: 0 | Cost: $0 | Duration: ms | Turns: 
[2026-04-04T05:39:10Z] Iter 881 | Total-in: 0 | Non-cached: 0 | Cache-read: 0 | Cache-create:  | Output: 0 | Cost: $ | Duration: ms | Turns: 
[2026-04-04T05:39:14Z] Iter 880 | Total-in: 0 | Non-cached: 0 | Cache-read: 0 | Cache-create: 0 | Output: 0 | Cost: $0 | Duration: 514ms | Turns: 1
[] Iter 879 | No token data (result file empty or parse failed)
[] Iter 873 | No token data (result file empty or parse failed)
[] Iter 882 | No token data (result file empty or parse failed)
[2026-04-04T05:39:29Z] Iter 881 | Total-in: 0 | Non-cached: 0 | Cache-read: 0 | Cache-create: 0 | Output: 0 | Cost: $0 | Duration: 448ms | Turns: 1
[] Iter 880 | No token data (result file empty or parse failed)
[] Iter 874 | No token data (result file empty or parse failed)
[2026-04-04T05:39:40Z] Iter 883 | Total-in: 0 | Non-cached: 0 | Cache-read: 0 | Cache-create: 0 | Output: 0 | Cost: $0 | Duration: 471ms | Turns: 1
[2026-04-04T05:39:43Z] Iter 882 | Total-in: 0 | Non-cached: 0 | Cache-read: 0 | Cache-create: 0 | Output: 0 | Cost: $0 | Duration: 463ms | Turns: 1
[2026-04-04T05:39:47Z] Iter 881 | Total-in: 0 | Non-cached: 0 | Cache-read: 0 | Cache-create: 0 | Output: 0 | Cost: $0 | Duration: 493ms | Turns: 1
[] Iter 875 | No token data (result file empty or parse failed)
[] Iter 884 | No token data (result file empty or parse failed)
[2026-04-04T05:39:59Z] Iter 883 | Total-in: 0 | Non-cached: 0 | Cache-read: 0 | Cache-create: 0 | Output: 0 | Cost: $0 | Duration: 451ms | Turns: 1
[2026-04-04T05:40:02Z] Iter 882 | Total-in: 0 | Non-cached: 0 | Cache-read: 0 | Cache-create: 0 | Output: 0 | Cost: $0 | Duration: 431ms | Turns: 1
[] Iter 876 | No token data (result file empty or parse failed)
[] Iter 885 | No token data (result file empty or parse failed)
[2026-04-04T05:40:14Z] Iter 884 | Total-in: 0 | Non-cached: 0 | Cache-read: 0 | Cache-create: 0 | Output: 0 | Cost: $0 | Duration: 457ms | Turns: 1
[] Iter 883 | No token data (result file empty or parse failed)
[] Iter 877 | No token data (result file empty or parse failed)
[] Iter 886 | No token data (result file empty or parse failed)
[2026-04-04T05:40:29Z] Iter 885 | Total-in: 0 | Non-cached: 0 | Cache-read: 0 | Cache-create: 0 | Output: 0 | Cost: $0 | Duration: 452ms | Turns: 1
[2026-04-04T05:40:33Z] Iter 884 | Total-in: 0 | Non-cached: 0 | Cache-read: 0 | Cache-create: 0 | Output: 0 | Cost: $0 | Duration: 496ms | Turns: 1
[2026-04-04T05:40:33Z] Iter 878 | Total-in: 0 | Non-cached: 0 | Cache-read: 0 | Cache-create: 0 | Output: 0 | Cost: $0 | Duration: 496ms | Turns: 1
[] Iter 887 | No token data (result file empty or parse failed)
[2026-04-04T05:40:45Z] Iter 886 | Total-in: 0 | Non-cached: 0 | Cache-read: 0 | Cache-create: 0 | Output: 0 | Cost: $0 | Duration: 635ms | Turns: 1
[2026-04-04T05:40:50Z] Iter 879 | Total-in: 0 | Non-cached: 0 | Cache-read: 0 | Cache-create: 0 | Output: 0 | Cost: $0 | Duration: 1514ms | Turns: 1
[2026-04-04T05:40:50Z] Iter 885 | Total-in: 0 | Non-cached: 0 | Cache-read: 0 | Cache-create: 0 | Output: 0 | Cost: $0 | Duration: 1514ms | Turns: 1
[2026-04-04T05:40:57Z] Iter 888 | Total-in: 0 | Non-cached: 0 | Cache-read: 0 | Cache-create: 0 | Output: 0 | Cost: $0 | Duration: 485ms | Turns: 1
[2026-04-04T05:41:02Z] Iter 887 | Total-in: 0 | Non-cached: 0 | Cache-read: 0 | Cache-create: 0 | Output: 0 | Cost: $0 | Duration: 596ms | Turns: 1
[2026-04-04T05:41:07Z] Iter 886 | Total-in: 0 | Non-cached: 0 | Cache-read: 0 | Cache-create: 0 | Output: 0 | Cost: $0 | Duration: 807ms | Turns: 1
[2026-04-04T05:41:08Z] Iter 880 | Total-in: 0 | Non-cached: 0 | Cache-read: 0 | Cache-create: 0 | Output: 0 | Cost: $0 | Duration: 807ms | Turns: 1
[2026-04-04T05:41:14Z] Iter 889 | Total-in: 0 | Non-cached: 0 | Cache-read: 0 | Cache-create: 0 | Output: 0 | Cost: $0 | Duration: 883ms | Turns: 1
[2026-04-04T05:41:19Z] Iter 888 | Total-in: 0 | Non-cached: 0 | Cache-read: 0 | Cache-create: 0 | Output: 0 | Cost: $0 | Duration: 511ms | Turns: 1
[2026-04-04T05:41:24Z] Iter 887 | Total-in: 0 | Non-cached: 0 | Cache-read: 0 | Cache-create: 0 | Output: 0 | Cost: $0 | Duration: 515ms | Turns: 1
[2026-04-04T05:41:24Z] Iter 881 | Total-in: 0 | Non-cached: 0 | Cache-read: 0 | Cache-create: 0 | Output: 0 | Cost: $0 | Duration: 515ms | Turns: 1
[2026-04-04T05:41:30Z] Iter 890 | Total-in: 0 | Non-cached: 0 | Cache-read: 0 | Cache-create: 0 | Output: 0 | Cost: $0 | Duration: 552ms | Turns: 1
[2026-04-04T05:41:35Z] Iter 889 | Total-in: 0 | Non-cached: 0 | Cache-read: 0 | Cache-create: 0 | Output: 0 | Cost: $0 | Duration: 622ms | Turns: 1
[2026-04-04T05:41:41Z] Iter 882 | Total-in: 0 | Non-cached: 0 | Cache-read: 0 | Cache-create: 0 | Output: 0 | Cost: $0 | Duration: 487ms | Turns: 1
[2026-04-04T05:41:42Z] Iter 888 | Total-in: 0 | Non-cached: 0 | Cache-read: 0 | Cache-create: 0 | Output: 0 | Cost: $0 | Duration: 772ms | Turns: 1
[2026-04-04T05:41:48Z] Iter 891 | Total-in: 0 | Non-cached: 0 | Cache-read: 0 | Cache-create: 0 | Output: 0 | Cost: $0 | Duration: 2111ms | Turns: 1
[2026-04-04T05:41:52Z] Iter 890 | Total-in: 0 | Non-cached: 0 | Cache-read: 0 | Cache-create: 0 | Output: 0 | Cost: $0 | Duration: 649ms | Turns: 1
[2026-04-04T05:41:58Z] Iter 883 | Total-in: 0 | Non-cached: 0 | Cache-read: 0 | Cache-create: 0 | Output: 0 | Cost: $0 | Duration: 477ms | Turns: 1
[2026-04-04T05:42:00Z] Iter 889 | Total-in: 0 | Non-cached: 0 | Cache-read:  | Cache-create:  | Output:  | Cost: $ | Duration: ms | Turns: 
[2026-04-04T05:42:04Z] Iter 892 | Total-in: 0 | Non-cached: 0 | Cache-read: 0 | Cache-create: 0 | Output: 0 | Cost: $0 | Duration: 396ms | Turns: 1
[2026-04-04T05:42:07Z] Iter 891 | Total-in: 0 | Non-cached: 0 | Cache-read:  | Cache-create:  | Output: 0 | Cost: $ | Duration: ms | Turns: 
[2026-04-04T05:42:12Z] Iter 884 | Total-in: 0 | Non-cached: 0 | Cache-read: 0 | Cache-create: 0 | Output: 0 | Cost: $0 | Duration: 398ms | Turns: 1
[2026-04-04T05:42:14Z] Iter 890 | Total-in: 0 | Non-cached: 0 | Cache-read: 0 | Cache-create: 0 | Output: 0 | Cost: $0 | Duration: 994ms | Turns: 1
[2026-04-04T05:42:19Z] Iter 893 | Total-in: 0 | Non-cached: 0 | Cache-read: 0 | Cache-create: 0 | Output: 0 | Cost: $0 | Duration: 850ms | Turns: 1
[2026-04-04T05:42:21Z] Iter 892 | Total-in: 0 | Non-cached: 0 | Cache-read: 0 | Cache-create: 0 | Output: 0 | Cost: $0 | Duration: 397ms | Turns: 1
[2026-04-04T05:42:26Z] Iter 885 | Total-in: 0 | Non-cached: 0 | Cache-read: 0 | Cache-create: 0 | Output: 0 | Cost: $0 | Duration: 432ms | Turns: 1
[2026-04-04T05:42:29Z] Iter 891 | Total-in: 0 | Non-cached: 0 | Cache-read: 0 | Cache-create: 0 | Output: 0 | Cost: $0 | Duration: 814ms | Turns: 
[2026-04-04T05:42:33Z] Iter 894 | Total-in: 0 | Non-cached: 0 | Cache-read: 0 | Cache-create: 0 | Output: 0 | Cost: $ | Duration: ms | Turns: 
[2026-04-04T05:42:35Z] Iter 893 | Total-in: 0 | Non-cached: 0 | Cache-read: 0 | Cache-create: 0 | Output: 0 | Cost: $0 | Duration: 519ms | Turns: 1
[2026-04-04T05:42:40Z] Iter 886 | Total-in: 0 | Non-cached: 0 | Cache-read: 0 | Cache-create: 0 | Output: 0 | Cost: $0 | Duration: 404ms | Turns: 1
[2026-04-04T05:42:44Z] Iter 892 | Total-in: 0 | Non-cached: 0 | Cache-read: 0 | Cache-create: 0 | Output: 0 | Cost: $0 | Duration: 593ms | Turns: 1
[2026-04-04T05:42:47Z] Iter 895 | Total-in: 0 | Non-cached:  | Cache-read:  | Cache-create:  | Output:  | Cost: $ | Duration: ms | Turns: 
[2026-04-04T05:42:50Z] Iter 894 | Total-in: 0 | Non-cached: 0 | Cache-read: 0 | Cache-create: 0 | Output: 0 | Cost: $0 | Duration: 422ms | Turns: 1
[2026-04-04T05:42:54Z] Iter 887 | Total-in: 0 | Non-cached: 0 | Cache-read: 0 | Cache-create: 0 | Output: 0 | Cost: $0 | Duration: 420ms | Turns: 1
[2026-04-04T05:42:59Z] Iter 893 | Total-in: 0 | Non-cached: 0 | Cache-read: 0 | Cache-create: 0 | Output: 0 | Cost: $0 | Duration: 430ms | Turns: 1
[2026-04-04T05:43:02Z] Iter 896 | Total-in: 0 | Non-cached: 0 | Cache-read: 0 | Cache-create: 0 | Output: 0 | Cost: $0 | Duration: 490ms | Turns: 1
[2026-04-04T05:43:05Z] Iter 895 | Total-in: 0 | Non-cached: 0 | Cache-read: 0 | Cache-create: 0 | Output: 0 | Cost: $0 | Duration: 417ms | Turns: 1
[2026-04-04T05:43:09Z] Iter 888 | Total-in: 0 | Non-cached: 0 | Cache-read: 0 | Cache-create: 0 | Output: 0 | Cost: $0 | Duration: 766ms | Turns: 
[2026-04-04T05:43:12Z] Iter 894 | Total-in: 0 | Non-cached: 0 | Cache-read: 0 | Cache-create: 0 | Output: 0 | Cost: $0 | Duration: 412ms | Turns: 1
[2026-04-04T05:43:16Z] Iter 897 | Total-in: 0 | Non-cached: 0 | Cache-read: 0 | Cache-create: 0 | Output: 0 | Cost: $0 | Duration: 430ms | Turns: 1
[2026-04-04T05:43:19Z] Iter 896 | Total-in: 0 | Non-cached: 0 | Cache-read: 0 | Cache-create: 0 | Output: 0 | Cost: $0 | Duration: 399ms | Turns: 1
[] Iter 889 | No token data (result file empty or parse failed)
[] Iter 895 | No token data (result file empty or parse failed)
[2026-04-04T05:43:30Z] Iter 898 | Total-in: 0 | Non-cached: 0 | Cache-read: 0 | Cache-create: 0 | Output: 0 | Cost: $0 | Duration: 476ms | Turns: 1
[2026-04-04T05:43:33Z] Iter 897 | Total-in: 0 | Non-cached: 0 | Cache-read: 0 | Cache-create: 0 | Output: 0 | Cost: $0 | Duration: 492ms | Turns: 1
[2026-04-04T05:43:39Z] Iter 890 | Total-in: 0 | Non-cached: 0 | Cache-read: 0 | Cache-create: 0 | Output: 0 | Cost: $0 | Duration: 424ms | Turns: 1
[2026-04-04T05:43:41Z] Iter 896 | Total-in: 0 | Non-cached: 0 | Cache-read: 0 | Cache-create: 0 | Output: 0 | Cost: $0 | Duration: 459ms | Turns: 1
[2026-04-04T05:43:45Z] Iter 899 | Total-in: 0 | Non-cached: 0 | Cache-read: 0 | Cache-create: 0 | Output: 0 | Cost: $0 | Duration: 495ms | Turns: 1
[2026-04-04T05:43:48Z] Iter 898 | Total-in: 0 | Non-cached: 0 | Cache-read: 0 | Cache-create: 0 | Output: 0 | Cost: $0 | Duration: 539ms | Turns: 1
[2026-04-04T05:43:54Z] Iter 891 | Total-in: 0 | Non-cached: 0 | Cache-read: 0 | Cache-create: 0 | Output: 0 | Cost: $0 | Duration: 458ms | Turns: 1
[2026-04-04T05:43:57Z] Iter 897 | Total-in: 0 | Non-cached: 0 | Cache-read: 0 | Cache-create: 0 | Output: 0 | Cost: $0 | Duration: 549ms | Turns: 1
[2026-04-04T05:43:59Z] Iter 900 | Total-in: 0 | Non-cached: 0 | Cache-read: 0 | Cache-create: 0 | Output: 0 | Cost: $0 | Duration: 417ms | Turns: 1
[] Iter 899 | No token data (result file empty or parse failed)
[2026-04-04T05:44:09Z] Iter 892 | Total-in: 0 | Non-cached: 0 | Cache-read: 0 | Cache-create: 0 | Output: 0 | Cost: $0 | Duration: 438ms | Turns: 1
[2026-04-04T05:44:12Z] Iter 898 | Total-in: 0 | Non-cached: 0 | Cache-read: 0 | Cache-create: 0 | Output: 0 | Cost: $0 | Duration: 485ms | Turns: 1
[2026-04-04T05:44:15Z] Iter 901 | Total-in: 0 | Non-cached: 0 | Cache-read: 0 | Cache-create: 0 | Output: 0 | Cost: $0 | Duration: 450ms | Turns: 1
[2026-04-04T05:44:18Z] Iter 900 | Total-in: 0 | Non-cached: 0 | Cache-read: 0 | Cache-create: 0 | Output: 0 | Cost: $0 | Duration: 471ms | Turns: 1
[2026-04-04T05:44:23Z] Iter 893 | Total-in: 0 | Non-cached: 0 | Cache-read: 0 | Cache-create: 0 | Output: 0 | Cost: $0 | Duration: 419ms | Turns: 1
[2026-04-04T05:44:27Z] Iter 899 | Total-in: 0 | Non-cached: 0 | Cache-read: 0 | Cache-create: 0 | Output: 0 | Cost: $0 | Duration: 500ms | Turns: 1
[2026-04-04T05:44:30Z] Iter 902 | Total-in: 0 | Non-cached: 0 | Cache-read: 0 | Cache-create: 0 | Output: 0 | Cost: $0 | Duration: 458ms | Turns: 1
[2026-04-04T05:44:33Z] Iter 901 | Total-in: 0 | Non-cached: 0 | Cache-read: 0 | Cache-create: 0 | Output: 0 | Cost: $0 | Duration: 622ms | Turns: 1
[2026-04-04T05:44:39Z] Iter 894 | Total-in: 0 | Non-cached: 0 | Cache-read: 0 | Cache-create: 0 | Output: 0 | Cost: $0 | Duration: 488ms | Turns: 1
[2026-04-04T05:44:42Z] Iter 900 | Total-in: 0 | Non-cached: 0 | Cache-read: 0 | Cache-create: 0 | Output: 0 | Cost: $0 | Duration: 450ms | Turns: 1
[2026-04-04T05:44:45Z] Iter 903 | Total-in: 0 | Non-cached: 0 | Cache-read: 0 | Cache-create: 0 | Output: 0 | Cost: $0 | Duration: 562ms | Turns: 1
[2026-04-04T05:44:48Z] Iter 902 | Total-in: 0 | Non-cached: 0 | Cache-read: 0 | Cache-create: 0 | Output: 0 | Cost: $0 | Duration: 427ms | Turns: 1
[2026-04-04T05:44:55Z] Iter 895 | Total-in: 0 | Non-cached: 0 | Cache-read: 0 | Cache-create: 0 | Output: 0 | Cost: $0 | Duration: 517ms | Turns: 1
[2026-04-04T05:44:58Z] Iter 901 | Total-in: 0 | Non-cached: 0 | Cache-read: 0 | Cache-create: 0 | Output: 0 | Cost: $0 | Duration: 498ms | Turns: 1
[2026-04-04T05:45:01Z] Iter 904 | Total-in: 0 | Non-cached: 0 | Cache-read: 0 | Cache-create: 0 | Output: 0 | Cost: $0 | Duration: 416ms | Turns: 1
[2026-04-04T05:45:04Z] Iter 903 | Total-in: 0 | Non-cached: 0 | Cache-read: 0 | Cache-create: 0 | Output: 0 | Cost: $0 | Duration: 480ms | Turns: 1
[2026-04-04T05:45:10Z] Iter 896 | Total-in: 0 | Non-cached: 0 | Cache-read: 0 | Cache-create: 0 | Output: 0 | Cost: $0 | Duration: 416ms | Turns: 1
[2026-04-04T05:45:15Z] Iter 902 | Total-in: 0 | Non-cached: 0 | Cache-read: 0 | Cache-create: 0 | Output: 0 | Cost: $0 | Duration: 451ms | Turns: 1
[2026-04-04T05:45:16Z] Iter 905 | Total-in: 0 | Non-cached: 0 | Cache-read: 0 | Cache-create: 0 | Output: 0 | Cost: $0 | Duration: 473ms | Turns: 1
[2026-04-04T05:45:20Z] Iter 904 | Total-in: 0 | Non-cached: 0 | Cache-read: 0 | Cache-create: 0 | Output: 0 | Cost: $0 | Duration: 580ms | Turns: 1
[2026-04-04T05:45:26Z] Iter 897 | Total-in: 0 | Non-cached: 0 | Cache-read: 0 | Cache-create: 0 | Output: 0 | Cost: $0 | Duration: 559ms | Turns: 1
[2026-04-04T05:45:31Z] Iter 903 | Total-in: 0 | Non-cached: 0 | Cache-read: 0 | Cache-create: 0 | Output: 0 | Cost: $0 | Duration: 823ms | Turns: 1
[2026-04-04T05:45:33Z] Iter 906 | Total-in: 0 | Non-cached: 0 | Cache-read: 0 | Cache-create: 0 | Output: 0 | Cost: $0 | Duration: 447ms | Turns: 1
[2026-04-04T05:45:38Z] Iter 905 | Total-in: 0 | Non-cached: 0 | Cache-read: 0 | Cache-create: 0 | Output: 0 | Cost: $0 | Duration: 2094ms | Turns: 1
[2026-04-04T05:45:43Z] Iter 898 | Total-in: 0 | Non-cached: 0 | Cache-read: 0 | Cache-create: 0 | Output: 0 | Cost: $0 | Duration: 539ms | Turns: 1
[2026-04-04T05:45:47Z] Iter 904 | Total-in: 0 | Non-cached: 0 | Cache-read: 0 | Cache-create: 0 | Output: 0 | Cost: $0 | Duration: 512ms | Turns: 1
[2026-04-04T05:45:51Z] Iter 907 | Total-in: 0 | Non-cached: 0 | Cache-read: 0 | Cache-create: 0 | Output: 0 | Cost: $0 | Duration: 536ms | Turns: 1
[2026-04-04T05:45:55Z] Iter 906 | Total-in: 0 | Non-cached: 0 | Cache-read: 0 | Cache-create: 0 | Output: 0 | Cost: $0 | Duration: 512ms | Turns: 1
[] Iter 899 | No token data (result file empty or parse failed)
[2026-04-04T05:46:05Z] Iter 905 | Total-in: 0 | Non-cached: 0 | Cache-read: 0 | Cache-create: 0 | Output: 0 | Cost: $0 | Duration: 1481ms | Turns: 1
[2026-04-04T05:46:07Z] Iter 908 | Total-in: 0 | Non-cached: 0 | Cache-read: 0 | Cache-create: 0 | Output: 0 | Cost: $0 | Duration: 985ms | Turns: 1
[2026-04-04T05:46:11Z] Iter 907 | Total-in: 0 | Non-cached: 0 | Cache-read: 0 | Cache-create: 0 | Output: 0 | Cost: $0 | Duration: 447ms | Turns: 1
[2026-04-04T05:46:15Z] Iter 900 | Total-in: 0 | Non-cached: 0 | Cache-read: 0 | Cache-create: 0 | Output: 0 | Cost: $0 | Duration: 439ms | Turns: 1
[] Iter 906 | No token data (result file empty or parse failed)
[2026-04-04T05:46:25Z] Iter 909 | Total-in: 0 | Non-cached: 0 | Cache-read: 0 | Cache-create: 0 | Output: 0 | Cost: $0 | Duration: 544ms | Turns: 1
[2026-04-04T05:46:28Z] Iter 908 | Total-in: 0 | Non-cached: 0 | Cache-read: 0 | Cache-create: 0 | Output: 0 | Cost: $0 | Duration: 1645ms | Turns: 1
[2026-04-04T05:46:31Z] Iter 901 | Total-in: 0 | Non-cached: 0 | Cache-read: 0 | Cache-create: 0 | Output: 0 | Cost: $0 | Duration: 568ms | Turns: 1
[2026-04-04T05:46:38Z] Iter 907 | Total-in: 0 | Non-cached: 0 | Cache-read: 0 | Cache-create: 0 | Output: 0 | Cost: $0 | Duration: 555ms | Turns: 1
[2026-04-04T05:46:41Z] Iter 910 | Total-in: 0 | Non-cached: 0 | Cache-read: 0 | Cache-create: 0 | Output: 0 | Cost: $0 | Duration: 567ms | Turns: 1
[2026-04-04T05:46:45Z] Iter 909 | Total-in: 0 | Non-cached: 0 | Cache-read: 0 | Cache-create: 0 | Output: 0 | Cost: $0 | Duration: 399ms | Turns: 1
[2026-04-04T05:46:46Z] Iter 902 | Total-in: 0 | Non-cached: 0 | Cache-read: 0 | Cache-create: 0 | Output: 0 | Cost: $ | Duration: ms | Turns: 
[] Iter 908 | No token data (result file empty or parse failed)
[2026-04-04T05:46:55Z] Iter 911 | Total-in: 0 | Non-cached: 0 | Cache-read: 0 | Cache-create: 0 | Output: 0 | Cost: $0 | Duration: 498ms | Turns: 1
[2026-04-04T05:47:00Z] Iter 910 | Total-in: 0 | Non-cached: 0 | Cache-read: 0 | Cache-create: 0 | Output: 0 | Cost: $0 | Duration: 455ms | Turns: 1
[2026-04-04T05:47:00Z] Iter 903 | Total-in: 0 | Non-cached: 0 | Cache-read: 0 | Cache-create: 0 | Output: 0 | Cost: $0 | Duration: 455ms | Turns: 1
[2026-04-04T05:47:07Z] Iter 909 | Total-in: 0 | Non-cached: 0 | Cache-read: 0 | Cache-create: 0 | Output: 0 | Cost: $0 | Duration: 462ms | Turns: 1
[2026-04-04T05:47:09Z] Iter 912 | Total-in: 0 | Non-cached: 0 | Cache-read: 0 | Cache-create: 0 | Output: 0 | Cost: $0 | Duration: 458ms | Turns: 1
[] Iter 911 | No token data (result file empty or parse failed)
[] Iter 904 | No token data (result file empty or parse failed)
[2026-04-04T05:47:21Z] Iter 910 | Total-in: 0 | Non-cached: 0 | Cache-read: 0 | Cache-create: 0 | Output: 0 | Cost: $0 | Duration: 425ms | Turns: 1
[2026-04-04T05:47:24Z] Iter 913 | Total-in: 0 | Non-cached: 0 | Cache-read: 0 | Cache-create: 0 | Output: 0 | Cost: $0 | Duration: 939ms | Turns: 1
[2026-04-04T05:47:28Z] Iter 912 | Total-in: 0 | Non-cached: 0 | Cache-read: 0 | Cache-create: 0 | Output: 0 | Cost: $0 | Duration: 421ms | Turns: 1
[2026-04-04T05:47:28Z] Iter 905 | Total-in: 0 | Non-cached: 0 | Cache-read: 0 | Cache-create: 0 | Output: 0 | Cost: $ | Duration: ms | Turns: 
[2026-04-04T05:47:35Z] Iter 911 | Total-in: 0 | Non-cached: 0 | Cache-read: 0 | Cache-create: 0 | Output: 0 | Cost: $0 | Duration: 416ms | Turns: 1
[2026-04-04T05:47:40Z] Iter 914 | Total-in: 0 | Non-cached: 0 | Cache-read: 0 | Cache-create: 0 | Output: 0 | Cost: $0 | Duration: 617ms | Turns: 1
[2026-04-04T05:47:44Z] Iter 906 | Total-in: 0 | Non-cached: 0 | Cache-read: 0 | Cache-create: 0 | Output: 0 | Cost: $0 | Duration: 1599ms | Turns: 1
[2026-04-04T05:47:44Z] Iter 913 | Total-in: 0 | Non-cached: 0 | Cache-read: 0 | Cache-create: 0 | Output: 0 | Cost: $0 | Duration: 1599ms | Turns: 1
[2026-04-04T05:47:49Z] Iter 912 | Total-in: 0 | Non-cached: 0 | Cache-read: 0 | Cache-create: 0 | Output: 0 | Cost: $0 | Duration: 412ms | Turns: 1
[2026-04-04T05:47:54Z] Iter 915 | Total-in: 0 | Non-cached: 0 | Cache-read: 0 | Cache-create: 0 | Output: 0 | Cost: $0 | Duration: 503ms | Turns: 1
[2026-04-04T05:47:59Z] Iter 914 | Total-in: 0 | Non-cached: 0 | Cache-read: 0 | Cache-create: 0 | Output: 0 | Cost: $0 | Duration: 1617ms | Turns: 1
[2026-04-04T05:48:00Z] Iter 907 | Total-in: 0 | Non-cached: 0 | Cache-read: 0 | Cache-create: 0 | Output: 0 | Cost: $0 | Duration: 1617ms | Turns: 1
[2026-04-04T05:48:03Z] Iter 913 | Total-in: 0 | Non-cached: 0 | Cache-read: 0 | Cache-create: 0 | Output: 0 | Cost: $0 | Duration: 475ms | Turns: 1
[2026-04-04T05:48:08Z] Iter 916 | Total-in: 0 | Non-cached: 0 | Cache-read: 0 | Cache-create: 0 | Output: 0 | Cost: $0 | Duration: 474ms | Turns: 1
[2026-04-04T05:48:14Z] Iter 915 | Total-in: 0 | Non-cached: 0 | Cache-read: 0 | Cache-create: 0 | Output: 0 | Cost: $0 | Duration: 503ms | Turns: 1
[2026-04-04T05:48:14Z] Iter 908 | Total-in: 0 | Non-cached: 0 | Cache-read: 0 | Cache-create: 0 | Output: 0 | Cost: $0 | Duration: 503ms | Turns: 1
[2026-04-04T05:48:18Z] Iter 914 | Total-in: 0 | Non-cached: 0 | Cache-read: 0 | Cache-create: 0 | Output: 0 | Cost: $0 | Duration: 494ms | Turns: 1
[2026-04-04T05:48:23Z] Iter 917 | Total-in: 0 | Non-cached: 0 | Cache-read: 0 | Cache-create: 0 | Output: 0 | Cost: $0 | Duration: 400ms | Turns: 1
[2026-04-04T05:48:30Z] Iter 916 | Total-in: 0 | Non-cached: 0 | Cache-read: 0 | Cache-create: 0 | Output: 0 | Cost: $0 | Duration: 550ms | Turns: 1
[2026-04-04T05:48:30Z] Iter 909 | Total-in: 0 | Non-cached: 0 | Cache-read: 0 | Cache-create: 0 | Output: 0 | Cost: $0 | Duration: 550ms | Turns: 1
[2026-04-04T05:48:34Z] Iter 915 | Total-in: 0 | Non-cached: 0 | Cache-read: 0 | Cache-create: 0 | Output: 0 | Cost: $0 | Duration: 439ms | Turns: 1
[] Iter 918 | No token data (result file empty or parse failed)
[2026-04-04T05:48:45Z] Iter 910 | Total-in: 0 | Non-cached: 0 | Cache-read: 0 | Cache-create: 0 | Output: 0 | Cost: $0 | Duration: 449ms | Turns: 
[2026-04-04T05:48:48Z] Iter 917 | Total-in: 0 | Non-cached: 0 | Cache-read: 0 | Cache-create: 0 | Output: 0 | Cost: $0 | Duration: 3596ms | Turns: 1
[2026-04-04T05:48:49Z] Iter 916 | Total-in: 0 | Non-cached: 0 | Cache-read: 0 | Cache-create: 0 | Output: 0 | Cost: $0 | Duration: 610ms | Turns: 1
[2026-04-04T05:48:53Z] Iter 919 | Total-in: 0 | Non-cached: 0 | Cache-read:  | Cache-create:  | Output:  | Cost: $ | Duration: ms | Turns: 
[] Iter 911 | No token data (result file empty or parse failed)
[2026-04-04T05:49:05Z] Iter 918 | Total-in: 0 | Non-cached: 0 | Cache-read: 0 | Cache-create: 0 | Output: 0 | Cost: $0 | Duration: 1239ms | Turns: 1
[2026-04-04T05:49:06Z] Iter 917 | Total-in: 0 | Non-cached: 0 | Cache-read: 0 | Cache-create: 0 | Output: 0 | Cost: $0 | Duration: 459ms | Turns: 1
[] Iter 920 | No token data (result file empty or parse failed)
[] Iter 912 | No token data (result file empty or parse failed)
[2026-04-04T05:49:22Z] Iter 919 | Total-in: 0 | Non-cached: 0 | Cache-read: 0 | Cache-create: 0 | Output: 0 | Cost: $ | Duration: ms | Turns: 
[] Iter 918 | No token data (result file empty or parse failed)
[2026-04-04T05:49:24Z] Iter 921 | Total-in: 0 | Non-cached: 0 | Cache-read: 0 | Cache-create: 0 | Output: 0 | Cost: $0 | Duration: 465ms | Turns: 1
[2026-04-04T05:49:29Z] Iter 913 | Total-in: 0 | Non-cached: 0 | Cache-read: 0 | Cache-create: 0 | Output: 0 | Cost: $0 | Duration: 513ms | Turns: 1
[] Iter 920 | No token data (result file empty or parse failed)
[] Iter 919 | No token data (result file empty or parse failed)
[2026-04-04T05:49:41Z] Iter 922 | Total-in: 0 | Non-cached: 0 | Cache-read: 0 | Cache-create: 0 | Output: 0 | Cost: $0 | Duration: 534ms | Turns: 1
[] Iter 914 | No token data (result file empty or parse failed)
[2026-04-04T05:49:54Z] Iter 921 | Total-in: 0 | Non-cached: 0 | Cache-read: 0 | Cache-create: 0 | Output: 0 | Cost: $0 | Duration: 458ms | Turns: 1
[2026-04-04T05:49:54Z] Iter 920 | Total-in: 0 | Non-cached: 0 | Cache-read: 0 | Cache-create: 0 | Output: 0 | Cost: $0 | Duration: 458ms | Turns: 1
[2026-04-04T05:49:57Z] Iter 923 | Total-in: 0 | Non-cached: 0 | Cache-read: 0 | Cache-create: 0 | Output: 0 | Cost: $0 | Duration: 541ms | Turns: 1
[2026-04-04T05:50:01Z] Iter 915 | Total-in: 0 | Non-cached: 0 | Cache-read: 0 | Cache-create: 0 | Output: 0 | Cost: $0 | Duration: 515ms | Turns: 1
[2026-04-04T05:50:11Z] Iter 922 | Total-in: 0 | Non-cached: 0 | Cache-read: 0 | Cache-create: 0 | Output: 0 | Cost: $0 | Duration: 678ms | Turns: 1
[2026-04-04T05:50:11Z] Iter 921 | Total-in: 0 | Non-cached: 0 | Cache-read: 0 | Cache-create: 0 | Output: 0 | Cost: $0 | Duration: 678ms | Turns: 1
[2026-04-04T05:50:14Z] Iter 924 | Total-in: 0 | Non-cached: 0 | Cache-read: 0 | Cache-create: 0 | Output: 0 | Cost: $0 | Duration: 585ms | Turns: 1
[2026-04-04T05:50:18Z] Iter 916 | Total-in: 0 | Non-cached: 0 | Cache-read: 0 | Cache-create: 0 | Output: 0 | Cost: $0 | Duration: 414ms | Turns: 1
[2026-04-04T05:50:28Z] Iter 923 | Total-in: 0 | Non-cached: 0 | Cache-read: 0 | Cache-create: 0 | Output: 0 | Cost: $0 | Duration: 982ms | Turns: 1
[2026-04-04T05:50:29Z] Iter 922 | Total-in: 0 | Non-cached: 0 | Cache-read: 0 | Cache-create: 0 | Output: 0 | Cost: $0 | Duration: 982ms | Turns: 1
[2026-04-04T05:50:31Z] Iter 925 | Total-in: 0 | Non-cached: 0 | Cache-read: 0 | Cache-create: 0 | Output: 0 | Cost: $0 | Duration: 441ms | Turns: 1
[2026-04-04T05:50:34Z] Iter 917 | Total-in: 0 | Non-cached: 0 | Cache-read: 0 | Cache-create: 0 | Output: 0 | Cost: $0 | Duration: 501ms | Turns: 1
[2026-04-04T05:50:45Z] Iter 924 | Total-in: 0 | Non-cached: 0 | Cache-read: 0 | Cache-create: 0 | Output: 0 | Cost: $0 | Duration: 536ms | Turns: 1
[2026-04-04T05:50:46Z] Iter 923 | Total-in: 0 | Non-cached: 0 | Cache-read: 0 | Cache-create: 0 | Output: 0 | Cost: $0 | Duration: 526ms | Turns: 1
[2026-04-04T05:50:49Z] Iter 926 | Total-in: 0 | Non-cached: 0 | Cache-read: 0 | Cache-create: 0 | Output: 0 | Cost: $0 | Duration: 883ms | Turns: 1
[2026-04-04T05:50:51Z] Iter 918 | Total-in: 0 | Non-cached: 0 | Cache-read: 0 | Cache-create: 0 | Output: 0 | Cost: $0 | Duration: 594ms | Turns: 1
[2026-04-04T05:51:02Z] Iter 924 | Total-in: 0 | Non-cached: 0 | Cache-read: 0 | Cache-create: 0 | Output: 0 | Cost: $0 | Duration: 536ms | Turns: 1
[2026-04-04T05:51:03Z] Iter 925 | Total-in: 0 | Non-cached: 0 | Cache-read: 0 | Cache-create: 0 | Output: 0 | Cost: $0 | Duration: 536ms | Turns: 1
[2026-04-04T05:51:06Z] Iter 927 | Total-in: 0 | Non-cached: 0 | Cache-read: 0 | Cache-create: 0 | Output: 0 | Cost: $0 | Duration: 487ms | Turns: 1
[2026-04-04T05:51:09Z] Iter 919 | Total-in: 0 | Non-cached: 0 | Cache-read: 0 | Cache-create: 0 | Output: 0 | Cost: $0 | Duration: 421ms | Turns: 1
[2026-04-04T05:51:16Z] Iter 925 | Total-in: 0 | Non-cached: 0 | Cache-read: 0 | Cache-create: 0 | Output: 0 | Cost: $0 | Duration: 502ms | Turns: 1
[2026-04-04T05:51:17Z] Iter 926 | Total-in: 0 | Non-cached: 0 | Cache-read:  | Cache-create:  | Output:  | Cost: $ | Duration: ms | Turns: 
[2026-04-04T05:51:21Z] Iter 928 | Total-in: 0 | Non-cached: 0 | Cache-read: 0 | Cache-create: 0 | Output: 0 | Cost: $0 | Duration: 378ms | Turns: 1
[2026-04-04T05:51:23Z] Iter 920 | Total-in: 0 | Non-cached: 0 | Cache-read: 0 | Cache-create: 0 | Output: 0 | Cost: $0 | Duration: 785ms | Turns: 1
[] Iter 927 | No token data (result file empty or parse failed)
[2026-04-04T05:51:31Z] Iter 926 | Total-in: 0 | Non-cached: 0 | Cache-read:  | Cache-create:  | Output:  | Cost: $ | Duration: ms | Turns: 
[2026-04-04T05:51:36Z] Iter 929 | Total-in: 0 | Non-cached: 0 | Cache-read: 0 | Cache-create: 0 | Output: 0 | Cost: $0 | Duration: 415ms | Turns: 1
[2026-04-04T05:51:37Z] Iter 921 | Total-in: 0 | Non-cached: 0 | Cache-read: 0 | Cache-create: 0 | Output: 0 | Cost: $0 | Duration: 382ms | Turns: 1
[] Iter 927 | No token data (result file empty or parse failed)
[2026-04-04T05:51:45Z] Iter 928 | Total-in: 0 | Non-cached: 0 | Cache-read:  | Cache-create:  | Output:  | Cost: $ | Duration: ms | Turns: 
[2026-04-04T05:51:50Z] Iter 930 | Total-in: 0 | Non-cached: 0 | Cache-read: 0 | Cache-create: 0 | Output: 0 | Cost: $0 | Duration: 777ms | Turns: 1
[2026-04-04T05:51:52Z] Iter 922 | Total-in: 0 | Non-cached: 0 | Cache-read: 0 | Cache-create: 0 | Output: 0 | Cost: $0 | Duration: 521ms | Turns: 1
[2026-04-04T05:51:59Z] Iter 929 | Total-in: 0 | Non-cached: 0 | Cache-read: 0 | Cache-create: 0 | Output: 0 | Cost: $0 | Duration: 403ms | Turns: 1
[] Iter 928 | No token data (result file empty or parse failed)
[2026-04-04T05:52:05Z] Iter 931 | Total-in: 0 | Non-cached: 0 | Cache-read: 0 | Cache-create: 0 | Output: 0 | Cost: $0 | Duration: 431ms | Turns: 1
[2026-04-04T05:52:06Z] Iter 923 | Total-in: 0 | Non-cached: 0 | Cache-read: 0 | Cache-create: 0 | Output: 0 | Cost: $0 | Duration: 408ms | Turns: 1
[] Iter 930 | No token data (result file empty or parse failed)
[2026-04-04T05:52:14Z] Iter 929 | Total-in: 0 | Non-cached: 0 | Cache-read: 0 | Cache-create: 0 | Output: 0 | Cost: $0 | Duration: ms | Turns: 
[2026-04-04T05:52:19Z] Iter 932 | Total-in: 0 | Non-cached: 0 | Cache-read: 0 | Cache-create: 0 | Output: 0 | Cost: $0 | Duration: 695ms | Turns: 1
[2026-04-04T05:52:21Z] Iter 924 | Total-in: 0 | Non-cached: 0 | Cache-read: 0 | Cache-create: 0 | Output: 0 | Cost: $0 | Duration: 419ms | Turns: 
[] Iter 931 | No token data (result file empty or parse failed)
[2026-04-04T05:52:28Z] Iter 930 | Total-in: 0 | Non-cached: 0 | Cache-read: 0 | Cache-create: 0 | Output: 0 | Cost: $0 | Duration: 493ms | Turns: 1
[2026-04-04T05:52:35Z] Iter 933 | Total-in: 0 | Non-cached: 0 | Cache-read: 0 | Cache-create: 0 | Output: 0 | Cost: $0 | Duration: 399ms | Turns: 1
[2026-04-04T05:52:35Z] Iter 925 | Total-in: 0 | Non-cached: 0 | Cache-read: 0 | Cache-create: 0 | Output: 0 | Cost: $0 | Duration: 399ms | Turns: 1
[2026-04-04T05:52:41Z] Iter 932 | Total-in: 0 | Non-cached: 0 | Cache-read: 0 | Cache-create: 0 | Output: 0 | Cost: $0 | Duration: 441ms | Turns: 1
[] Iter 931 | No token data (result file empty or parse failed)
[] Iter 934 | No token data (result file empty or parse failed)
[] Iter 926 | No token data (result file empty or parse failed)
[2026-04-04T05:52:56Z] Iter 933 | Total-in: 0 | Non-cached: 0 | Cache-read: 0 | Cache-create: 0 | Output: 0 | Cost: $0 | Duration: 411ms | Turns: 1
[] Iter 932 | No token data (result file empty or parse failed)
[2026-04-04T05:53:04Z] Iter 935 | Total-in: 0 | Non-cached:  | Cache-read:  | Cache-create:  | Output:  | Cost: $ | Duration: ms | Turns: 
[2026-04-04T05:53:06Z] Iter 927 | Total-in: 0 | Non-cached: 0 | Cache-read: 0 | Cache-create: 0 | Output: 0 | Cost: $0 | Duration: 1470ms | Turns: 1
[2026-04-04T05:53:11Z] Iter 934 | Total-in: 0 | Non-cached: 0 | Cache-read: 0 | Cache-create: 0 | Output: 0 | Cost: $0 | Duration: 405ms | Turns: 1
[2026-04-04T05:53:11Z] Iter 933 | Total-in: 0 | Non-cached: 0 | Cache-read: 0 | Cache-create: 0 | Output: 0 | Cost: $0 | Duration: 405ms | Turns: 1
[] Iter 936 | No token data (result file empty or parse failed)
[2026-04-04T05:53:21Z] Iter 928 | Total-in: 0 | Non-cached: 0 | Cache-read: 0 | Cache-create: 0 | Output: 0 | Cost: $0 | Duration: 422ms | Turns: 1
[2026-04-04T05:53:26Z] Iter 935 | Total-in: 0 | Non-cached: 0 | Cache-read:  | Cache-create:  | Output:  | Cost: $ | Duration: ms | Turns: 
[] Iter 934 | No token data (result file empty or parse failed)
[2026-04-04T05:53:33Z] Iter 937 | Total-in: 0 | Non-cached: 0 | Cache-read: 0 | Cache-create: 0 | Output: 0 | Cost: $0 | Duration: 424ms | Turns: 1
[2026-04-04T05:53:36Z] Iter 929 | Total-in: 0 | Non-cached: 0 | Cache-read: 0 | Cache-create: 0 | Output: 0 | Cost: $0 | Duration: 563ms | Turns: 1
[] Iter 935 | No token data (result file empty or parse failed)
[2026-04-04T05:53:42Z] Iter 936 | Total-in: 0 | Non-cached: 0 | Cache-read: 0 | Cache-create: 0 | Output: 0 | Cost: $0 | Duration: 526ms | Turns: 1
[] Iter 938 | No token data (result file empty or parse failed)
[2026-04-04T05:53:52Z] Iter 930 | Total-in: 0 | Non-cached: 0 | Cache-read: 0 | Cache-create: 0 | Output: 0 | Cost: $0 | Duration: 505ms | Turns: 1
[2026-04-04T05:53:56Z] Iter 936 | Total-in: 0 | Non-cached: 0 | Cache-read: 0 | Cache-create: 0 | Output: 0 | Cost: $0 | Duration: 521ms | Turns: 1
[2026-04-04T05:53:57Z] Iter 937 | Total-in: 0 | Non-cached: 0 | Cache-read: 0 | Cache-create: 0 | Output: 0 | Cost: $0 | Duration: 433ms | Turns: 1
[2026-04-04T05:54:03Z] Iter 939 | Total-in: 0 | Non-cached: 0 | Cache-read: 0 | Cache-create: 0 | Output: 0 | Cost: $0 | Duration: 436ms | Turns: 1
[2026-04-04T05:54:07Z] Iter 931 | Total-in: 0 | Non-cached: 0 | Cache-read: 0 | Cache-create: 0 | Output: 0 | Cost: $0 | Duration: 433ms | Turns: 1
[2026-04-04T05:54:11Z] Iter 937 | Total-in: 0 | Non-cached: 0 | Cache-read: 0 | Cache-create: 0 | Output: 0 | Cost: $0 | Duration: 511ms | Turns: 1
[2026-04-04T05:54:13Z] Iter 938 | Total-in: 0 | Non-cached: 0 | Cache-read: 0 | Cache-create: 0 | Output: 0 | Cost: $0 | Duration: 535ms | Turns: 1
[2026-04-04T05:54:18Z] Iter 940 | Total-in: 0 | Non-cached: 0 | Cache-read: 0 | Cache-create: 0 | Output: 0 | Cost: $0 | Duration: 454ms | Turns: 1
[2026-04-04T05:54:23Z] Iter 932 | Total-in: 0 | Non-cached: 0 | Cache-read: 0 | Cache-create: 0 | Output: 0 | Cost: $0 | Duration: 566ms | Turns: 1
[2026-04-04T05:54:28Z] Iter 938 | Total-in: 0 | Non-cached: 0 | Cache-read: 0 | Cache-create: 0 | Output: 0 | Cost: $0 | Duration: 532ms | Turns: 1
[2026-04-04T05:54:30Z] Iter 939 | Total-in: 0 | Non-cached: 0 | Cache-read: 0 | Cache-create: 0 | Output: 0 | Cost: $0 | Duration: 548ms | Turns: 1
[2026-04-04T05:54:34Z] Iter 941 | Total-in: 0 | Non-cached: 0 | Cache-read: 0 | Cache-create: 0 | Output: 0 | Cost: $0 | Duration: 513ms | Turns: 1
[2026-04-04T05:54:39Z] Iter 933 | Total-in: 0 | Non-cached: 0 | Cache-read: 0 | Cache-create: 0 | Output: 0 | Cost: $0 | Duration: 590ms | Turns: 1
[2026-04-04T05:54:44Z] Iter 939 | Total-in: 0 | Non-cached: 0 | Cache-read: 0 | Cache-create: 0 | Output: 0 | Cost: $0 | Duration: 525ms | Turns: 1
[2026-04-04T05:54:46Z] Iter 940 | Total-in: 0 | Non-cached: 0 | Cache-read: 0 | Cache-create: 0 | Output: 0 | Cost: $0 | Duration: 576ms | Turns: 1
[2026-04-04T05:54:51Z] Iter 942 | Total-in: 0 | Non-cached: 0 | Cache-read: 0 | Cache-create: 0 | Output: 0 | Cost: $0 | Duration: 442ms | Turns: 1
[2026-04-04T05:54:56Z] Iter 934 | Total-in: 0 | Non-cached: 0 | Cache-read: 0 | Cache-create: 0 | Output: 0 | Cost: $0 | Duration: 497ms | Turns: 1
[2026-04-04T05:55:01Z] Iter 940 | Total-in: 0 | Non-cached: 0 | Cache-read: 0 | Cache-create: 0 | Output: 0 | Cost: $0 | Duration: 566ms | Turns: 1
[2026-04-04T05:55:03Z] Iter 941 | Total-in: 0 | Non-cached: 0 | Cache-read: 0 | Cache-create: 0 | Output: 0 | Cost: $0 | Duration: 475ms | Turns: 1
[2026-04-04T05:55:07Z] Iter 943 | Total-in: 0 | Non-cached: 0 | Cache-read: 0 | Cache-create: 0 | Output: 0 | Cost: $0 | Duration: 919ms | Turns: 1
[2026-04-04T05:55:12Z] Iter 935 | Total-in: 0 | Non-cached: 0 | Cache-read: 0 | Cache-create: 0 | Output: 0 | Cost: $0 | Duration: 560ms | Turns: 1
[2026-04-04T05:55:18Z] Iter 941 | Total-in: 0 | Non-cached: 0 | Cache-read: 0 | Cache-create: 0 | Output: 0 | Cost: $0 | Duration: 571ms | Turns: 1
[2026-04-04T05:55:20Z] Iter 942 | Total-in: 0 | Non-cached: 0 | Cache-read: 0 | Cache-create: 0 | Output: 0 | Cost: $ | Duration: ms | Turns: 
[2026-04-04T05:55:24Z] Iter 944 | Total-in: 0 | Non-cached: 0 | Cache-read: 0 | Cache-create: 0 | Output: 0 | Cost: $0 | Duration: 481ms | Turns: 1
[] Iter 936 | No token data (result file empty or parse failed)
[2026-04-04T05:55:35Z] Iter 942 | Total-in: 0 | Non-cached: 0 | Cache-read: 0 | Cache-create: 0 | Output: 0 | Cost: $0 | Duration: 491ms | Turns: 1
[2026-04-04T05:55:36Z] Iter 943 | Total-in: 0 | Non-cached: 0 | Cache-read: 0 | Cache-create: 0 | Output: 0 | Cost: $0 | Duration: 534ms | Turns: 1
[2026-04-04T05:55:40Z] Iter 945 | Total-in: 0 | Non-cached: 0 | Cache-read: 0 | Cache-create: 0 | Output: 0 | Cost: $0 | Duration: 534ms | Turns: 1
[2026-04-04T05:55:44Z] Iter 937 | Total-in: 0 | Non-cached: 0 | Cache-read: 0 | Cache-create: 0 | Output: 0 | Cost: $0 | Duration: 492ms | Turns: 1
[2026-04-04T05:55:49Z] Iter 943 | Total-in: 0 | Non-cached: 0 | Cache-read: 0 | Cache-create: 0 | Output: 0 | Cost: $0 | Duration: 594ms | Turns: 1
[2026-04-04T05:55:51Z] Iter 944 | Total-in: 0 | Non-cached: 0 | Cache-read: 0 | Cache-create: 0 | Output: 0 | Cost: $0 | Duration: 503ms | Turns: 1
[2026-04-04T05:55:55Z] Iter 946 | Total-in: 0 | Non-cached: 0 | Cache-read: 0 | Cache-create: 0 | Output: 0 | Cost: $0 | Duration: 496ms | Turns: 1
[2026-04-04T05:55:58Z] Iter 938 | Total-in: 0 | Non-cached: 0 | Cache-read: 0 | Cache-create: 0 | Output: 0 | Cost: $0 | Duration: 411ms | Turns: 1
[2026-04-04T05:56:03Z] Iter 944 | Total-in: 0 | Non-cached: 0 | Cache-read: 0 | Cache-create: 0 | Output: 0 | Cost: $0 | Duration: 455ms | Turns: 1
[] Iter 945 | No token data (result file empty or parse failed)
[2026-04-04T05:56:09Z] Iter 947 | Total-in: 0 | Non-cached: 0 | Cache-read: 0 | Cache-create: 0 | Output: 0 | Cost: $0 | Duration: 408ms | Turns: 1
[2026-04-04T05:56:12Z] Iter 939 | Total-in: 0 | Non-cached: 0 | Cache-read: 0 | Cache-create: 0 | Output: 0 | Cost: $0 | Duration: 605ms | Turns: 1
[2026-04-04T05:56:17Z] Iter 945 | Total-in: 0 | Non-cached: 0 | Cache-read: 0 | Cache-create: 0 | Output: 0 | Cost: $0 | Duration: 399ms | Turns: 1
[] Iter 946 | No token data (result file empty or parse failed)
[2026-04-04T05:56:23Z] Iter 948 | Total-in: 0 | Non-cached: 0 | Cache-read: 0 | Cache-create: 0 | Output: 0 | Cost: $0 | Duration: 396ms | Turns: 1
[2026-04-04T05:56:26Z] Iter 940 | Total-in: 0 | Non-cached: 0 | Cache-read: 0 | Cache-create: 0 | Output: 0 | Cost: $0 | Duration: 405ms | Turns: 1
[2026-04-04T05:56:33Z] Iter 946 | Total-in: 0 | Non-cached: 0 | Cache-read: 0 | Cache-create: 0 | Output: 0 | Cost: $0 | Duration: 1565ms | Turns: 1
[2026-04-04T05:56:37Z] Iter 947 | Total-in: 0 | Non-cached: 0 | Cache-read: 0 | Cache-create: 0 | Output: 0 | Cost: $0 | Duration: 2065ms | Turns: 1
[2026-04-04T05:56:38Z] Iter 949 | Total-in: 0 | Non-cached: 0 | Cache-read: 0 | Cache-create: 0 | Output: 0 | Cost: $0 | Duration: 578ms | Turns: 1
[] Iter 941 | No token data (result file empty or parse failed)
[2026-04-04T05:56:47Z] Iter 947 | Total-in: 0 | Non-cached: 0 | Cache-read: 0 | Cache-create: 0 | Output: 0 | Cost: $0 | Duration: 453ms | Turns: 1
[2026-04-04T05:56:52Z] Iter 948 | Total-in: 0 | Non-cached: 0 | Cache-read: 0 | Cache-create: 0 | Output: 0 | Cost: $0 | Duration: 457ms | Turns: 1
[2026-04-04T05:56:52Z] Iter 950 | Total-in: 0 | Non-cached: 0 | Cache-read: 0 | Cache-create: 0 | Output: 0 | Cost: $0 | Duration: 452ms | Turns: 1
[] Iter 942 | No token data (result file empty or parse failed)
[2026-04-04T05:57:01Z] Iter 948 | Total-in: 0 | Non-cached: 0 | Cache-read: 0 | Cache-create: 0 | Output: 0 | Cost: $0 | Duration: 464ms | Turns: 1
[2026-04-04T05:57:07Z] Iter 949 | Total-in: 0 | Non-cached: 0 | Cache-read: 0 | Cache-create: 0 | Output: 0 | Cost: $0 | Duration: 435ms | Turns: 1
[2026-04-04T05:57:07Z] Iter 951 | Total-in: 0 | Non-cached: 0 | Cache-read: 0 | Cache-create: 0 | Output: 0 | Cost: $0 | Duration: 435ms | Turns: 1
[] Iter 943 | No token data (result file empty or parse failed)
[] Iter 949 | No token data (result file empty or parse failed)
[2026-04-04T05:57:21Z] Iter 950 | Total-in: 0 | Non-cached: 0 | Cache-read: 0 | Cache-create: 0 | Output: 0 | Cost: $0 | Duration: 444ms | Turns: 1
[2026-04-04T05:57:22Z] Iter 952 | Total-in: 0 | Non-cached: 0 | Cache-read: 0 | Cache-create: 0 | Output: 0 | Cost: $0 | Duration: 444ms | Turns: 1
[] Iter 944 | No token data (result file empty or parse failed)
[2026-04-04T05:57:32Z] Iter 950 | Total-in: 0 | Non-cached: 0 | Cache-read: 0 | Cache-create: 0 | Output: 0 | Cost: $0 | Duration: 1506ms | Turns: 1
[2026-04-04T05:57:37Z] Iter 951 | Total-in: 0 | Non-cached: 0 | Cache-read: 0 | Cache-create: 0 | Output: 0 | Cost: $0 | Duration: 431ms | Turns: 1
[2026-04-04T05:57:38Z] Iter 953 | Total-in: 0 | Non-cached: 0 | Cache-read: 0 | Cache-create: 0 | Output: 0 | Cost: $0 | Duration: 482ms | Turns: 1
[2026-04-04T05:57:38Z] Iter 945 | Total-in: 0 | Non-cached: 0 | Cache-read: 0 | Cache-create: 0 | Output: 0 | Cost: $0 | Duration: 482ms | Turns: 1
[2026-04-04T05:57:47Z] Iter 951 | Total-in: 0 | Non-cached: 0 | Cache-read: 0 | Cache-create: 0 | Output: 0 | Cost: $0 | Duration: 503ms | Turns: 1
[2026-04-04T05:57:53Z] Iter 952 | Total-in: 0 | Non-cached: 0 | Cache-read: 0 | Cache-create: 0 | Output: 0 | Cost: $0 | Duration: 476ms | Turns: 1
[2026-04-04T05:57:53Z] Iter 954 | Total-in: 0 | Non-cached: 0 | Cache-read: 0 | Cache-create: 0 | Output: 0 | Cost: $0 | Duration: 476ms | Turns: 1
[2026-04-04T05:57:54Z] Iter 946 | Total-in: 0 | Non-cached: 0 | Cache-read: 0 | Cache-create: 0 | Output: 0 | Cost: $0 | Duration: 432ms | Turns: 1
[] Iter 952 | No token data (result file empty or parse failed)
[] Iter 955 | No token data (result file empty or parse failed)
[] Iter 953 | No token data (result file empty or parse failed)
[2026-04-04T05:58:10Z] Iter 947 | Total-in: 0 | Non-cached: 0 | Cache-read: 0 | Cache-create: 0 | Output: 0 | Cost: $0 | Duration: 463ms | Turns: 1
[] Iter 953 | No token data (result file empty or parse failed)
[2026-04-04T05:58:24Z] Iter 954 | Total-in: 0 | Non-cached: 0 | Cache-read: 0 | Cache-create: 0 | Output: 0 | Cost: $0 | Duration: 481ms | Turns: 1
[2026-04-04T05:58:25Z] Iter 956 | Total-in: 0 | Non-cached: 0 | Cache-read: 0 | Cache-create: 0 | Output: 0 | Cost: $0 | Duration: 555ms | Turns: 1
[2026-04-04T05:58:28Z] Iter 948 | Total-in: 0 | Non-cached: 0 | Cache-read: 0 | Cache-create: 0 | Output: 0 | Cost: $0 | Duration: 499ms | Turns: 1
[2026-04-04T05:58:30Z] Iter 954 | Total-in: 0 | Non-cached: 0 | Cache-read: 0 | Cache-create: 0 | Output: 0 | Cost: $0 | Duration: 530ms | Turns: 1
[2026-04-04T05:58:40Z] Iter 955 | Total-in: 0 | Non-cached: 0 | Cache-read: 0 | Cache-create: 0 | Output: 0 | Cost: $0 | Duration: 558ms | Turns: 1
[2026-04-04T05:58:42Z] Iter 957 | Total-in: 0 | Non-cached: 0 | Cache-read: 0 | Cache-create: 0 | Output: 0 | Cost: $0 | Duration: 520ms | Turns: 1
[2026-04-04T05:58:46Z] Iter 949 | Total-in: 0 | Non-cached: 0 | Cache-read: 0 | Cache-create: 0 | Output: 0 | Cost: $0 | Duration: 492ms | Turns: 1
[2026-04-04T05:58:47Z] Iter 955 | Total-in: 0 | Non-cached: 0 | Cache-read: 0 | Cache-create: 0 | Output: 0 | Cost: $0 | Duration: 433ms | Turns: 1
[] Iter 956 | No token data (result file empty or parse failed)
[2026-04-04T05:58:58Z] Iter 958 | Total-in: 0 | Non-cached: 0 | Cache-read: 0 | Cache-create: 0 | Output: 0 | Cost: $0 | Duration: 508ms | Turns: 1
[2026-04-04T05:59:03Z] Iter 950 | Total-in: 0 | Non-cached: 0 | Cache-read:  | Cache-create:  | Output:  | Cost: $ | Duration: ms | Turns: 
[] Iter 956 | No token data (result file empty or parse failed)
[2026-04-04T05:59:11Z] Iter 957 | Total-in: 0 | Non-cached:  | Cache-read:  | Cache-create:  | Output:  | Cost: $ | Duration: ms | Turns: 
[2026-04-04T05:59:14Z] Iter 959 | Total-in: 0 | Non-cached: 0 | Cache-read: 0 | Cache-create: 0 | Output: 0 | Cost: $0 | Duration: 480ms | Turns: 1
[2026-04-04T05:59:20Z] Iter 957 | Total-in: 0 | Non-cached: 0 | Cache-read: 0 | Cache-create: 0 | Output: 0 | Cost: $0 | Duration: 453ms | Turns: 1
[] Iter 951 | No token data (result file empty or parse failed)
[] Iter 958 | No token data (result file empty or parse failed)
[2026-04-04T05:59:31Z] Iter 960 | Total-in: 0 | Non-cached: 0 | Cache-read: 0 | Cache-create: 0 | Output: 0 | Cost: $0 | Duration: 584ms | Turns: 1
[2026-04-04T05:59:37Z] Iter 958 | Total-in: 0 | Non-cached: 0 | Cache-read: 0 | Cache-create: 0 | Output: 0 | Cost: $0 | Duration: 551ms | Turns: 1
[2026-04-04T05:59:39Z] Iter 952 | Total-in: 0 | Non-cached: 0 | Cache-read: 0 | Cache-create: 0 | Output: 0 | Cost: $0 | Duration: 586ms | Turns: 1
[2026-04-04T05:59:44Z] Iter 959 | Total-in: 0 | Non-cached: 0 | Cache-read: 0 | Cache-create: 0 | Output: 0 | Cost: $0 | Duration: 540ms | Turns: 1
[2026-04-04T05:59:48Z] Iter 961 | Total-in: 0 | Non-cached: 0 | Cache-read: 0 | Cache-create: 0 | Output: 0 | Cost: $0 | Duration: 486ms | Turns: 1
[2026-04-04T05:59:53Z] Iter 959 | Total-in: 0 | Non-cached: 0 | Cache-read: 0 | Cache-create: 0 | Output: 0 | Cost: $0 | Duration: 503ms | Turns: 1
[2026-04-04T05:59:56Z] Iter 953 | Total-in: 0 | Non-cached: 0 | Cache-read:  | Cache-create:  | Output: 0 | Cost: $ | Duration: ms | Turns: 
[2026-04-04T06:00:04Z] Iter 960 | Total-in: 0 | Non-cached: 0 | Cache-read: 0 | Cache-create: 0 | Output: 0 | Cost: $0 | Duration: 456ms | Turns: 1
[2026-04-04T06:00:05Z] Iter 962 | Total-in: 0 | Non-cached: 0 | Cache-read: 0 | Cache-create: 0 | Output: 0 | Cost: $0 | Duration: 456ms | Turns: 1
[2026-04-04T06:00:11Z] Iter 960 | Total-in: 0 | Non-cached: 0 | Cache-read: 0 | Cache-create: 0 | Output: 0 | Cost: $0 | Duration: 485ms | Turns: 1
[] Iter 954 | No token data (result file empty or parse failed)
[] Iter 963 | No token data (result file empty or parse failed)
[2026-04-04T06:00:20Z] Iter 961 | Total-in: 0 | Non-cached: 0 | Cache-read: 0 | Cache-create: 0 | Output: 0 | Cost: $0 | Duration: 1454ms | Turns: 1
[2026-04-04T06:00:25Z] Iter 961 | Total-in: 0 | Non-cached: 0 | Cache-read: 0 | Cache-create: 0 | Output: 0 | Cost: $0 | Duration: 464ms | Turns: 1
[2026-04-04T06:00:26Z] Iter 955 | Total-in: 0 | Non-cached: 0 | Cache-read:  | Cache-create:  | Output:  | Cost: $ | Duration: ms | Turns: 
[2026-04-04T06:00:33Z] Iter 964 | Total-in: 0 | Non-cached: 0 | Cache-read:  | Cache-create:  | Output:  | Cost: $ | Duration: ms | Turns: 
[2026-04-04T06:00:36Z] Iter 962 | Total-in: 0 | Non-cached: 0 | Cache-read: 0 | Cache-create: 0 | Output: 0 | Cost: $0 | Duration: 525ms | Turns: 1
[2026-04-04T06:00:39Z] Iter 962 | Total-in: 0 | Non-cached: 0 | Cache-read: 0 | Cache-create: 0 | Output: 0 | Cost: $0 | Duration: 394ms | Turns: 1
[] Iter 956 | No token data (result file empty or parse failed)
[2026-04-04T06:00:46Z] Iter 965 | Total-in: 0 | Non-cached: 0 | Cache-read: 0 | Cache-create: 0 | Output: 0 | Cost: $0 | Duration: 438ms | Turns: 1
[] Iter 963 | No token data (result file empty or parse failed)
[] Iter 957 | No token data (result file empty or parse failed)
[2026-04-04T06:00:49Z] Iter 963 | Total-in: 0 | Non-cached: 0 | Cache-read: 0 | Cache-create: 0 | Output: 0 | Cost: $0 | Duration: 528ms | Turns: 1
[2026-04-04T06:01:01Z] Iter 964 | Total-in: 0 | Non-cached: 0 | Cache-read: 0 | Cache-create: 0 | Output: 0 | Cost: $0 | Duration: 459ms | Turns: 1
[2026-04-04T06:01:01Z] Iter 966 | Total-in: 0 | Non-cached: 0 | Cache-read: 0 | Cache-create: 0 | Output: 0 | Cost: $0 | Duration: 459ms | Turns: 1
[2026-04-04T06:01:02Z] Iter 958 | Total-in: 0 | Non-cached: 0 | Cache-read: 0 | Cache-create: 0 | Output: 0 | Cost: $0 | Duration: 459ms | Turns: 1
[2026-04-04T06:01:05Z] Iter 964 | Total-in: 0 | Non-cached: 0 | Cache-read: 0 | Cache-create: 0 | Output: 0 | Cost: $0 | Duration: 479ms | Turns: 1
[2026-04-04T06:01:17Z] Iter 967 | Total-in: 0 | Non-cached: 0 | Cache-read: 0 | Cache-create: 0 | Output: 0 | Cost: $0 | Duration: 409ms | Turns: 1
[2026-04-04T06:01:17Z] Iter 965 | Total-in: 0 | Non-cached: 0 | Cache-read: 0 | Cache-create: 0 | Output: 0 | Cost: $0 | Duration: 409ms | Turns: 1
[2026-04-04T06:01:17Z] Iter 959 | Total-in: 0 | Non-cached: 0 | Cache-read: 0 | Cache-create: 0 | Output: 0 | Cost: $0 | Duration: 409ms | Turns: 1
[2026-04-04T06:01:19Z] Iter 965 | Total-in: 0 | Non-cached: 0 | Cache-read: 0 | Cache-create: 0 | Output: 0 | Cost: $0 | Duration: 421ms | Turns: 1
[2026-04-04T06:01:32Z] Iter 966 | Total-in: 0 | Non-cached: 0 | Cache-read: 0 | Cache-create: 0 | Output: 0 | Cost: $0 | Duration: 439ms | Turns: 1
[2026-04-04T06:01:32Z] Iter 968 | Total-in: 0 | Non-cached: 0 | Cache-read: 0 | Cache-create: 0 | Output: 0 | Cost: $0 | Duration: 439ms | Turns: 1
[2026-04-04T06:01:33Z] Iter 960 | Total-in: 0 | Non-cached: 0 | Cache-read: 0 | Cache-create: 0 | Output: 0 | Cost: $0 | Duration: 512ms | Turns: 1
[2026-04-04T06:01:34Z] Iter 966 | Total-in: 0 | Non-cached: 0 | Cache-read: 0 | Cache-create: 0 | Output: 0 | Cost: $0 | Duration: 420ms | Turns: 1
[2026-04-04T06:01:47Z] Iter 969 | Total-in: 0 | Non-cached: 0 | Cache-read: 0 | Cache-create: 0 | Output: 0 | Cost: $0 | Duration: 472ms | Turns: 1
[2026-04-04T06:01:47Z] Iter 967 | Total-in: 0 | Non-cached: 0 | Cache-read: 0 | Cache-create: 0 | Output: 0 | Cost: $0 | Duration: 472ms | Turns: 1
[2026-04-04T06:01:48Z] Iter 961 | Total-in: 0 | Non-cached: 0 | Cache-read: 0 | Cache-create: 0 | Output: 0 | Cost: $0 | Duration: 765ms | Turns: 1
[2026-04-04T06:01:49Z] Iter 967 | Total-in: 0 | Non-cached: 0 | Cache-read: 0 | Cache-create: 0 | Output: 0 | Cost: $0 | Duration: 526ms | Turns: 1
[2026-04-04T06:02:04Z] Iter 968 | Total-in: 0 | Non-cached: 0 | Cache-read: 0 | Cache-create: 0 | Output: 0 | Cost: $0 | Duration: 475ms | Turns: 1
[2026-04-04T06:02:04Z] Iter 970 | Total-in: 0 | Non-cached: 0 | Cache-read: 0 | Cache-create: 0 | Output: 0 | Cost: $0 | Duration: 475ms | Turns: 1
[2026-04-04T06:02:05Z] Iter 962 | Total-in: 0 | Non-cached: 0 | Cache-read: 0 | Cache-create: 0 | Output: 0 | Cost: $0 | Duration: 486ms | Turns: 1
[2026-04-04T06:02:06Z] Iter 968 | Total-in: 0 | Non-cached: 0 | Cache-read: 0 | Cache-create: 0 | Output: 0 | Cost: $0 | Duration: 486ms | Turns: 1
[2026-04-04T06:02:20Z] Iter 969 | Total-in: 0 | Non-cached: 0 | Cache-read: 0 | Cache-create: 0 | Output: 0 | Cost: $0 | Duration: 471ms | Turns: 1
[2026-04-04T06:02:20Z] Iter 971 | Total-in: 0 | Non-cached: 0 | Cache-read: 0 | Cache-create: 0 | Output: 0 | Cost: $0 | Duration: 471ms | Turns: 1
[2026-04-04T06:02:21Z] Iter 969 | Total-in: 0 | Non-cached: 0 | Cache-read: 0 | Cache-create: 0 | Output: 0 | Cost: $0 | Duration: 1870ms | Turns: 1
[2026-04-04T06:02:22Z] Iter 963 | Total-in: 0 | Non-cached: 0 | Cache-read: 0 | Cache-create: 0 | Output: 0 | Cost: $0 | Duration: 1870ms | Turns: 1
[2026-04-04T06:02:36Z] Iter 970 | Total-in: 0 | Non-cached: 0 | Cache-read: 0 | Cache-create: 0 | Output: 0 | Cost: $0 | Duration: 695ms | Turns: 1
[2026-04-04T06:02:37Z] Iter 972 | Total-in: 0 | Non-cached: 0 | Cache-read: 0 | Cache-create: 0 | Output: 0 | Cost: $0 | Duration: 695ms | Turns: 1
[2026-04-04T06:02:38Z] Iter 964 | Total-in: 0 | Non-cached: 0 | Cache-read: 0 | Cache-create: 0 | Output: 0 | Cost: $0 | Duration: 1046ms | Turns: 1
[2026-04-04T06:02:38Z] Iter 970 | Total-in: 0 | Non-cached: 0 | Cache-read: 0 | Cache-create: 0 | Output: 0 | Cost: $0 | Duration: 1046ms | Turns: 1
[2026-04-04T06:02:52Z] Iter 971 | Total-in: 0 | Non-cached: 0 | Cache-read: 0 | Cache-create: 0 | Output: 0 | Cost: $0 | Duration: 433ms | Turns: 1
[2026-04-04T06:02:53Z] Iter 973 | Total-in: 0 | Non-cached: 0 | Cache-read: 0 | Cache-create: 0 | Output: 0 | Cost: $0 | Duration: 433ms | Turns: 1
[2026-04-04T06:02:55Z] Iter 965 | Total-in: 0 | Non-cached: 0 | Cache-read: 0 | Cache-create: 0 | Output: 0 | Cost: $0 | Duration: 510ms | Turns: 1
[2026-04-04T06:02:55Z] Iter 971 | Total-in: 0 | Non-cached: 0 | Cache-read: 0 | Cache-create: 0 | Output: 0 | Cost: $0 | Duration: 510ms | Turns: 1
[2026-04-04T06:03:08Z] Iter 972 | Total-in: 0 | Non-cached: 0 | Cache-read: 0 | Cache-create: 0 | Output: 0 | Cost: $0 | Duration: 531ms | Turns: 1
[2026-04-04T06:03:10Z] Iter 966 | Total-in: 0 | Non-cached: 0 | Cache-read: 0 | Cache-create: 0 | Output: 0 | Cost: $0 | Duration: 500ms | Turns: 1
[2026-04-04T06:03:10Z] Iter 974 | Total-in: 0 | Non-cached: 0 | Cache-read: 0 | Cache-create: 0 | Output: 0 | Cost: $0 | Duration: 500ms | Turns: 1
[2026-04-04T06:03:10Z] Iter 972 | Total-in: 0 | Non-cached: 0 | Cache-read: 0 | Cache-create: 0 | Output: 0 | Cost: $0 | Duration: 500ms | Turns: 1
[2026-04-04T06:03:25Z] Iter 973 | Total-in: 0 | Non-cached: 0 | Cache-read: 0 | Cache-create: 0 | Output: 0 | Cost: $0 | Duration: 510ms | Turns: 1
[2026-04-04T06:03:27Z] Iter 967 | Total-in: 0 | Non-cached: 0 | Cache-read: 0 | Cache-create: 0 | Output: 0 | Cost: $0 | Duration: 445ms | Turns: 1
[2026-04-04T06:03:27Z] Iter 975 | Total-in: 0 | Non-cached: 0 | Cache-read: 0 | Cache-create: 0 | Output: 0 | Cost: $0 | Duration: 445ms | Turns: 1
[2026-04-04T06:03:28Z] Iter 973 | Total-in: 0 | Non-cached: 0 | Cache-read: 0 | Cache-create: 0 | Output: 0 | Cost: $0 | Duration: 454ms | Turns: 1
[2026-04-04T06:03:42Z] Iter 974 | Total-in: 0 | Non-cached: 0 | Cache-read: 0 | Cache-create: 0 | Output: 0 | Cost: $0 | Duration: 494ms | Turns: 1
[2026-04-04T06:03:44Z] Iter 976 | Total-in: 0 | Non-cached: 0 | Cache-read: 0 | Cache-create: 0 | Output: 0 | Cost: $0 | Duration: 591ms | Turns: 1
[2026-04-04T06:03:44Z] Iter 968 | Total-in: 0 | Non-cached: 0 | Cache-read: 0 | Cache-create: 0 | Output: 0 | Cost: $0 | Duration: 471ms | Turns: 1
[2026-04-04T06:03:45Z] Iter 974 | Total-in: 0 | Non-cached: 0 | Cache-read: 0 | Cache-create: 0 | Output: 0 | Cost: $0 | Duration: 471ms | Turns: 1
[2026-04-04T06:03:58Z] Iter 975 | Total-in: 0 | Non-cached: 0 | Cache-read: 0 | Cache-create: 0 | Output: 0 | Cost: $0 | Duration: 469ms | Turns: 1
[2026-04-04T06:04:01Z] Iter 977 | Total-in: 0 | Non-cached: 0 | Cache-read: 0 | Cache-create: 0 | Output: 0 | Cost: $0 | Duration: 448ms | Turns: 1
[2026-04-04T06:04:02Z] Iter 969 | Total-in: 0 | Non-cached: 0 | Cache-read: 0 | Cache-create: 0 | Output: 0 | Cost: $0 | Duration: 483ms | Turns: 1
[2026-04-04T06:04:02Z] Iter 975 | Total-in: 0 | Non-cached: 0 | Cache-read: 0 | Cache-create: 0 | Output: 0 | Cost: $0 | Duration: 483ms | Turns: 1
[2026-04-04T06:04:14Z] Iter 976 | Total-in: 0 | Non-cached: 0 | Cache-read: 0 | Cache-create: 0 | Output: 0 | Cost: $0 | Duration: 522ms | Turns: 1
[2026-04-04T06:04:18Z] Iter 978 | Total-in: 0 | Non-cached: 0 | Cache-read: 0 | Cache-create: 0 | Output: 0 | Cost: $0 | Duration: 446ms | Turns: 1
[2026-04-04T06:04:19Z] Iter 970 | Total-in: 0 | Non-cached: 0 | Cache-read: 0 | Cache-create: 0 | Output: 0 | Cost: $0 | Duration: 446ms | Turns: 1
[2026-04-04T06:04:19Z] Iter 976 | Total-in: 0 | Non-cached: 0 | Cache-read: 0 | Cache-create: 0 | Output: 0 | Cost: $0 | Duration: 446ms | Turns: 1
[2026-04-04T06:04:31Z] Iter 977 | Total-in: 0 | Non-cached: 0 | Cache-read: 0 | Cache-create: 0 | Output: 0 | Cost: $0 | Duration: 533ms | Turns: 1
[2026-04-04T06:04:36Z] Iter 979 | Total-in: 0 | Non-cached: 0 | Cache-read: 0 | Cache-create: 0 | Output: 0 | Cost: $0 | Duration: 484ms | Turns: 1
[2026-04-04T06:04:36Z] Iter 971 | Total-in: 0 | Non-cached: 0 | Cache-read: 0 | Cache-create: 0 | Output: 0 | Cost: $0 | Duration: 484ms | Turns: 1
[2026-04-04T06:04:37Z] Iter 977 | Total-in: 0 | Non-cached: 0 | Cache-read: 0 | Cache-create: 0 | Output: 0 | Cost: $0 | Duration: 484ms | Turns: 1
[2026-04-04T06:04:47Z] Iter 978 | Total-in: 0 | Non-cached: 0 | Cache-read: 0 | Cache-create: 0 | Output: 0 | Cost: $0 | Duration: 610ms | Turns: 1
[2026-04-04T06:04:53Z] Iter 980 | Total-in: 0 | Non-cached: 0 | Cache-read: 0 | Cache-create: 0 | Output: 0 | Cost: $0 | Duration: 1223ms | Turns: 1
[2026-04-04T06:04:53Z] Iter 978 | Total-in: 0 | Non-cached: 0 | Cache-read: 0 | Cache-create: 0 | Output: 0 | Cost: $0 | Duration: 1223ms | Turns: 1
[2026-04-04T06:04:54Z] Iter 972 | Total-in: 0 | Non-cached: 0 | Cache-read: 0 | Cache-create: 0 | Output: 0 | Cost: $0 | Duration: 1223ms | Turns: 1
[] Iter 979 | No token data (result file empty or parse failed)
[] Iter 979 | No token data (result file empty or parse failed)
[2026-04-04T06:05:09Z] Iter 973 | Total-in: 0 | Non-cached: 0 | Cache-read: 0 | Cache-create: 0 | Output: 0 | Cost: $0 | Duration: 563ms | Turns: 1
[2026-04-04T06:05:09Z] Iter 981 | Total-in: 0 | Non-cached: 0 | Cache-read: 0 | Cache-create: 0 | Output: 0 | Cost: $0 | Duration: 563ms | Turns: 1
[2026-04-04T06:05:14Z] Iter 980 | Total-in: 0 | Non-cached: 0 | Cache-read: 0 | Cache-create: 0 | Output: 0 | Cost: $0 | Duration: 395ms | Turns: 1
[2026-04-04T06:05:23Z] Iter 980 | Total-in: 0 | Non-cached: 0 | Cache-read: 0 | Cache-create: 0 | Output: 0 | Cost: $0 | Duration: 505ms | Turns: 1
[2026-04-04T06:05:23Z] Iter 974 | Total-in: 0 | Non-cached: 0 | Cache-read: 0 | Cache-create: 0 | Output: 0 | Cost: $0 | Duration: 505ms | Turns: 1
[2026-04-04T06:05:24Z] Iter 982 | Total-in: 0 | Non-cached: 0 | Cache-read: 0 | Cache-create: 0 | Output: 0 | Cost: $0 | Duration: 1513ms | Turns: 1
[2026-04-04T06:05:28Z] Iter 981 | Total-in: 0 | Non-cached: 0 | Cache-read: 0 | Cache-create: 0 | Output: 0 | Cost: $0 | Duration: 404ms | Turns: 1
[2026-04-04T06:05:38Z] Iter 981 | Total-in: 0 | Non-cached: 0 | Cache-read: 0 | Cache-create: 0 | Output: 0 | Cost: $0 | Duration: 510ms | Turns: 1
[2026-04-04T06:05:38Z] Iter 975 | Total-in: 0 | Non-cached: 0 | Cache-read: 0 | Cache-create: 0 | Output: 0 | Cost: $0 | Duration: 510ms | Turns: 1
[2026-04-04T06:05:39Z] Iter 983 | Total-in: 0 | Non-cached: 0 | Cache-read: 0 | Cache-create: 0 | Output: 0 | Cost: $0 | Duration: 484ms | Turns: 1
[2026-04-04T06:05:43Z] Iter 982 | Total-in: 0 | Non-cached: 0 | Cache-read: 0 | Cache-create: 0 | Output: 0 | Cost: $0 | Duration: 409ms | Turns: 1
[2026-04-04T06:05:53Z] Iter 976 | Total-in: 0 | Non-cached: 0 | Cache-read: 0 | Cache-create: 0 | Output: 0 | Cost: $0 | Duration: 632ms | Turns: 1
[2026-04-04T06:05:53Z] Iter 982 | Total-in: 0 | Non-cached: 0 | Cache-read: 0 | Cache-create: 0 | Output: 0 | Cost: $0 | Duration: 632ms | Turns: 1
[2026-04-04T06:05:54Z] Iter 984 | Total-in: 0 | Non-cached: 0 | Cache-read: 0 | Cache-create: 0 | Output: 0 | Cost: $0 | Duration: 442ms | Turns: 1
[2026-04-04T06:05:57Z] Iter 983 | Total-in: 0 | Non-cached: 0 | Cache-read: 0 | Cache-create: 0 | Output: 0 | Cost: $0 | Duration: 452ms | Turns: 1
[2026-04-04T06:06:08Z] Iter 977 | Total-in: 0 | Non-cached: 0 | Cache-read: 0 | Cache-create: 0 | Output: 0 | Cost: $0 | Duration: 1226ms | Turns: 1
[2026-04-04T06:06:09Z] Iter 983 | Total-in: 0 | Non-cached: 0 | Cache-read: 0 | Cache-create: 0 | Output: 0 | Cost: $0 | Duration: 1226ms | Turns: 1
[2026-04-04T06:06:11Z] Iter 985 | Total-in: 0 | Non-cached: 0 | Cache-read: 0 | Cache-create: 0 | Output: 0 | Cost: $0 | Duration: 558ms | Turns: 1
[2026-04-04T06:06:12Z] Iter 984 | Total-in: 0 | Non-cached: 0 | Cache-read: 0 | Cache-create: 0 | Output: 0 | Cost: $0 | Duration: 493ms | Turns: 1
[2026-04-04T06:06:23Z] Iter 978 | Total-in: 0 | Non-cached: 0 | Cache-read: 0 | Cache-create: 0 | Output: 0 | Cost: $0 | Duration: 678ms | Turns: 1
[2026-04-04T06:06:25Z] Iter 984 | Total-in: 0 | Non-cached: 0 | Cache-read: 0 | Cache-create: 0 | Output: 0 | Cost: $0 | Duration: 1556ms | Turns: 1
[2026-04-04T06:06:26Z] Iter 986 | Total-in: 0 | Non-cached: 0 | Cache-read: 0 | Cache-create: 0 | Output: 0 | Cost: $0 | Duration: 514ms | Turns: 1
[2026-04-04T06:06:27Z] Iter 985 | Total-in: 0 | Non-cached: 0 | Cache-read: 0 | Cache-create: 0 | Output: 0 | Cost: $0 | Duration: 394ms | Turns: 1
[2026-04-04T06:06:38Z] Iter 979 | Total-in: 0 | Non-cached: 0 | Cache-read: 0 | Cache-create: 0 | Output: 0 | Cost: $0 | Duration: 462ms | Turns: 1
[2026-04-04T06:06:40Z] Iter 985 | Total-in: 0 | Non-cached: 0 | Cache-read: 0 | Cache-create: 0 | Output: 0 | Cost: $0 | Duration: 473ms | Turns: 1
[2026-04-04T06:06:41Z] Iter 987 | Total-in: 0 | Non-cached: 0 | Cache-read: 0 | Cache-create: 0 | Output: 0 | Cost: $0 | Duration: 502ms | Turns: 1
[2026-04-04T06:06:42Z] Iter 986 | Total-in: 0 | Non-cached: 0 | Cache-read: 0 | Cache-create: 0 | Output: 0 | Cost: $0 | Duration: 502ms | Turns: 1
[2026-04-04T06:06:52Z] Iter 980 | Total-in: 0 | Non-cached: 0 | Cache-read: 0 | Cache-create: 0 | Output: 0 | Cost: $0 | Duration: 486ms | Turns: 1
[2026-04-04T06:06:55Z] Iter 986 | Total-in: 0 | Non-cached: 0 | Cache-read: 0 | Cache-create: 0 | Output: 0 | Cost: $0 | Duration: 428ms | Turns: 1
[2026-04-04T06:06:57Z] Iter 988 | Total-in: 0 | Non-cached: 0 | Cache-read: 0 | Cache-create: 0 | Output: 0 | Cost: $0 | Duration: 509ms | Turns: 1
[2026-04-04T06:06:57Z] Iter 987 | Total-in: 0 | Non-cached: 0 | Cache-read: 0 | Cache-create: 0 | Output: 0 | Cost: $0 | Duration: 509ms | Turns: 1
[2026-04-04T06:07:08Z] Iter 981 | Total-in: 0 | Non-cached: 0 | Cache-read: 0 | Cache-create: 0 | Output: 0 | Cost: $0 | Duration: 1550ms | Turns: 1
[2026-04-04T06:07:10Z] Iter 987 | Total-in: 0 | Non-cached: 0 | Cache-read: 0 | Cache-create: 0 | Output: 0 | Cost: $0 | Duration: 440ms | Turns: 1
[2026-04-04T06:07:12Z] Iter 988 | Total-in: 0 | Non-cached: 0 | Cache-read: 0 | Cache-create: 0 | Output: 0 | Cost: $0 | Duration: 464ms | Turns: 1
[2026-04-04T06:07:13Z] Iter 989 | Total-in: 0 | Non-cached: 0 | Cache-read: 0 | Cache-create: 0 | Output: 0 | Cost: $0 | Duration: 596ms | Turns: 1
[2026-04-04T06:07:23Z] Iter 982 | Total-in: 0 | Non-cached: 0 | Cache-read: 0 | Cache-create: 0 | Output: 0 | Cost: $0 | Duration: 436ms | Turns: 1
[2026-04-04T06:07:26Z] Iter 988 | Total-in: 0 | Non-cached: 0 | Cache-read: 0 | Cache-create: 0 | Output: 0 | Cost: $0 | Duration: 447ms | Turns: 1
[2026-04-04T06:07:28Z] Iter 989 | Total-in: 0 | Non-cached: 0 | Cache-read: 0 | Cache-create: 0 | Output: 0 | Cost: $0 | Duration: 681ms | Turns: 1
[2026-04-04T06:07:29Z] Iter 990 | Total-in: 0 | Non-cached: 0 | Cache-read: 0 | Cache-create: 0 | Output: 0 | Cost: $0 | Duration: 421ms | Turns: 1
[2026-04-04T06:07:38Z] Iter 983 | Total-in: 0 | Non-cached: 0 | Cache-read: 0 | Cache-create: 0 | Output: 0 | Cost: $0 | Duration: 541ms | Turns: 1
[2026-04-04T06:07:42Z] Iter 989 | Total-in: 0 | Non-cached: 0 | Cache-read: 0 | Cache-create: 0 | Output: 0 | Cost: $0 | Duration: 438ms | Turns: 1
[2026-04-04T06:07:44Z] Iter 990 | Total-in: 0 | Non-cached: 0 | Cache-read: 0 | Cache-create: 0 | Output: 0 | Cost: $0 | Duration: 469ms | Turns: 1
[2026-04-04T06:07:44Z] Iter 991 | Total-in: 0 | Non-cached: 0 | Cache-read: 0 | Cache-create: 0 | Output: 0 | Cost: $0 | Duration: 469ms | Turns: 1
[2026-04-04T06:07:54Z] Iter 984 | Total-in: 0 | Non-cached: 0 | Cache-read: 0 | Cache-create: 0 | Output: 0 | Cost: $0 | Duration: 448ms | Turns: 1
[2026-04-04T06:07:57Z] Iter 990 | Total-in: 0 | Non-cached: 0 | Cache-read: 0 | Cache-create: 0 | Output: 0 | Cost: $0 | Duration: 455ms | Turns: 1
[2026-04-04T06:08:00Z] Iter 991 | Total-in: 0 | Non-cached: 0 | Cache-read: 0 | Cache-create: 0 | Output: 0 | Cost: $0 | Duration: 552ms | Turns: 1
[2026-04-04T06:08:04Z] Iter 992 | Total-in: 0 | Non-cached: 0 | Cache-read: 0 | Cache-create: 0 | Output: 0 | Cost: $0 | Duration: 1522ms | Turns: 1
[2026-04-04T06:08:09Z] Iter 985 | Total-in: 0 | Non-cached: 0 | Cache-read: 0 | Cache-create: 0 | Output: 0 | Cost: $0 | Duration: 430ms | Turns: 1
[2026-04-04T06:08:13Z] Iter 991 | Total-in: 0 | Non-cached: 0 | Cache-read: 0 | Cache-create: 0 | Output: 0 | Cost: $0 | Duration: 646ms | Turns: 1
[2026-04-04T06:08:16Z] Iter 992 | Total-in: 0 | Non-cached: 0 | Cache-read: 0 | Cache-create: 0 | Output: 0 | Cost: $0 | Duration: 433ms | Turns: 1
[2026-04-04T06:08:20Z] Iter 993 | Total-in: 0 | Non-cached: 0 | Cache-read: 0 | Cache-create: 0 | Output: 0 | Cost: $0 | Duration: 557ms | Turns: 1
[2026-04-04T06:08:25Z] Iter 986 | Total-in: 0 | Non-cached: 0 | Cache-read: 0 | Cache-create: 0 | Output: 0 | Cost: $0 | Duration: 662ms | Turns: 1
[2026-04-04T06:08:30Z] Iter 992 | Total-in: 0 | Non-cached: 0 | Cache-read: 0 | Cache-create: 0 | Output: 0 | Cost: $0 | Duration: 835ms | Turns: 1
[2026-04-04T06:08:32Z] Iter 993 | Total-in: 0 | Non-cached: 0 | Cache-read: 0 | Cache-create: 0 | Output: 0 | Cost: $0 | Duration: 578ms | Turns: 1
[2026-04-04T06:08:36Z] Iter 994 | Total-in: 0 | Non-cached: 0 | Cache-read: 0 | Cache-create: 0 | Output: 0 | Cost: $0 | Duration: 547ms | Turns: 1
[2026-04-04T06:08:41Z] Iter 987 | Total-in: 0 | Non-cached: 0 | Cache-read: 0 | Cache-create: 0 | Output: 0 | Cost: $0 | Duration: 460ms | Turns: 1
[2026-04-04T06:08:46Z] Iter 993 | Total-in: 0 | Non-cached: 0 | Cache-read: 0 | Cache-create: 0 | Output: 0 | Cost: $0 | Duration: 472ms | Turns: 1
[2026-04-04T06:08:48Z] Iter 994 | Total-in: 0 | Non-cached: 0 | Cache-read: 0 | Cache-create: 0 | Output: 0 | Cost: $0 | Duration: 541ms | Turns: 1
[2026-04-04T06:08:52Z] Iter 995 | Total-in: 0 | Non-cached: 0 | Cache-read: 0 | Cache-create: 0 | Output: 0 | Cost: $0 | Duration: 482ms | Turns: 1
[2026-04-04T06:08:58Z] Iter 988 | Total-in: 0 | Non-cached: 0 | Cache-read: 0 | Cache-create: 0 | Output: 0 | Cost: $0 | Duration: 564ms | Turns: 1
[2026-04-04T06:09:03Z] Iter 994 | Total-in: 0 | Non-cached: 0 | Cache-read: 0 | Cache-create: 0 | Output: 0 | Cost: $0 | Duration: 515ms | Turns: 1
[2026-04-04T06:09:06Z] Iter 995 | Total-in: 0 | Non-cached: 0 | Cache-read: 0 | Cache-create: 0 | Output: 0 | Cost: $0 | Duration: 479ms | Turns: 
[2026-04-04T06:09:09Z] Iter 996 | Total-in: 0 | Non-cached: 0 | Cache-read: 0 | Cache-create: 0 | Output: 0 | Cost: $0 | Duration: 544ms | Turns: 1
[] Iter 989 | No token data (result file empty or parse failed)
[2026-04-04T06:09:20Z] Iter 995 | Total-in: 0 | Non-cached: 0 | Cache-read: 0 | Cache-create: 0 | Output: 0 | Cost: $0 | Duration: 1283ms | Turns: 1
[] Iter 996 | No token data (result file empty or parse failed)
[2026-04-04T06:09:25Z] Iter 997 | Total-in: 0 | Non-cached: 0 | Cache-read: 0 | Cache-create: 0 | Output: 0 | Cost: $0 | Duration: 535ms | Turns: 1
[2026-04-04T06:09:30Z] Iter 990 | Total-in: 0 | Non-cached: 0 | Cache-read: 0 | Cache-create: 0 | Output: 0 | Cost: $0 | Duration: 530ms | Turns: 1
[] Iter 996 | No token data (result file empty or parse failed)
[] Iter 997 | No token data (result file empty or parse failed)
[2026-04-04T06:09:44Z] Iter 998 | Total-in: 0 | Non-cached: 0 | Cache-read: 0 | Cache-create: 0 | Output: 0 | Cost: $0 | Duration: 559ms | Turns: 1
[2026-04-04T06:09:48Z] Iter 991 | Total-in: 0 | Non-cached: 0 | Cache-read: 0 | Cache-create: 0 | Output: 0 | Cost: $0 | Duration: 515ms | Turns: 1
[] Iter 997 | No token data (result file empty or parse failed)
[] Iter 998 | No token data (result file empty or parse failed)
[2026-04-04T06:09:58Z] Iter 999 | Total-in: 0 | Non-cached: 0 | Cache-read: 0 | Cache-create: 0 | Output: 0 | Cost: $0 | Duration: 441ms | Turns: 1
[2026-04-04T06:10:03Z] Iter 992 | Total-in: 0 | Non-cached: 0 | Cache-read: 0 | Cache-create: 0 | Output: 0 | Cost: $0 | Duration: 1076ms | Turns: 1
[] Iter 998 | No token data (result file empty or parse failed)
[] Iter 999 | No token data (result file empty or parse failed)
[2026-04-04T06:10:11Z] Iter 1000 | Total-in: 0 | Non-cached: 0 | Cache-read: 0 | Cache-create: 0 | Output: 0 | Cost: $0 | Duration: 398ms | Turns: 1
[2026-04-04T06:10:17Z] Iter 993 | Total-in: 0 | Non-cached: 0 | Cache-read: 0 | Cache-create: 0 | Output: 0 | Cost: $0 | Duration: 418ms | Turns: 1
[2026-04-04T06:10:20Z] Iter 999 | Total-in: 0 | Non-cached: 0 | Cache-read: 0 | Cache-create: 0 | Output: 0 | Cost: $0 | Duration: 406ms | Turns: 1
[2026-04-04T06:10:20Z] Iter 1000 | Total-in: 0 | Non-cached: 0 | Cache-read: 0 | Cache-create: 0 | Output: 0 | Cost: $0 | Duration: 406ms | Turns: 1
[2026-04-04T06:10:27Z] Iter 1001 | Total-in: 0 | Non-cached: 0 | Cache-read: 0 | Cache-create: 0 | Output: 0 | Cost: $0 | Duration: 1523ms | Turns: 1
[2026-04-04T06:10:32Z] Iter 994 | Total-in: 0 | Non-cached: 0 | Cache-read: 0 | Cache-create: 0 | Output: 0 | Cost: $0 | Duration: 417ms | Turns: 1
[2026-04-04T06:10:34Z] Iter 1000 | Total-in: 0 | Non-cached: 0 | Cache-read: 0 | Cache-create:  | Output: 0 | Cost: $ | Duration: ms | Turns: 
[] Iter 1001 | No token data (result file empty or parse failed)
[2026-04-04T06:10:42Z] Iter 1002 | Total-in: 0 | Non-cached: 0 | Cache-read:  | Cache-create:  | Output: 0 | Cost: $ | Duration: ms | Turns: 
[2026-04-04T06:10:48Z] Iter 995 | Total-in: 0 | Non-cached: 0 | Cache-read: 0 | Cache-create: 0 | Output: 0 | Cost: $0 | Duration: 420ms | Turns: 1
[2026-04-04T06:10:49Z] Iter 1001 | Total-in: 0 | Non-cached: 0 | Cache-read: 0 | Cache-create: 0 | Output: 0 | Cost: $0 | Duration: 433ms | Turns: 1
[2026-04-04T06:10:49Z] Iter 1002 | Total-in: 0 | Non-cached: 0 | Cache-read: 0 | Cache-create: 0 | Output: 0 | Cost: $0 | Duration: 433ms | Turns: 1
[] Iter 1003 | No token data (result file empty or parse failed)
[2026-04-04T06:11:03Z] Iter 996 | Total-in: 0 | Non-cached: 0 | Cache-read: 0 | Cache-create: 0 | Output: 0 | Cost: $0 | Duration: 435ms | Turns: 1
[2026-04-04T06:11:04Z] Iter 1002 | Total-in: 0 | Non-cached: 0 | Cache-read:  | Cache-create:  | Output:  | Cost: $ | Duration: ms | Turns: 
[2026-04-04T06:11:04Z] Iter 1003 | Total-in: 0 | Non-cached: 0 | Cache-read:  | Cache-create:  | Output:  | Cost: $ | Duration: ms | Turns: 
[] Iter 1004 | No token data (result file empty or parse failed)
[2026-04-04T06:11:19Z] Iter 997 | Total-in: 0 | Non-cached: 0 | Cache-read: 0 | Cache-create: 0 | Output: 0 | Cost: $0 | Duration: 1276ms | Turns: 1
[2026-04-04T06:11:19Z] Iter 1003 | Total-in: 0 | Non-cached: 0 | Cache-read: 0 | Cache-create: 0 | Output: 0 | Cost: $0 | Duration: 1276ms | Turns: 1
[2026-04-04T06:11:19Z] Iter 1004 | Total-in: 0 | Non-cached: 0 | Cache-read: 0 | Cache-create: 0 | Output: 0 | Cost: $0 | Duration: 1276ms | Turns: 1
[2026-04-04T06:11:24Z] Iter 1005 | Total-in: 0 | Non-cached: 0 | Cache-read: 0 | Cache-create: 0 | Output: 0 | Cost: $0 | Duration: 405ms | Turns: 1
[2026-04-04T06:11:34Z] Iter 998 | Total-in: 0 | Non-cached: 0 | Cache-read: 0 | Cache-create: 0 | Output: 0 | Cost: $0 | Duration: 641ms | Turns: 1
[2026-04-04T06:11:34Z] Iter 1004 | Total-in: 0 | Non-cached: 0 | Cache-read: 0 | Cache-create: 0 | Output: 0 | Cost: $0 | Duration: 513ms | Turns: 1
[2026-04-04T06:11:35Z] Iter 1005 | Total-in: 0 | Non-cached: 0 | Cache-read: 0 | Cache-create: 0 | Output: 0 | Cost: $0 | Duration: 513ms | Turns: 1
[2026-04-04T06:11:40Z] Iter 1006 | Total-in: 0 | Non-cached: 0 | Cache-read: 0 | Cache-create: 0 | Output: 0 | Cost: $0 | Duration: 443ms | Turns: 1
[2026-04-04T06:11:50Z] Iter 999 | Total-in: 0 | Non-cached: 0 | Cache-read: 0 | Cache-create: 0 | Output: 0 | Cost: $0 | Duration: 526ms | Turns: 1
[2026-04-04T06:11:50Z] Iter 1005 | Total-in: 0 | Non-cached: 0 | Cache-read: 0 | Cache-create: 0 | Output: 0 | Cost: $0 | Duration: 526ms | Turns: 1
[2026-04-04T06:11:53Z] Iter 1006 | Total-in: 0 | Non-cached: 0 | Cache-read: 0 | Cache-create: 0 | Output: 0 | Cost: $0 | Duration: 600ms | Turns: 1
[2026-04-04T06:11:56Z] Iter 1007 | Total-in: 0 | Non-cached: 0 | Cache-read: 0 | Cache-create: 0 | Output: 0 | Cost: $0 | Duration: 475ms | Turns: 1
[2026-04-04T06:12:06Z] Iter 1000 | Total-in: 0 | Non-cached: 0 | Cache-read: 0 | Cache-create: 0 | Output: 0 | Cost: $0 | Duration: 443ms | Turns: 1
[2026-04-04T06:12:06Z] Iter 1006 | Total-in: 0 | Non-cached: 0 | Cache-read: 0 | Cache-create: 0 | Output: 0 | Cost: $0 | Duration: 443ms | Turns: 1
[2026-04-04T06:12:11Z] Iter 1007 | Total-in: 0 | Non-cached: 0 | Cache-read: 0 | Cache-create: 0 | Output: 0 | Cost: $0 | Duration: 1669ms | Turns: 1
[2026-04-04T06:12:12Z] Iter 1008 | Total-in: 0 | Non-cached: 0 | Cache-read: 0 | Cache-create: 0 | Output: 0 | Cost: $0 | Duration: 543ms | Turns: 1
[2026-04-04T06:12:23Z] Iter 1007 | Total-in: 0 | Non-cached: 0 | Cache-read: 0 | Cache-create: 0 | Output: 0 | Cost: $0 | Duration: 1572ms | Turns: 1
[2026-04-04T06:12:23Z] Iter 1001 | Total-in: 0 | Non-cached: 0 | Cache-read: 0 | Cache-create: 0 | Output: 0 | Cost: $0 | Duration: 1572ms | Turns: 1
[2026-04-04T06:12:27Z] Iter 1008 | Total-in: 0 | Non-cached: 0 | Cache-read: 0 | Cache-create: 0 | Output: 0 | Cost: $0 | Duration: 425ms | Turns: 1
[2026-04-04T06:12:29Z] Iter 1009 | Total-in: 0 | Non-cached: 0 | Cache-read: 0 | Cache-create: 0 | Output: 0 | Cost: $0 | Duration: 465ms | Turns: 1
[2026-04-04T06:12:39Z] Iter 1008 | Total-in: 0 | Non-cached: 0 | Cache-read: 0 | Cache-create: 0 | Output: 0 | Cost: $0 | Duration: 478ms | Turns: 1
[2026-04-04T06:12:40Z] Iter 1002 | Total-in: 0 | Non-cached: 0 | Cache-read: 0 | Cache-create: 0 | Output: 0 | Cost: $0 | Duration: 478ms | Turns: 1
[2026-04-04T06:12:45Z] Iter 1009 | Total-in: 0 | Non-cached: 0 | Cache-read: 0 | Cache-create: 0 | Output: 0 | Cost: $0 | Duration: 582ms | Turns: 1
[2026-04-04T06:12:46Z] Iter 1010 | Total-in: 0 | Non-cached: 0 | Cache-read: 0 | Cache-create: 0 | Output: 0 | Cost: $0 | Duration: 459ms | Turns: 1
[2026-04-04T06:12:56Z] Iter 1009 | Total-in: 0 | Non-cached: 0 | Cache-read: 0 | Cache-create: 0 | Output: 0 | Cost: $0 | Duration: 484ms | Turns: 1
[2026-04-04T06:12:57Z] Iter 1003 | Total-in: 0 | Non-cached: 0 | Cache-read: 0 | Cache-create: 0 | Output: 0 | Cost: $0 | Duration: 537ms | Turns: 1
[2026-04-04T06:13:01Z] Iter 1010 | Total-in: 0 | Non-cached: 0 | Cache-read: 0 | Cache-create: 0 | Output: 0 | Cost: $0 | Duration: 441ms | Turns: 1
[2026-04-04T06:13:02Z] Iter 1011 | Total-in: 0 | Non-cached: 0 | Cache-read: 0 | Cache-create: 0 | Output: 0 | Cost: $0 | Duration: 441ms | Turns: 1
[2026-04-04T06:13:13Z] Iter 1010 | Total-in: 0 | Non-cached: 0 | Cache-read: 0 | Cache-create: 0 | Output: 0 | Cost: $0 | Duration: 520ms | Turns: 1
[2026-04-04T06:13:15Z] Iter 1004 | Total-in: 0 | Non-cached: 0 | Cache-read: 0 | Cache-create: 0 | Output: 0 | Cost: $0 | Duration: 696ms | Turns: 1
[2026-04-04T06:13:19Z] Iter 1011 | Total-in: 0 | Non-cached: 0 | Cache-read: 0 | Cache-create: 0 | Output: 0 | Cost: $0 | Duration: 469ms | Turns: 1
[] Iter 1012 | No token data (result file empty or parse failed)
[2026-04-04T06:13:30Z] Iter 1011 | Total-in: 0 | Non-cached: 0 | Cache-read: 0 | Cache-create: 0 | Output: 0 | Cost: $0 | Duration: 504ms | Turns: 1
[2026-04-04T06:13:33Z] Iter 1005 | Total-in: 0 | Non-cached: 0 | Cache-read: 0 | Cache-create: 0 | Output: 0 | Cost: $0 | Duration: 486ms | Turns: 1
[2026-04-04T06:13:37Z] Iter 1012 | Total-in: 0 | Non-cached: 0 | Cache-read: 0 | Cache-create: 0 | Output: 0 | Cost: $0 | Duration: 1174ms | Turns: 1
[2026-04-04T06:13:38Z] Iter 1013 | Total-in: 0 | Non-cached: 0 | Cache-read:  | Cache-create:  | Output:  | Cost: $ | Duration: ms | Turns: 
[2026-04-04T06:13:44Z] Iter 1012 | Total-in: 0 | Non-cached: 0 | Cache-read: 0 | Cache-create: 0 | Output: 0 | Cost: $0 | Duration: 387ms | Turns: 1
[2026-04-04T06:13:47Z] Iter 1006 | Total-in: 0 | Non-cached: 0 | Cache-read: 0 | Cache-create: 0 | Output: 0 | Cost: $0 | Duration: 542ms | Turns: 1
[2026-04-04T06:13:52Z] Iter 1014 | Total-in: 0 | Non-cached: 0 | Cache-read: 0 | Cache-create: 0 | Output: 0 | Cost: $0 | Duration: 1910ms | Turns: 1
[2026-04-04T06:13:53Z] Iter 1013 | Total-in: 0 | Non-cached: 0 | Cache-read: 0 | Cache-create: 0 | Output: 0 | Cost: $0 | Duration: 1910ms | Turns: 1
[2026-04-04T06:13:58Z] Iter 1013 | Total-in: 0 | Non-cached: 0 | Cache-read: 0 | Cache-create: 0 | Output: 0 | Cost: $0 | Duration: 507ms | Turns: 1
[2026-04-04T06:14:01Z] Iter 1007 | Total-in: 0 | Non-cached: 0 | Cache-read: 0 | Cache-create: 0 | Output: 0 | Cost: $0 | Duration: 412ms | Turns: 1
[] Iter 1015 | No token data (result file empty or parse failed)
[2026-04-04T06:14:07Z] Iter 1014 | Total-in: 0 | Non-cached: 0 | Cache-read: 0 | Cache-create: 0 | Output: 0 | Cost: $0 | Duration: 433ms | Turns: 1
[2026-04-04T06:14:12Z] Iter 1014 | Total-in: 0 | Non-cached: 0 | Cache-read: 0 | Cache-create: 0 | Output: 0 | Cost: $0 | Duration: 530ms | Turns: 1
[] Iter 1008 | No token data (result file empty or parse failed)
[] Iter 1016 | No token data (result file empty or parse failed)
[2026-04-04T06:14:22Z] Iter 1015 | Total-in: 0 | Non-cached: 0 | Cache-read:  | Cache-create:  | Output:  | Cost: $ | Duration: ms | Turns: 
[2026-04-04T06:14:27Z] Iter 1015 | Total-in: 0 | Non-cached: 0 | Cache-read: 0 | Cache-create: 0 | Output: 0 | Cost: $0 | Duration: 449ms | Turns: 1
[2026-04-04T06:14:30Z] Iter 1009 | Total-in: 0 | Non-cached: 0 | Cache-read: 0 | Cache-create: 0 | Output: 0 | Cost: $0 | Duration: 584ms | Turns: 1
[2026-04-04T06:14:34Z] Iter 1017 | Total-in: 0 | Non-cached: 0 | Cache-read: 0 | Cache-create: 0 | Output: 0 | Cost: $0 | Duration: 492ms | Turns: 1
[2026-04-04T06:14:36Z] Iter 1016 | Total-in: 0 | Non-cached: 0 | Cache-read: 0 | Cache-create: 0 | Output: 0 | Cost: $0 | Duration: 482ms | Turns: 1
[2026-04-04T06:14:41Z] Iter 1016 | Total-in: 0 | Non-cached: 0 | Cache-read: 0 | Cache-create: 0 | Output: 0 | Cost: $0 | Duration: 358ms | Turns: 1
[2026-04-04T06:14:43Z] Iter 1010 | Total-in: 0 | Non-cached: 0 | Cache-read: 0 | Cache-create: 0 | Output: 0 | Cost: $0 | Duration: 416ms | Turns: 1
[] Iter 1018 | No token data (result file empty or parse failed)
[2026-04-04T06:14:51Z] Iter 1017 | Total-in: 0 | Non-cached: 0 | Cache-read: 0 | Cache-create: 0 | Output: 0 | Cost: $0 | Duration: 521ms | Turns: 
[2026-04-04T06:14:55Z] Iter 1017 | Total-in: 0 | Non-cached: 0 | Cache-read: 0 | Cache-create: 0 | Output: 0 | Cost: $0 | Duration: 419ms | Turns: 1
[2026-04-04T06:14:58Z] Iter 1011 | Total-in: 0 | Non-cached: 0 | Cache-read: 0 | Cache-create: 0 | Output: 0 | Cost: $0 | Duration: 655ms | Turns: 1
[2026-04-04T06:15:02Z] Iter 1019 | Total-in: 0 | Non-cached: 0 | Cache-read: 0 | Cache-create: 0 | Output: 0 | Cost: $0 | Duration: 509ms | Turns: 1
[2026-04-04T06:15:06Z] Iter 1018 | Total-in: 0 | Non-cached:  | Cache-read:  | Cache-create:  | Output:  | Cost: $ | Duration: ms | Turns: 
[2026-04-04T06:15:10Z] Iter 1018 | Total-in: 0 | Non-cached: 0 | Cache-read: 0 | Cache-create: 0 | Output: 0 | Cost: $0 | Duration: 544ms | Turns: 1
[2026-04-04T06:15:12Z] Iter 1012 | Total-in: 0 | Non-cached: 0 | Cache-read: 0 | Cache-create: 0 | Output: 0 | Cost: $0 | Duration: 421ms | Turns: 1
[2026-04-04T06:15:17Z] Iter 1020 | Total-in: 0 | Non-cached: 0 | Cache-read: 0 | Cache-create: 0 | Output: 0 | Cost: $0 | Duration: 833ms | Turns: 1
[] Iter 1019 | No token data (result file empty or parse failed)
[2026-04-04T06:15:24Z] Iter 1019 | Total-in: 0 | Non-cached: 0 | Cache-read: 0 | Cache-create: 0 | Output: 0 | Cost: $0 | Duration: 501ms | Turns: 1
[2026-04-04T06:15:27Z] Iter 1013 | Total-in: 0 | Non-cached: 0 | Cache-read:  | Cache-create:  | Output: 0 | Cost: $ | Duration: ms | Turns: 
[] Iter 1021 | No token data (result file empty or parse failed)
[] Iter 1020 | No token data (result file empty or parse failed)
[2026-04-04T06:15:39Z] Iter 1020 | Total-in: 0 | Non-cached: 0 | Cache-read: 0 | Cache-create: 0 | Output: 0 | Cost: $0 | Duration: ms | Turns: 
[] Iter 1014 | No token data (result file empty or parse failed)
[] Iter 1022 | No token data (result file empty or parse failed)
[] Iter 1021 | No token data (result file empty or parse failed)
[] Iter 1021 | No token data (result file empty or parse failed)
[] Iter 1015 | No token data (result file empty or parse failed)
[] Iter 1023 | No token data (result file empty or parse failed)
[2026-04-04T06:16:06Z] Iter 1022 | Total-in: 0 | Non-cached: 0 | Cache-read: 0 | Cache-create: 0 | Output: 0 | Cost: $0 | Duration: 476ms | Turns: 1
[] Iter 1022 | No token data (result file empty or parse failed)
[2026-04-04T06:16:13Z] Iter 1016 | Total-in: 0 | Non-cached: 0 | Cache-read: 0 | Cache-create: 0 | Output: 0 | Cost: $0 | Duration: 535ms | Turns: 1
[2026-04-04T06:16:17Z] Iter 1024 | Total-in: 0 | Non-cached: 0 | Cache-read:  | Cache-create:  | Output: 0 | Cost: $ | Duration: ms | Turns: 
[2026-04-04T06:16:22Z] Iter 1023 | Total-in: 0 | Non-cached: 0 | Cache-read: 0 | Cache-create: 0 | Output: 0 | Cost: $0 | Duration: 469ms | Turns: 1
[2026-04-04T06:16:25Z] Iter 1023 | Total-in: 0 | Non-cached: 0 | Cache-read:  | Cache-create:  | Output:  | Cost: $ | Duration: ms | Turns: 
[2026-04-04T06:16:28Z] Iter 1017 | Total-in: 0 | Non-cached: 0 | Cache-read: 0 | Cache-create: 0 | Output: 0 | Cost: $0 | Duration: 469ms | Turns: 1
[] Iter 1025 | No token data (result file empty or parse failed)
[2026-04-04T06:16:38Z] Iter 1024 | Total-in: 0 | Non-cached: 0 | Cache-read: 0 | Cache-create: 0 | Output: 0 | Cost: $0 | Duration: 887ms | Turns: 1
[2026-04-04T06:16:43Z] Iter 1024 | Total-in: 0 | Non-cached: 0 | Cache-read: 0 | Cache-create: 0 | Output: 0 | Cost: $0 | Duration: 469ms | Turns: 1
[2026-04-04T06:16:44Z] Iter 1018 | Total-in: 0 | Non-cached: 0 | Cache-read: 0 | Cache-create: 0 | Output: 0 | Cost: $0 | Duration: 517ms | Turns: 1
[2026-04-04T06:16:48Z] Iter 1026 | Total-in: 0 | Non-cached: 0 | Cache-read: 0 | Cache-create: 0 | Output: 0 | Cost: $0 | Duration: 455ms | Turns: 1
[2026-04-04T06:16:56Z] Iter 1025 | Total-in: 0 | Non-cached: 0 | Cache-read: 0 | Cache-create: 0 | Output: 0 | Cost: $0 | Duration: 487ms | Turns: 1
[2026-04-04T06:16:59Z] Iter 1025 | Total-in: 0 | Non-cached: 0 | Cache-read: 0 | Cache-create: 0 | Output: 0 | Cost: $0 | Duration: 460ms | Turns: 1
[2026-04-04T06:17:01Z] Iter 1019 | Total-in: 0 | Non-cached: 0 | Cache-read: 0 | Cache-create: 0 | Output: 0 | Cost: $0 | Duration: 482ms | Turns: 1
[2026-04-04T06:17:05Z] Iter 1027 | Total-in: 0 | Non-cached: 0 | Cache-read: 0 | Cache-create: 0 | Output: 0 | Cost: $0 | Duration: 609ms | Turns: 1
[2026-04-04T06:17:12Z] Iter 1026 | Total-in: 0 | Non-cached: 0 | Cache-read: 0 | Cache-create: 0 | Output: 0 | Cost: $0 | Duration: 671ms | Turns: 1
[2026-04-04T06:17:17Z] Iter 1026 | Total-in: 0 | Non-cached: 0 | Cache-read: 0 | Cache-create: 0 | Output: 0 | Cost: $0 | Duration: 500ms | Turns: 1
[2026-04-04T06:17:18Z] Iter 1020 | Total-in: 0 | Non-cached: 0 | Cache-read: 0 | Cache-create: 0 | Output: 0 | Cost: $0 | Duration: 500ms | Turns: 1
[2026-04-04T06:17:22Z] Iter 1028 | Total-in: 0 | Non-cached: 0 | Cache-read: 0 | Cache-create: 0 | Output: 0 | Cost: $0 | Duration: 495ms | Turns: 1
[2026-04-04T06:17:29Z] Iter 1027 | Total-in: 0 | Non-cached: 0 | Cache-read: 0 | Cache-create: 0 | Output: 0 | Cost: $0 | Duration: 480ms | Turns: 1
[2026-04-04T06:17:35Z] Iter 1021 | Total-in: 0 | Non-cached: 0 | Cache-read: 0 | Cache-create: 0 | Output: 0 | Cost: $0 | Duration: 1488ms | Turns: 1
[2026-04-04T06:17:35Z] Iter 1027 | Total-in: 0 | Non-cached: 0 | Cache-read: 0 | Cache-create: 0 | Output: 0 | Cost: $0 | Duration: 1488ms | Turns: 1
[2026-04-04T06:17:40Z] Iter 1029 | Total-in: 0 | Non-cached: 0 | Cache-read: 0 | Cache-create: 0 | Output: 0 | Cost: $0 | Duration: 1646ms | Turns: 1
[2026-04-04T06:17:45Z] Iter 1028 | Total-in: 0 | Non-cached: 0 | Cache-read: 0 | Cache-create: 0 | Output: 0 | Cost: $0 | Duration: 439ms | Turns: 1
[2026-04-04T06:17:51Z] Iter 1022 | Total-in: 0 | Non-cached: 0 | Cache-read: 0 | Cache-create: 0 | Output: 0 | Cost: $0 | Duration: 578ms | Turns: 1
[2026-04-04T06:17:52Z] Iter 1028 | Total-in: 0 | Non-cached: 0 | Cache-read: 0 | Cache-create: 0 | Output: 0 | Cost: $0 | Duration: 578ms | Turns: 1
[2026-04-04T06:17:56Z] Iter 1030 | Total-in: 0 | Non-cached: 0 | Cache-read: 0 | Cache-create: 0 | Output: 0 | Cost: $0 | Duration: 452ms | Turns: 1
[2026-04-04T06:18:01Z] Iter 1029 | Total-in: 0 | Non-cached: 0 | Cache-read: 0 | Cache-create: 0 | Output: 0 | Cost: $0 | Duration: 476ms | Turns: 1
[2026-04-04T06:18:06Z] Iter 1023 | Total-in: 0 | Non-cached: 0 | Cache-read: 0 | Cache-create: 0 | Output: 0 | Cost: $0 | Duration: 1055ms | Turns: 1
[2026-04-04T06:18:06Z] Iter 1029 | Total-in: 0 | Non-cached: 0 | Cache-read: 0 | Cache-create: 0 | Output: 0 | Cost: $0 | Duration: 1055ms | Turns: 1
[2026-04-04T06:18:10Z] Iter 1031 | Total-in: 0 | Non-cached: 0 | Cache-read: 0 | Cache-create: 0 | Output: 0 | Cost: $0 | Duration: 530ms | Turns: 1
[2026-04-04T06:18:15Z] Iter 1030 | Total-in: 0 | Non-cached: 0 | Cache-read: 0 | Cache-create: 0 | Output: 0 | Cost: $0 | Duration: 548ms | Turns: 1
[2026-04-04T06:18:20Z] Iter 1024 | Total-in: 0 | Non-cached: 0 | Cache-read: 0 | Cache-create: 0 | Output: 0 | Cost: $0 | Duration: 556ms | Turns: 1
[2026-04-04T06:18:21Z] Iter 1030 | Total-in: 0 | Non-cached: 0 | Cache-read: 0 | Cache-create: 0 | Output: 0 | Cost: $0 | Duration: 661ms | Turns: 1
[2026-04-04T06:18:25Z] Iter 1032 | Total-in: 0 | Non-cached: 0 | Cache-read: 0 | Cache-create: 0 | Output: 0 | Cost: $0 | Duration: 1507ms | Turns: 1
[] Iter 1031 | No token data (result file empty or parse failed)
[2026-04-04T06:18:35Z] Iter 1031 | Total-in: 0 | Non-cached: 0 | Cache-read: 0 | Cache-create: 0 | Output: 0 | Cost: $0 | Duration: 415ms | Turns: 1
[2026-04-04T06:18:36Z] Iter 1025 | Total-in: 0 | Non-cached: 0 | Cache-read: 0 | Cache-create: 0 | Output: 0 | Cost: $0 | Duration: 415ms | Turns: 1
[2026-04-04T06:18:40Z] Iter 1033 | Total-in: 0 | Non-cached: 0 | Cache-read: 0 | Cache-create: 0 | Output: 0 | Cost: $0 | Duration: 727ms | Turns: 1
[2026-04-04T06:18:43Z] Iter 1032 | Total-in: 0 | Non-cached: 0 | Cache-read: 0 | Cache-create: 0 | Output: 0 | Cost: $0 | Duration: 434ms | Turns: 
[2026-04-04T06:18:50Z] Iter 1032 | Total-in: 0 | Non-cached: 0 | Cache-read: 0 | Cache-create: 0 | Output: 0 | Cost: $0 | Duration: 823ms | Turns: 1
[2026-04-04T06:18:51Z] Iter 1026 | Total-in: 0 | Non-cached: 0 | Cache-read: 0 | Cache-create: 0 | Output: 0 | Cost: $0 | Duration: 417ms | Turns: 1
[2026-04-04T06:18:54Z] Iter 1034 | Total-in: 0 | Non-cached: 0 | Cache-read: 0 | Cache-create: 0 | Output: 0 | Cost: $0 | Duration: 421ms | Turns: 1
[2026-04-04T06:18:57Z] Iter 1033 | Total-in: 0 | Non-cached: 0 | Cache-read: 0 | Cache-create: 0 | Output: 0 | Cost: $0 | Duration: 431ms | Turns: 1
[2026-04-04T06:19:04Z] Iter 1033 | Total-in: 0 | Non-cached: 0 | Cache-read: 0 | Cache-create: 0 | Output: 0 | Cost: $0 | Duration: 520ms | Turns: 1
[] Iter 1027 | No token data (result file empty or parse failed)
[2026-04-04T06:19:09Z] Iter 1035 | Total-in: 0 | Non-cached: 0 | Cache-read: 0 | Cache-create: 0 | Output: 0 | Cost: $0 | Duration: 419ms | Turns: 1
[] Iter 1034 | No token data (result file empty or parse failed)
[2026-04-04T06:19:19Z] Iter 1034 | Total-in: 0 | Non-cached: 0 | Cache-read:  | Cache-create:  | Output:  | Cost: $ | Duration: ms | Turns: 
[] Iter 1028 | No token data (result file empty or parse failed)
[2026-04-04T06:19:24Z] Iter 1036 | Total-in: 0 | Non-cached: 0 | Cache-read: 0 | Cache-create: 0 | Output: 0 | Cost: $0 | Duration: 420ms | Turns: 1
[2026-04-04T06:19:25Z] Iter 1035 | Total-in: 0 | Non-cached: 0 | Cache-read: 0 | Cache-create: 0 | Output: 0 | Cost: $0 | Duration: 437ms | Turns: 1
[2026-04-04T06:19:33Z] Iter 1035 | Total-in: 0 | Non-cached: 0 | Cache-read: 0 | Cache-create: 0 | Output: 0 | Cost: $0 | Duration: 404ms | Turns: 
[2026-04-04T06:19:34Z] Iter 1029 | Total-in: 0 | Non-cached: 0 | Cache-read: 0 | Cache-create: 0 | Output: 0 | Cost: $0 | Duration: 1602ms | Turns: 1
[2026-04-04T06:19:38Z] Iter 1037 | Total-in: 0 | Non-cached: 0 | Cache-read: 0 | Cache-create: 0 | Output: 0 | Cost: $0 | Duration: 410ms | Turns: 1
[2026-04-04T06:19:40Z] Iter 1036 | Total-in: 0 | Non-cached: 0 | Cache-read: 0 | Cache-create: 0 | Output: 0 | Cost: $0 | Duration: 400ms | Turns: 1
[] Iter 1036 | No token data (result file empty or parse failed)
[2026-04-04T06:19:49Z] Iter 1030 | Total-in: 0 | Non-cached: 0 | Cache-read: 0 | Cache-create: 0 | Output: 0 | Cost: $0 | Duration: 561ms | Turns: 1
[2026-04-04T06:19:53Z] Iter 1038 | Total-in: 0 | Non-cached: 0 | Cache-read: 0 | Cache-create: 0 | Output: 0 | Cost: $0 | Duration: 487ms | Turns: 1
[] Iter 1037 | No token data (result file empty or parse failed)
[2026-04-04T06:20:02Z] Iter 1037 | Total-in: 0 | Non-cached: 0 | Cache-read: 0 | Cache-create: 0 | Output: 0 | Cost: $0 | Duration: 444ms | Turns: 1
[2026-04-04T06:20:05Z] Iter 1031 | Total-in: 0 | Non-cached: 0 | Cache-read: 0 | Cache-create: 0 | Output: 0 | Cost: $0 | Duration: 531ms | Turns: 1
[2026-04-04T06:20:08Z] Iter 1039 | Total-in: 0 | Non-cached: 0 | Cache-read: 0 | Cache-create: 0 | Output: 0 | Cost: $0 | Duration: 512ms | Turns: 1
[2026-04-04T06:20:10Z] Iter 1038 | Total-in: 0 | Non-cached: 0 | Cache-read:  | Cache-create:  | Output:  | Cost: $ | Duration: ms | Turns: 
[2026-04-04T06:20:17Z] Iter 1038 | Total-in: 0 | Non-cached: 0 | Cache-read: 0 | Cache-create: 0 | Output: 0 | Cost: $0 | Duration: 664ms | Turns: 1
[2026-04-04T06:20:20Z] Iter 1032 | Total-in: 0 | Non-cached: 0 | Cache-read: 0 | Cache-create: 0 | Output: 0 | Cost: $0 | Duration: 451ms | Turns: 1
[2026-04-04T06:20:24Z] Iter 1040 | Total-in: 0 | Non-cached: 0 | Cache-read: 0 | Cache-create: 0 | Output: 0 | Cost: $0 | Duration: 544ms | Turns: 1
[] Iter 1039 | No token data (result file empty or parse failed)
[] Iter 1039 | No token data (result file empty or parse failed)
[2026-04-04T06:20:37Z] Iter 1033 | Total-in: 0 | Non-cached: 0 | Cache-read: 0 | Cache-create: 0 | Output: 0 | Cost: $0 | Duration: 1468ms | Turns: 1
[2026-04-04T06:20:41Z] Iter 1040 | Total-in: 0 | Non-cached: 0 | Cache-read: 0 | Cache-create: 0 | Output: 0 | Cost: $0 | Duration: 1545ms | Turns: 1
[2026-04-04T06:20:41Z] Iter 1041 | Total-in: 0 | Non-cached: 0 | Cache-read: 0 | Cache-create: 0 | Output: 0 | Cost: $0 | Duration: 1545ms | Turns: 1
[2026-04-04T06:20:49Z] Iter 1040 | Total-in: 0 | Non-cached: 0 | Cache-read:  | Cache-create:  | Output: 0 | Cost: $ | Duration: ms | Turns: 
[2026-04-04T06:20:54Z] Iter 1034 | Total-in: 0 | Non-cached: 0 | Cache-read: 0 | Cache-create: 0 | Output: 0 | Cost: $0 | Duration: 471ms | Turns: 1
[2026-04-04T06:20:57Z] Iter 1042 | Total-in: 0 | Non-cached: 0 | Cache-read: 0 | Cache-create: 0 | Output: 0 | Cost: $0 | Duration: 456ms | Turns: 1
[2026-04-04T06:20:57Z] Iter 1041 | Total-in: 0 | Non-cached: 0 | Cache-read: 0 | Cache-create: 0 | Output: 0 | Cost: $0 | Duration: 456ms | Turns: 1
[] Iter 1041 | No token data (result file empty or parse failed)
[2026-04-04T06:21:10Z] Iter 1035 | Total-in: 0 | Non-cached: 0 | Cache-read: 0 | Cache-create: 0 | Output: 0 | Cost: $0 | Duration: 454ms | Turns: 1
[2026-04-04T06:21:14Z] Iter 1042 | Total-in: 0 | Non-cached: 0 | Cache-read: 0 | Cache-create: 0 | Output: 0 | Cost: $0 | Duration: 1017ms | Turns: 1
[2026-04-04T06:21:14Z] Iter 1043 | Total-in: 0 | Non-cached: 0 | Cache-read: 0 | Cache-create: 0 | Output: 0 | Cost: $0 | Duration: 1017ms | Turns: 1
[2026-04-04T06:21:20Z] Iter 1042 | Total-in: 0 | Non-cached: 0 | Cache-read: 0 | Cache-create: 0 | Output: 0 | Cost: $0 | Duration: 500ms | Turns: 1
[2026-04-04T06:21:27Z] Iter 1036 | Total-in: 0 | Non-cached: 0 | Cache-read: 0 | Cache-create: 0 | Output: 0 | Cost: $0 | Duration: 470ms | Turns: 1
[2026-04-04T06:21:30Z] Iter 1044 | Total-in: 0 | Non-cached: 0 | Cache-read: 0 | Cache-create: 0 | Output: 0 | Cost: $0 | Duration: 451ms | Turns: 1
[2026-04-04T06:21:30Z] Iter 1043 | Total-in: 0 | Non-cached: 0 | Cache-read: 0 | Cache-create: 0 | Output: 0 | Cost: $0 | Duration: 451ms | Turns: 1
[2026-04-04T06:21:37Z] Iter 1043 | Total-in: 0 | Non-cached: 0 | Cache-read: 0 | Cache-create: 0 | Output: 0 | Cost: $0 | Duration: 532ms | Turns: 1
[2026-04-04T06:21:44Z] Iter 1037 | Total-in: 0 | Non-cached: 0 | Cache-read: 0 | Cache-create: 0 | Output: 0 | Cost: $0 | Duration: 481ms | Turns: 1
[2026-04-04T06:21:47Z] Iter 1045 | Total-in: 0 | Non-cached: 0 | Cache-read: 0 | Cache-create: 0 | Output: 0 | Cost: $0 | Duration: 448ms | Turns: 1
[2026-04-04T06:21:47Z] Iter 1044 | Total-in: 0 | Non-cached: 0 | Cache-read: 0 | Cache-create: 0 | Output: 0 | Cost: $0 | Duration: 448ms | Turns: 1
[2026-04-04T06:21:53Z] Iter 1044 | Total-in: 0 | Non-cached: 0 | Cache-read: 0 | Cache-create: 0 | Output: 0 | Cost: $0 | Duration: 463ms | Turns: 1
[2026-04-04T06:22:00Z] Iter 1038 | Total-in: 0 | Non-cached: 0 | Cache-read: 0 | Cache-create: 0 | Output: 0 | Cost: $0 | Duration: 548ms | Turns: 1
[2026-04-04T06:22:04Z] Iter 1046 | Total-in: 0 | Non-cached: 0 | Cache-read: 0 | Cache-create: 0 | Output: 0 | Cost: $0 | Duration: 546ms | Turns: 1
[2026-04-04T06:22:04Z] Iter 1045 | Total-in: 0 | Non-cached: 0 | Cache-read: 0 | Cache-create: 0 | Output: 0 | Cost: $0 | Duration: 546ms | Turns: 1
[2026-04-04T06:22:10Z] Iter 1045 | Total-in: 0 | Non-cached: 0 | Cache-read: 0 | Cache-create: 0 | Output: 0 | Cost: $0 | Duration: 1091ms | Turns: 1
[2026-04-04T06:22:16Z] Iter 1039 | Total-in: 0 | Non-cached: 0 | Cache-read: 0 | Cache-create: 0 | Output: 0 | Cost: $0 | Duration: 500ms | Turns: 1
[2026-04-04T06:22:20Z] Iter 1047 | Total-in: 0 | Non-cached: 0 | Cache-read: 0 | Cache-create: 0 | Output: 0 | Cost: $0 | Duration: 489ms | Turns: 1
[2026-04-04T06:22:20Z] Iter 1046 | Total-in: 0 | Non-cached: 0 | Cache-read: 0 | Cache-create: 0 | Output: 0 | Cost: $0 | Duration: 489ms | Turns: 1
[2026-04-04T06:22:26Z] Iter 1046 | Total-in: 0 | Non-cached: 0 | Cache-read: 0 | Cache-create: 0 | Output: 0 | Cost: $0 | Duration: 438ms | Turns: 1
[2026-04-04T06:22:31Z] Iter 1040 | Total-in: 0 | Non-cached: 0 | Cache-read: 0 | Cache-create: 0 | Output: 0 | Cost: $0 | Duration: 951ms | Turns: 1
[] Iter 1048 | No token data (result file empty or parse failed)
[2026-04-04T06:22:35Z] Iter 1047 | Total-in: 0 | Non-cached: 0 | Cache-read: 0 | Cache-create: 0 | Output: 0 | Cost: $0 | Duration: 442ms | Turns: 1
[2026-04-04T06:22:41Z] Iter 1047 | Total-in: 0 | Non-cached: 0 | Cache-read: 0 | Cache-create: 0 | Output: 0 | Cost: $0 | Duration: 442ms | Turns: 1
[2026-04-04T06:22:46Z] Iter 1041 | Total-in: 0 | Non-cached: 0 | Cache-read: 0 | Cache-create: 0 | Output: 0 | Cost: $0 | Duration: 456ms | Turns: 1
[2026-04-04T06:22:48Z] Iter 1049 | Total-in: 0 | Non-cached: 0 | Cache-read: 0 | Cache-create: 0 | Output: 0 | Cost: $0 | Duration: 465ms | Turns: 1
[2026-04-04T06:22:49Z] Iter 1048 | Total-in: 0 | Non-cached: 0 | Cache-read: 0 | Cache-create: 0 | Output: 0 | Cost: $0 | Duration: 495ms | Turns: 1
[2026-04-04T06:22:55Z] Iter 1048 | Total-in: 0 | Non-cached: 0 | Cache-read: 0 | Cache-create: 0 | Output: 0 | Cost: $0 | Duration: 393ms | Turns: 1
[2026-04-04T06:23:02Z] Iter 1042 | Total-in: 0 | Non-cached: 0 | Cache-read: 0 | Cache-create: 0 | Output: 0 | Cost: $0 | Duration: 423ms | Turns: 1
[] Iter 1050 | No token data (result file empty or parse failed)
[2026-04-04T06:23:04Z] Iter 1049 | Total-in: 0 | Non-cached: 0 | Cache-read: 0 | Cache-create: 0 | Output: 0 | Cost: $0 | Duration: 559ms | Turns: 1
[2026-04-04T06:23:08Z] Iter 1049 | Total-in: 0 | Non-cached: 0 | Cache-read: 0 | Cache-create: 0 | Output: 0 | Cost: $0 | Duration: 436ms | Turns: 1
[] Iter 1043 | No token data (result file empty or parse failed)
[2026-04-04T06:23:17Z] Iter 1051 | Total-in: 0 | Non-cached: 0 | Cache-read: 0 | Cache-create: 0 | Output: 0 | Cost: $0 | Duration: 1508ms | Turns: 1
[2026-04-04T06:23:20Z] Iter 1050 | Total-in: 0 | Non-cached: 0 | Cache-read: 0 | Cache-create: 0 | Output: 0 | Cost: $0 | Duration: 672ms | Turns: 1
[2026-04-04T06:23:22Z] Iter 1050 | Total-in: 0 | Non-cached: 0 | Cache-read: 0 | Cache-create: 0 | Output: 0 | Cost: $0 | Duration: 427ms | Turns: 1
[2026-04-04T06:23:30Z] Iter 1044 | Total-in: 0 | Non-cached: 0 | Cache-read: 0 | Cache-create: 0 | Output: 0 | Cost: $0 | Duration: 439ms | Turns: 1
[2026-04-04T06:23:33Z] Iter 1052 | Total-in: 0 | Non-cached: 0 | Cache-read: 0 | Cache-create: 0 | Output: 0 | Cost: $0 | Duration: 1539ms | Turns: 1
[2026-04-04T06:23:34Z] Iter 1051 | Total-in: 0 | Non-cached: 0 | Cache-read: 0 | Cache-create: 0 | Output: 0 | Cost: $0 | Duration: 504ms | Turns: 1
[2026-04-04T06:23:37Z] Iter 1051 | Total-in: 0 | Non-cached: 0 | Cache-read: 0 | Cache-create:  | Output: 0 | Cost: $ | Duration: ms | Turns: 
[2026-04-04T06:23:45Z] Iter 1045 | Total-in: 0 | Non-cached: 0 | Cache-read: 0 | Cache-create:  | Output: 0 | Cost: $ | Duration: ms | Turns: 
[2026-04-04T06:23:47Z] Iter 1053 | Total-in: 0 | Non-cached: 0 | Cache-read: 0 | Cache-create: 0 | Output: 0 | Cost: $0 | Duration: 413ms | Turns: 1
[2026-04-04T06:23:50Z] Iter 1052 | Total-in: 0 | Non-cached: 0 | Cache-read: 0 | Cache-create: 0 | Output: 0 | Cost: $0 | Duration: 540ms | Turns: 1
[2026-04-04T06:23:52Z] Iter 1052 | Total-in: 0 | Non-cached: 0 | Cache-read: 0 | Cache-create: 0 | Output: 0 | Cost: $0 | Duration: 454ms | Turns: 1
[2026-04-04T06:23:59Z] Iter 1046 | Total-in: 0 | Non-cached: 0 | Cache-read: 0 | Cache-create: 0 | Output: 0 | Cost: $0 | Duration: 439ms | Turns: 1
[2026-04-04T06:24:03Z] Iter 1054 | Total-in: 0 | Non-cached: 0 | Cache-read: 0 | Cache-create: 0 | Output: 0 | Cost: $0 | Duration: 469ms | Turns: 1
[2026-04-04T06:24:05Z] Iter 1053 | Total-in: 0 | Non-cached: 0 | Cache-read: 0 | Cache-create: 0 | Output: 0 | Cost: $0 | Duration: 517ms | Turns: 1
[2026-04-04T06:24:07Z] Iter 1053 | Total-in: 0 | Non-cached: 0 | Cache-read: 0 | Cache-create: 0 | Output: 0 | Cost: $0 | Duration: 447ms | Turns: 
[] Iter 1047 | No token data (result file empty or parse failed)
[2026-04-04T06:24:19Z] Iter 1055 | Total-in: 0 | Non-cached: 0 | Cache-read: 0 | Cache-create: 0 | Output: 0 | Cost: $0 | Duration: 474ms | Turns: 1
[2026-04-04T06:24:20Z] Iter 1054 | Total-in: 0 | Non-cached: 0 | Cache-read: 0 | Cache-create: 0 | Output: 0 | Cost: $0 | Duration: 472ms | Turns: 1
[] Iter 1054 | No token data (result file empty or parse failed)
[2026-04-04T06:24:29Z] Iter 1048 | Total-in: 0 | Non-cached: 0 | Cache-read: 0 | Cache-create: 0 | Output: 0 | Cost: $ | Duration: ms | Turns: 
[2026-04-04T06:24:35Z] Iter 1056 | Total-in: 0 | Non-cached: 0 | Cache-read: 0 | Cache-create: 0 | Output: 0 | Cost: $0 | Duration: 987ms | Turns: 1
[2026-04-04T06:24:37Z] Iter 1055 | Total-in: 0 | Non-cached: 0 | Cache-read: 0 | Cache-create:  | Output: 0 | Cost: $ | Duration: ms | Turns: 
[] Iter 1055 | No token data (result file empty or parse failed)
[2026-04-04T06:24:44Z] Iter 1049 | Total-in: 0 | Non-cached: 0 | Cache-read: 0 | Cache-create: 0 | Output: 0 | Cost: $0 | Duration: 408ms | Turns: 1
[2026-04-04T06:24:51Z] Iter 1057 | Total-in: 0 | Non-cached: 0 | Cache-read: 0 | Cache-create: 0 | Output: 0 | Cost: $0 | Duration: 533ms | Turns: 1
[2026-04-04T06:24:53Z] Iter 1056 | Total-in: 0 | Non-cached: 0 | Cache-read: 0 | Cache-create: 0 | Output: 0 | Cost: $0 | Duration: 1766ms | Turns: 1
[2026-04-04T06:24:54Z] Iter 1056 | Total-in: 0 | Non-cached: 0 | Cache-read: 0 | Cache-create: 0 | Output: 0 | Cost: $0 | Duration: 1766ms | Turns: 1
[2026-04-04T06:24:59Z] Iter 1050 | Total-in: 0 | Non-cached: 0 | Cache-read: 0 | Cache-create: 0 | Output: 0 | Cost: $0 | Duration: 525ms | Turns: 
[2026-04-04T06:25:08Z] Iter 1058 | Total-in: 0 | Non-cached: 0 | Cache-read: 0 | Cache-create: 0 | Output: 0 | Cost: $0 | Duration: 463ms | Turns: 1
[2026-04-04T06:25:09Z] Iter 1057 | Total-in: 0 | Non-cached: 0 | Cache-read: 0 | Cache-create: 0 | Output: 0 | Cost: $0 | Duration: 463ms | Turns: 1
[2026-04-04T06:25:10Z] Iter 1057 | Total-in: 0 | Non-cached: 0 | Cache-read: 0 | Cache-create: 0 | Output: 0 | Cost: $0 | Duration: 457ms | Turns: 1
[2026-04-04T06:25:15Z] Iter 1051 | Total-in: 0 | Non-cached: 0 | Cache-read: 0 | Cache-create: 0 | Output: 0 | Cost: $0 | Duration: 600ms | Turns: 1
[2026-04-04T06:25:25Z] Iter 1059 | Total-in: 0 | Non-cached: 0 | Cache-read: 0 | Cache-create: 0 | Output: 0 | Cost: $0 | Duration: 468ms | Turns: 1
[2026-04-04T06:25:25Z] Iter 1058 | Total-in: 0 | Non-cached: 0 | Cache-read: 0 | Cache-create: 0 | Output: 0 | Cost: $0 | Duration: 468ms | Turns: 1
[2026-04-04T06:25:27Z] Iter 1058 | Total-in: 0 | Non-cached: 0 | Cache-read: 0 | Cache-create: 0 | Output: 0 | Cost: $0 | Duration: 487ms | Turns: 1
[2026-04-04T06:25:31Z] Iter 1052 | Total-in: 0 | Non-cached: 0 | Cache-read: 0 | Cache-create: 0 | Output: 0 | Cost: $0 | Duration: 450ms | Turns: 1
[2026-04-04T06:25:41Z] Iter 1060 | Total-in: 0 | Non-cached: 0 | Cache-read: 0 | Cache-create: 0 | Output: 0 | Cost: $0 | Duration: 676ms | Turns: 1
[2026-04-04T06:25:44Z] Iter 1059 | Total-in: 0 | Non-cached: 0 | Cache-read: 0 | Cache-create: 0 | Output: 0 | Cost: $0 | Duration: 519ms | Turns: 1
[2026-04-04T06:25:44Z] Iter 1059 | Total-in: 0 | Non-cached: 0 | Cache-read: 0 | Cache-create: 0 | Output: 0 | Cost: $0 | Duration: 519ms | Turns: 1
[2026-04-04T06:25:49Z] Iter 1053 | Total-in: 0 | Non-cached: 0 | Cache-read: 0 | Cache-create: 0 | Output: 0 | Cost: $0 | Duration: 427ms | Turns: 1
[2026-04-04T06:26:00Z] Iter 1061 | Total-in: 0 | Non-cached: 0 | Cache-read: 0 | Cache-create: 0 | Output: 0 | Cost: $0 | Duration: 522ms | Turns: 1
[2026-04-04T06:26:01Z] Iter 1060 | Total-in: 0 | Non-cached: 0 | Cache-read: 0 | Cache-create: 0 | Output: 0 | Cost: $0 | Duration: 522ms | Turns: 1
[2026-04-04T06:26:01Z] Iter 1060 | Total-in: 0 | Non-cached: 0 | Cache-read: 0 | Cache-create: 0 | Output: 0 | Cost: $0 | Duration: 522ms | Turns: 1
[2026-04-04T06:26:06Z] Iter 1054 | Total-in: 0 | Non-cached: 0 | Cache-read: 0 | Cache-create: 0 | Output: 0 | Cost: $0 | Duration: 610ms | Turns: 1
[2026-04-04T06:26:17Z] Iter 1062 | Total-in: 0 | Non-cached: 0 | Cache-read: 0 | Cache-create: 0 | Output: 0 | Cost: $0 | Duration: 587ms | Turns: 1
[2026-04-04T06:26:18Z] Iter 1061 | Total-in: 0 | Non-cached: 0 | Cache-read: 0 | Cache-create: 0 | Output: 0 | Cost: $0 | Duration: 762ms | Turns: 1
[2026-04-04T06:26:18Z] Iter 1061 | Total-in: 0 | Non-cached: 0 | Cache-read: 0 | Cache-create: 0 | Output: 0 | Cost: $0 | Duration: 762ms | Turns: 1
[2026-04-04T06:26:23Z] Iter 1055 | Total-in: 0 | Non-cached: 0 | Cache-read: 0 | Cache-create: 0 | Output: 0 | Cost: $0 | Duration: 468ms | Turns: 1
[2026-04-04T06:26:35Z] Iter 1063 | Total-in: 0 | Non-cached: 0 | Cache-read: 0 | Cache-create: 0 | Output: 0 | Cost: $0 | Duration: 561ms | Turns: 1
[2026-04-04T06:26:35Z] Iter 1062 | Total-in: 0 | Non-cached: 0 | Cache-read: 0 | Cache-create: 0 | Output: 0 | Cost: $0 | Duration: 713ms | Turns: 1
[2026-04-04T06:26:36Z] Iter 1062 | Total-in: 0 | Non-cached: 0 | Cache-read: 0 | Cache-create: 0 | Output: 0 | Cost: $0 | Duration: 713ms | Turns: 1
[2026-04-04T06:26:39Z] Iter 1056 | Total-in: 0 | Non-cached: 0 | Cache-read: 0 | Cache-create: 0 | Output: 0 | Cost: $0 | Duration: 539ms | Turns: 1
[2026-04-04T06:26:51Z] Iter 1063 | Total-in: 0 | Non-cached: 0 | Cache-read: 0 | Cache-create: 0 | Output: 0 | Cost: $0 | Duration: 445ms | Turns: 1
[2026-04-04T06:26:52Z] Iter 1064 | Total-in: 0 | Non-cached: 0 | Cache-read: 0 | Cache-create: 0 | Output: 0 | Cost: $0 | Duration: 445ms | Turns: 1
[2026-04-04T06:26:52Z] Iter 1063 | Total-in: 0 | Non-cached: 0 | Cache-read: 0 | Cache-create: 0 | Output: 0 | Cost: $0 | Duration: 445ms | Turns: 1
[2026-04-04T06:26:54Z] Iter 1057 | Total-in: 0 | Non-cached: 0 | Cache-read: 0 | Cache-create: 0 | Output: 0 | Cost: $0 | Duration: 445ms | Turns: 1
[2026-04-04T06:27:05Z] Iter 1064 | Total-in: 0 | Non-cached: 0 | Cache-read: 0 | Cache-create: 0 | Output: 0 | Cost: $0 | Duration: 413ms | Turns: 1
[2026-04-04T06:27:06Z] Iter 1065 | Total-in: 0 | Non-cached: 0 | Cache-read: 0 | Cache-create: 0 | Output: 0 | Cost: $0 | Duration: 453ms | Turns: 1
[2026-04-04T06:27:07Z] Iter 1064 | Total-in: 0 | Non-cached: 0 | Cache-read: 0 | Cache-create: 0 | Output: 0 | Cost: $0 | Duration: 453ms | Turns: 1
[2026-04-04T06:27:09Z] Iter 1058 | Total-in: 0 | Non-cached: 0 | Cache-read: 0 | Cache-create: 0 | Output: 0 | Cost: $0 | Duration: 389ms | Turns: 1
[2026-04-04T06:27:21Z] Iter 1065 | Total-in: 0 | Non-cached: 0 | Cache-read: 0 | Cache-create: 0 | Output: 0 | Cost: $0 | Duration: 506ms | Turns: 1
[2026-04-04T06:27:21Z] Iter 1066 | Total-in: 0 | Non-cached: 0 | Cache-read: 0 | Cache-create: 0 | Output: 0 | Cost: $0 | Duration: 506ms | Turns: 1
[2026-04-04T06:27:22Z] Iter 1065 | Total-in: 0 | Non-cached: 0 | Cache-read: 0 | Cache-create: 0 | Output: 0 | Cost: $0 | Duration: 405ms | Turns: 1
[2026-04-04T06:27:24Z] Iter 1059 | Total-in: 0 | Non-cached: 0 | Cache-read: 0 | Cache-create: 0 | Output: 0 | Cost: $0 | Duration: 605ms | Turns: 1
[2026-04-04T06:27:35Z] Iter 1066 | Total-in: 0 | Non-cached: 0 | Cache-read: 0 | Cache-create: 0 | Output: 0 | Cost: $0 | Duration: 544ms | Turns: 1
[2026-04-04T06:27:36Z] Iter 1067 | Total-in: 0 | Non-cached: 0 | Cache-read: 0 | Cache-create: 0 | Output: 0 | Cost: $0 | Duration: 544ms | Turns: 1
[2026-04-04T06:27:37Z] Iter 1066 | Total-in: 0 | Non-cached: 0 | Cache-read: 0 | Cache-create: 0 | Output: 0 | Cost: $0 | Duration: 452ms | Turns: 1
[2026-04-04T06:27:39Z] Iter 1060 | Total-in: 0 | Non-cached: 0 | Cache-read: 0 | Cache-create: 0 | Output: 0 | Cost: $0 | Duration: 511ms | Turns: 1
[2026-04-04T06:27:51Z] Iter 1067 | Total-in: 0 | Non-cached: 0 | Cache-read: 0 | Cache-create: 0 | Output: 0 | Cost: $0 | Duration: 411ms | Turns: 1
[2026-04-04T06:27:51Z] Iter 1068 | Total-in: 0 | Non-cached: 0 | Cache-read: 0 | Cache-create: 0 | Output: 0 | Cost: $0 | Duration: 411ms | Turns: 1
[2026-04-04T06:27:52Z] Iter 1067 | Total-in: 0 | Non-cached: 0 | Cache-read: 0 | Cache-create: 0 | Output: 0 | Cost: $0 | Duration: 486ms | Turns: 1
[2026-04-04T06:27:54Z] Iter 1061 | Total-in: 0 | Non-cached: 0 | Cache-read: 0 | Cache-create: 0 | Output: 0 | Cost: $0 | Duration: 453ms | Turns: 1
[2026-04-04T06:28:05Z] Iter 1068 | Total-in: 0 | Non-cached: 0 | Cache-read: 0 | Cache-create: 0 | Output: 0 | Cost: $0 | Duration: 513ms | Turns: 1
[2026-04-04T06:28:06Z] Iter 1069 | Total-in: 0 | Non-cached: 0 | Cache-read: 0 | Cache-create: 0 | Output: 0 | Cost: $0 | Duration: 513ms | Turns: 1
[2026-04-04T06:28:09Z] Iter 1068 | Total-in: 0 | Non-cached: 0 | Cache-read: 0 | Cache-create: 0 | Output: 0 | Cost: $0 | Duration: 1566ms | Turns: 1
[2026-04-04T06:28:10Z] Iter 1062 | Total-in: 0 | Non-cached: 0 | Cache-read: 0 | Cache-create: 0 | Output: 0 | Cost: $0 | Duration: 431ms | Turns: 1
[2026-04-04T06:28:21Z] Iter 1069 | Total-in: 0 | Non-cached: 0 | Cache-read: 0 | Cache-create: 0 | Output: 0 | Cost: $0 | Duration: 449ms | Turns: 1
[2026-04-04T06:28:22Z] Iter 1070 | Total-in: 0 | Non-cached: 0 | Cache-read: 0 | Cache-create: 0 | Output: 0 | Cost: $0 | Duration: 1510ms | Turns: 1
[2026-04-04T06:28:24Z] Iter 1069 | Total-in: 0 | Non-cached: 0 | Cache-read: 0 | Cache-create: 0 | Output: 0 | Cost: $0 | Duration: 435ms | Turns: 1
[2026-04-04T06:28:25Z] Iter 1063 | Total-in: 0 | Non-cached: 0 | Cache-read: 0 | Cache-create: 0 | Output: 0 | Cost: $0 | Duration: 444ms | Turns: 1
[2026-04-04T06:28:36Z] Iter 1070 | Total-in: 0 | Non-cached: 0 | Cache-read: 0 | Cache-create: 0 | Output: 0 | Cost: $0 | Duration: 559ms | Turns: 1
[2026-04-04T06:28:38Z] Iter 1071 | Total-in: 0 | Non-cached: 0 | Cache-read: 0 | Cache-create: 0 | Output: 0 | Cost: $0 | Duration: 562ms | Turns: 1
[2026-04-04T06:28:40Z] Iter 1070 | Total-in: 0 | Non-cached: 0 | Cache-read: 0 | Cache-create: 0 | Output: 0 | Cost: $0 | Duration: 444ms | Turns: 1
[2026-04-04T06:28:40Z] Iter 1064 | Total-in: 0 | Non-cached: 0 | Cache-read: 0 | Cache-create: 0 | Output: 0 | Cost: $0 | Duration: 444ms | Turns: 1
[2026-04-04T06:28:52Z] Iter 1071 | Total-in: 0 | Non-cached: 0 | Cache-read: 0 | Cache-create: 0 | Output: 0 | Cost: $0 | Duration: 563ms | Turns: 1
[2026-04-04T06:28:55Z] Iter 1072 | Total-in: 0 | Non-cached: 0 | Cache-read: 0 | Cache-create: 0 | Output: 0 | Cost: $0 | Duration: 473ms | Turns: 1
[2026-04-04T06:28:55Z] Iter 1071 | Total-in: 0 | Non-cached: 0 | Cache-read: 0 | Cache-create: 0 | Output: 0 | Cost: $0 | Duration: 473ms | Turns: 1
[2026-04-04T06:28:57Z] Iter 1065 | Total-in: 0 | Non-cached: 0 | Cache-read: 0 | Cache-create: 0 | Output: 0 | Cost: $0 | Duration: 506ms | Turns: 1
[2026-04-04T06:29:06Z] Iter 1072 | Total-in: 0 | Non-cached: 0 | Cache-read: 0 | Cache-create: 0 | Output: 0 | Cost: $0 | Duration: 467ms | Turns: 1
[2026-04-04T06:29:11Z] Iter 1073 | Total-in: 0 | Non-cached: 0 | Cache-read: 0 | Cache-create: 0 | Output: 0 | Cost: $0 | Duration: 519ms | Turns: 1
[2026-04-04T06:29:12Z] Iter 1072 | Total-in: 0 | Non-cached: 0 | Cache-read: 0 | Cache-create: 0 | Output: 0 | Cost: $0 | Duration: 440ms | Turns: 1
[2026-04-04T06:29:13Z] Iter 1066 | Total-in: 0 | Non-cached: 0 | Cache-read: 0 | Cache-create: 0 | Output: 0 | Cost: $0 | Duration: 440ms | Turns: 1
[] Iter 1073 | No token data (result file empty or parse failed)
[2026-04-04T06:29:26Z] Iter 1074 | Total-in: 0 | Non-cached: 0 | Cache-read: 0 | Cache-create: 0 | Output: 0 | Cost: $0 | Duration: 561ms | Turns: 1
[2026-04-04T06:29:29Z] Iter 1073 | Total-in: 0 | Non-cached:  | Cache-read:  | Cache-create:  | Output:  | Cost: $ | Duration: 513ms | Turns: 1
[2026-04-04T06:29:29Z] Iter 1067 | Total-in: 0 | Non-cached: 0 | Cache-read: 0 | Cache-create: 0 | Output: 0 | Cost: $0 | Duration: 513ms | Turns: 1
[2026-04-04T06:29:36Z] Iter 1074 | Total-in: 0 | Non-cached: 0 | Cache-read: 0 | Cache-create: 0 | Output: 0 | Cost: $0 | Duration: 460ms | Turns: 1
[2026-04-04T06:29:43Z] Iter 1075 | Total-in: 0 | Non-cached: 0 | Cache-read: 0 | Cache-create: 0 | Output: 0 | Cost: $0 | Duration: 450ms | Turns: 1
[2026-04-04T06:29:45Z] Iter 1068 | Total-in: 0 | Non-cached: 0 | Cache-read: 0 | Cache-create: 0 | Output: 0 | Cost: $0 | Duration: 1594ms | Turns: 1
[2026-04-04T06:29:46Z] Iter 1074 | Total-in: 0 | Non-cached: 0 | Cache-read: 0 | Cache-create: 0 | Output: 0 | Cost: $0 | Duration: 1594ms | Turns: 1
[] Iter 1075 | No token data (result file empty or parse failed)
[] Iter 1076 | No token data (result file empty or parse failed)
[2026-04-04T06:30:02Z] Iter 1069 | Total-in: 0 | Non-cached: 0 | Cache-read: 0 | Cache-create: 0 | Output: 0 | Cost: $0 | Duration: 721ms | Turns: 1
[2026-04-04T06:30:02Z] Iter 1075 | Total-in: 0 | Non-cached: 0 | Cache-read: 0 | Cache-create: 0 | Output: 0 | Cost: $0 | Duration: 721ms | Turns: 1
[2026-04-04T06:30:07Z] Iter 1076 | Total-in: 0 | Non-cached: 0 | Cache-read: 0 | Cache-create: 0 | Output: 0 | Cost: $0 | Duration: 521ms | Turns: 1
[2026-04-04T06:30:15Z] Iter 1077 | Total-in: 0 | Non-cached: 0 | Cache-read: 0 | Cache-create: 0 | Output: 0 | Cost: $0 | Duration: 479ms | Turns: 1
[2026-04-04T06:30:20Z] Iter 1070 | Total-in: 0 | Non-cached: 0 | Cache-read: 0 | Cache-create: 0 | Output: 0 | Cost: $0 | Duration: 1728ms | Turns: 1
[2026-04-04T06:30:20Z] Iter 1076 | Total-in: 0 | Non-cached: 0 | Cache-read: 0 | Cache-create: 0 | Output: 0 | Cost: $0 | Duration: 1728ms | Turns: 1
[2026-04-04T06:30:24Z] Iter 1077 | Total-in: 0 | Non-cached: 0 | Cache-read: 0 | Cache-create: 0 | Output: 0 | Cost: $0 | Duration: 533ms | Turns: 1
[2026-04-04T06:30:31Z] Iter 1078 | Total-in: 0 | Non-cached: 0 | Cache-read: 0 | Cache-create: 0 | Output: 0 | Cost: $0 | Duration: 447ms | Turns: 1
[2026-04-04T06:30:36Z] Iter 1071 | Total-in: 0 | Non-cached: 0 | Cache-read: 0 | Cache-create: 0 | Output: 0 | Cost: $0 | Duration: 476ms | Turns: 1
[2026-04-04T06:30:37Z] Iter 1077 | Total-in: 0 | Non-cached: 0 | Cache-read: 0 | Cache-create: 0 | Output: 0 | Cost: $0 | Duration: 476ms | Turns: 1
[2026-04-04T06:30:43Z] Iter 1078 | Total-in: 0 | Non-cached: 0 | Cache-read: 0 | Cache-create: 0 | Output: 0 | Cost: $0 | Duration: 971ms | Turns: 1
[2026-04-04T06:30:48Z] Iter 1079 | Total-in: 0 | Non-cached: 0 | Cache-read: 0 | Cache-create: 0 | Output: 0 | Cost: $0 | Duration: 661ms | Turns: 1
[2026-04-04T06:30:53Z] Iter 1078 | Total-in: 0 | Non-cached: 0 | Cache-read: 0 | Cache-create: 0 | Output: 0 | Cost: $0 | Duration: 536ms | Turns: 1
[2026-04-04T06:30:54Z] Iter 1072 | Total-in: 0 | Non-cached: 0 | Cache-read: 0 | Cache-create: 0 | Output: 0 | Cost: $0 | Duration: 536ms | Turns: 1
[2026-04-04T06:31:00Z] Iter 1079 | Total-in: 0 | Non-cached: 0 | Cache-read: 0 | Cache-create: 0 | Output: 0 | Cost: $0 | Duration: 441ms | Turns: 1
[2026-04-04T06:31:05Z] Iter 1080 | Total-in: 0 | Non-cached: 0 | Cache-read: 0 | Cache-create: 0 | Output: 0 | Cost: $0 | Duration: 1518ms | Turns: 1
[2026-04-04T06:31:11Z] Iter 1079 | Total-in: 0 | Non-cached: 0 | Cache-read: 0 | Cache-create: 0 | Output: 0 | Cost: $0 | Duration: 572ms | Turns: 1
[2026-04-04T06:31:12Z] Iter 1073 | Total-in: 0 | Non-cached: 0 | Cache-read: 0 | Cache-create: 0 | Output: 0 | Cost: $0 | Duration: 444ms | Turns: 1
[2026-04-04T06:31:17Z] Iter 1080 | Total-in: 0 | Non-cached: 0 | Cache-read: 0 | Cache-create: 0 | Output: 0 | Cost: $0 | Duration: 580ms | Turns: 1
[2026-04-04T06:31:22Z] Iter 1081 | Total-in: 0 | Non-cached: 0 | Cache-read: 0 | Cache-create: 0 | Output: 0 | Cost: $0 | Duration: 632ms | Turns: 1
[2026-04-04T06:31:26Z] Iter 1080 | Total-in: 0 | Non-cached: 0 | Cache-read: 0 | Cache-create: 0 | Output: 0 | Cost: $0 | Duration: 463ms | Turns: 1
[2026-04-04T06:31:28Z] Iter 1074 | Total-in: 0 | Non-cached: 0 | Cache-read: 0 | Cache-create: 0 | Output: 0 | Cost: $0 | Duration: 427ms | Turns: 1
[2026-04-04T06:31:31Z] Iter 1081 | Total-in: 0 | Non-cached: 0 | Cache-read: 0 | Cache-create: 0 | Output: 0 | Cost: $0 | Duration: 685ms | Turns: 1
[] Iter 1082 | No token data (result file empty or parse failed)
[2026-04-04T06:31:41Z] Iter 1081 | Total-in: 0 | Non-cached: 0 | Cache-read: 0 | Cache-create: 0 | Output: 0 | Cost: $0 | Duration: 947ms | Turns: 1
[2026-04-04T06:31:42Z] Iter 1075 | Total-in: 0 | Non-cached: 0 | Cache-read: 0 | Cache-create: 0 | Output: 0 | Cost: $0 | Duration: 666ms | Turns: 1
[2026-04-04T06:31:47Z] Iter 1082 | Total-in: 0 | Non-cached: 0 | Cache-read: 0 | Cache-create: 0 | Output: 0 | Cost: $0 | Duration: 454ms | Turns: 1
[2026-04-04T06:31:51Z] Iter 1083 | Total-in: 0 | Non-cached: 0 | Cache-read: 0 | Cache-create: 0 | Output: 0 | Cost: $0 | Duration: 608ms | Turns: 1
[2026-04-04T06:31:55Z] Iter 1082 | Total-in: 0 | Non-cached: 0 | Cache-read: 0 | Cache-create: 0 | Output: 0 | Cost: $0 | Duration: 564ms | Turns: 1
[2026-04-04T06:31:58Z] Iter 1076 | Total-in: 0 | Non-cached: 0 | Cache-read: 0 | Cache-create: 0 | Output: 0 | Cost: $0 | Duration: 464ms | Turns: 1
[2026-04-04T06:32:01Z] Iter 1083 | Total-in: 0 | Non-cached: 0 | Cache-read: 0 | Cache-create: 0 | Output: 0 | Cost: $0 | Duration: 514ms | Turns: 1
[] Iter 1084 | No token data (result file empty or parse failed)
[2026-04-04T06:32:09Z] Iter 1083 | Total-in: 0 | Non-cached: 0 | Cache-read: 0 | Cache-create: 0 | Output: 0 | Cost: $0 | Duration: 410ms | Turns: 1
[2026-04-04T06:32:12Z] Iter 1077 | Total-in: 0 | Non-cached: 0 | Cache-read: 0 | Cache-create: 0 | Output: 0 | Cost: $0 | Duration: 416ms | Turns: 1
[2026-04-04T06:32:15Z] Iter 1084 | Total-in: 0 | Non-cached: 0 | Cache-read: 0 | Cache-create: 0 | Output: 0 | Cost: $0 | Duration: 415ms | Turns: 1
[] Iter 1085 | No token data (result file empty or parse failed)
[2026-04-04T06:32:25Z] Iter 1084 | Total-in: 0 | Non-cached: 0 | Cache-read: 0 | Cache-create: 0 | Output: 0 | Cost: $0 | Duration: 529ms | Turns: 1
[2026-04-04T06:32:26Z] Iter 1078 | Total-in: 0 | Non-cached: 0 | Cache-read: 0 | Cache-create: 0 | Output: 0 | Cost: $0 | Duration: 505ms | Turns: 1
[2026-04-04T06:32:30Z] Iter 1085 | Total-in: 0 | Non-cached: 0 | Cache-read: 0 | Cache-create: 0 | Output: 0 | Cost: $0 | Duration: 1547ms | Turns: 1
[2026-04-04T06:32:34Z] Iter 1086 | Total-in: 0 | Non-cached: 0 | Cache-read:  | Cache-create:  | Output:  | Cost: $ | Duration: ms | Turns: 
[2026-04-04T06:32:39Z] Iter 1085 | Total-in: 0 | Non-cached: 0 | Cache-read: 0 | Cache-create: 0 | Output: 0 | Cost: $0 | Duration: 430ms | Turns: 1
[] Iter 1079 | No token data (result file empty or parse failed)
[2026-04-04T06:32:45Z] Iter 1086 | Total-in: 0 | Non-cached: 0 | Cache-read: 0 | Cache-create: 0 | Output: 0 | Cost: $0 | Duration: 424ms | Turns: 1
[] Iter 1087 | No token data (result file empty or parse failed)
[2026-04-04T06:32:54Z] Iter 1086 | Total-in: 0 | Non-cached: 0 | Cache-read: 0 | Cache-create: 0 | Output: 0 | Cost: $0 | Duration: 558ms | Turns: 1
[2026-04-04T06:32:56Z] Iter 1080 | Total-in: 0 | Non-cached: 0 | Cache-read: 0 | Cache-create: 0 | Output: 0 | Cost: $0 | Duration: 450ms | Turns: 
[2026-04-04T06:33:01Z] Iter 1087 | Total-in: 0 | Non-cached: 0 | Cache-read: 0 | Cache-create: 0 | Output: 0 | Cost: $0 | Duration: 882ms | Turns: 1
[2026-04-04T06:33:05Z] Iter 1088 | Total-in: 0 | Non-cached: 0 | Cache-read: 0 | Cache-create: 0 | Output: 0 | Cost: $0 | Duration: 429ms | Turns: 1
[2026-04-04T06:33:08Z] Iter 1087 | Total-in: 0 | Non-cached: 0 | Cache-read: 0 | Cache-create: 0 | Output: 0 | Cost: $0 | Duration: 449ms | Turns: 1
[2026-04-04T06:33:11Z] Iter 1081 | Total-in: 0 | Non-cached: 0 | Cache-read: 0 | Cache-create: 0 | Output: 0 | Cost: $0 | Duration: 485ms | Turns: 1
[] Iter 1088 | No token data (result file empty or parse failed)
[2026-04-04T06:33:20Z] Iter 1089 | Total-in: 0 | Non-cached: 0 | Cache-read: 0 | Cache-create: 0 | Output: 0 | Cost: $0 | Duration: 618ms | Turns: 1
[2026-04-04T06:33:23Z] Iter 1088 | Total-in: 0 | Non-cached: 0 | Cache-read: 0 | Cache-create: 0 | Output: 0 | Cost: $0 | Duration: 452ms | Turns: 1
[2026-04-04T06:33:25Z] Iter 1082 | Total-in: 0 | Non-cached: 0 | Cache-read: 0 | Cache-create: 0 | Output: 0 | Cost: $0 | Duration: 506ms | Turns: 1
[2026-04-04T06:33:30Z] Iter 1089 | Total-in: 0 | Non-cached: 0 | Cache-read: 0 | Cache-create: 0 | Output: 0 | Cost: $0 | Duration: 645ms | Turns: 1
[2026-04-04T06:33:35Z] Iter 1090 | Total-in: 0 | Non-cached: 0 | Cache-read: 0 | Cache-create: 0 | Output: 0 | Cost: $0 | Duration: 471ms | Turns: 1
[2026-04-04T06:33:39Z] Iter 1089 | Total-in: 0 | Non-cached: 0 | Cache-read: 0 | Cache-create: 0 | Output: 0 | Cost: $0 | Duration: 658ms | Turns: 1
[2026-04-04T06:33:42Z] Iter 1083 | Total-in: 0 | Non-cached: 0 | Cache-read: 0 | Cache-create: 0 | Output: 0 | Cost: $0 | Duration: 438ms | Turns: 1
[2026-04-04T06:33:45Z] Iter 1090 | Total-in: 0 | Non-cached: 0 | Cache-read: 0 | Cache-create: 0 | Output: 0 | Cost: $0 | Duration: 468ms | Turns: 1
[] Iter 1091 | No token data (result file empty or parse failed)
[2026-04-04T06:33:55Z] Iter 1090 | Total-in: 0 | Non-cached: 0 | Cache-read: 0 | Cache-create: 0 | Output: 0 | Cost: $0 | Duration: 576ms | Turns: 1
[] Iter 1084 | No token data (result file empty or parse failed)
[2026-04-04T06:34:00Z] Iter 1091 | Total-in: 0 | Non-cached: 0 | Cache-read: 0 | Cache-create: 0 | Output: 0 | Cost: $0 | Duration: 429ms | Turns: 1
[] Iter 1092 | No token data (result file empty or parse failed)
[2026-04-04T06:34:10Z] Iter 1091 | Total-in: 0 | Non-cached: 0 | Cache-read: 0 | Cache-create: 0 | Output: 0 | Cost: $0 | Duration: 492ms | Turns: 1
[2026-04-04T06:34:13Z] Iter 1085 | Total-in: 0 | Non-cached: 0 | Cache-read: 0 | Cache-create: 0 | Output: 0 | Cost: $0 | Duration: 640ms | Turns: 1
[2026-04-04T06:34:17Z] Iter 1092 | Total-in: 0 | Non-cached: 0 | Cache-read: 0 | Cache-create: 0 | Output: 0 | Cost: $0 | Duration: 1213ms | Turns: 1
[2026-04-04T06:34:20Z] Iter 1093 | Total-in: 0 | Non-cached: 0 | Cache-read: 0 | Cache-create: 0 | Output: 0 | Cost: $0 | Duration: 638ms | Turns: 1
[] Iter 1092 | No token data (result file empty or parse failed)
[2026-04-04T06:34:29Z] Iter 1086 | Total-in: 0 | Non-cached: 0 | Cache-read: 0 | Cache-create: 0 | Output: 0 | Cost: $0 | Duration: 487ms | Turns: 1
[2026-04-04T06:34:33Z] Iter 1093 | Total-in: 0 | Non-cached: 0 | Cache-read: 0 | Cache-create: 0 | Output: 0 | Cost: $0 | Duration: 567ms | Turns: 1
[2026-04-04T06:34:35Z] Iter 1094 | Total-in: 0 | Non-cached: 0 | Cache-read: 0 | Cache-create: 0 | Output: 0 | Cost: $0 | Duration: 467ms | Turns: 1
[2026-04-04T06:34:40Z] Iter 1093 | Total-in: 0 | Non-cached: 0 | Cache-read: 0 | Cache-create: 0 | Output: 0 | Cost: $0 | Duration: 516ms | Turns: 1
[2026-04-04T06:34:46Z] Iter 1087 | Total-in: 0 | Non-cached: 0 | Cache-read: 0 | Cache-create: 0 | Output: 0 | Cost: $0 | Duration: 454ms | Turns: 1
[2026-04-04T06:34:49Z] Iter 1094 | Total-in: 0 | Non-cached: 0 | Cache-read: 0 | Cache-create: 0 | Output: 0 | Cost: $0 | Duration: 499ms | Turns: 1
[2026-04-04T06:34:51Z] Iter 1095 | Total-in: 0 | Non-cached: 0 | Cache-read: 0 | Cache-create: 0 | Output: 0 | Cost: $0 | Duration: 517ms | Turns: 1
[] Iter 1094 | No token data (result file empty or parse failed)
[2026-04-04T06:35:02Z] Iter 1088 | Total-in: 0 | Non-cached: 0 | Cache-read: 0 | Cache-create: 0 | Output: 0 | Cost: $0 | Duration: 627ms | Turns: 1
[2026-04-04T06:35:05Z] Iter 1095 | Total-in: 0 | Non-cached: 0 | Cache-read: 0 | Cache-create: 0 | Output: 0 | Cost: $0 | Duration: 472ms | Turns: 1
[2026-04-04T06:35:09Z] Iter 1096 | Total-in: 0 | Non-cached: 0 | Cache-read: 0 | Cache-create: 0 | Output: 0 | Cost: $0 | Duration: 484ms | Turns: 1
[] Iter 1095 | No token data (result file empty or parse failed)
[2026-04-04T06:35:18Z] Iter 1089 | Total-in: 0 | Non-cached: 0 | Cache-read: 0 | Cache-create: 0 | Output: 0 | Cost: $0 | Duration: 518ms | Turns: 1
[2026-04-04T06:35:22Z] Iter 1096 | Total-in: 0 | Non-cached: 0 | Cache-read: 0 | Cache-create: 0 | Output: 0 | Cost: $0 | Duration: 483ms | Turns: 1
[2026-04-04T06:35:26Z] Iter 1097 | Total-in: 0 | Non-cached: 0 | Cache-read: 0 | Cache-create: 0 | Output: 0 | Cost: $0 | Duration: 490ms | Turns: 1
[2026-04-04T06:35:31Z] Iter 1096 | Total-in: 0 | Non-cached: 0 | Cache-read: 0 | Cache-create: 0 | Output: 0 | Cost: $0 | Duration: 471ms | Turns: 1
[2026-04-04T06:35:35Z] Iter 1090 | Total-in: 0 | Non-cached: 0 | Cache-read: 0 | Cache-create: 0 | Output: 0 | Cost: $0 | Duration: 575ms | Turns: 1
[2026-04-04T06:35:38Z] Iter 1097 | Total-in: 0 | Non-cached: 0 | Cache-read: 0 | Cache-create: 0 | Output: 0 | Cost: $0 | Duration: 493ms | Turns: 1
[] Iter 1097 | No token data (result file empty or parse failed)
[2026-04-04T06:35:48Z] Iter 1098 | Total-in: 0 | Non-cached: 0 | Cache-read: 0 | Cache-create: 0 | Output: 0 | Cost: $0 | Duration: 5624ms | Turns: 1
[2026-04-04T06:35:53Z] Iter 1091 | Total-in: 0 | Non-cached: 0 | Cache-read: 0 | Cache-create: 0 | Output: 0 | Cost: $0 | Duration: 729ms | Turns: 1
[2026-04-04T06:35:55Z] Iter 1098 | Total-in: 0 | Non-cached: 0 | Cache-read: 0 | Cache-create: 0 | Output: 0 | Cost: $0 | Duration: 541ms | Turns: 1
[] Iter 1098 | No token data (result file empty or parse failed)
[2026-04-04T06:36:04Z] Iter 1099 | Total-in: 0 | Non-cached: 0 | Cache-read: 0 | Cache-create: 0 | Output: 0 | Cost: $0 | Duration: 502ms | Turns: 1
[2026-04-04T06:36:10Z] Iter 1092 | Total-in: 0 | Non-cached: 0 | Cache-read: 0 | Cache-create: 0 | Output: 0 | Cost: $0 | Duration: 488ms | Turns: 1
[] Iter 1099 | No token data (result file empty or parse failed)
[] Iter 1099 | No token data (result file empty or parse failed)
[2026-04-04T06:36:19Z] Iter 1100 | Total-in: 0 | Non-cached: 0 | Cache-read: 0 | Cache-create: 0 | Output: 0 | Cost: $0 | Duration: 412ms | Turns: 1
[2026-04-04T06:36:23Z] Iter 1093 | Total-in: 0 | Non-cached: 0 | Cache-read: 0 | Cache-create: 0 | Output: 0 | Cost: $0 | Duration: 424ms | Turns: 1
[2026-04-04T06:36:25Z] Iter 1100 | Total-in: 0 | Non-cached: 0 | Cache-read: 0 | Cache-create: 0 | Output: 0 | Cost: $0 | Duration: 518ms | Turns: 1
[2026-04-04T06:36:31Z] Iter 1100 | Total-in: 0 | Non-cached: 0 | Cache-read: 0 | Cache-create: 0 | Output: 0 | Cost: $ | Duration: ms | Turns: 
[2026-04-04T06:36:33Z] Iter 1101 | Total-in: 0 | Non-cached:  | Cache-read:  | Cache-create:  | Output:  | Cost: $ | Duration: ms | Turns: 
[2026-04-04T06:36:38Z] Iter 1094 | Total-in: 0 | Non-cached: 0 | Cache-read: 0 | Cache-create: 0 | Output: 0 | Cost: $0 | Duration: 435ms | Turns: 1
[2026-04-04T06:36:40Z] Iter 1101 | Total-in: 0 | Non-cached: 0 | Cache-read: 0 | Cache-create: 0 | Output: 0 | Cost: $0 | Duration: 422ms | Turns: 1
[2026-04-04T06:36:45Z] Iter 1101 | Total-in: 0 | Non-cached: 0 | Cache-read: 0 | Cache-create: 0 | Output: 0 | Cost: $0 | Duration: 544ms | Turns: 1
[] Iter 1102 | No token data (result file empty or parse failed)
[2026-04-04T06:36:52Z] Iter 1095 | Total-in: 0 | Non-cached: 0 | Cache-read: 0 | Cache-create: 0 | Output: 0 | Cost: $0 | Duration: 618ms | Turns: 1
[2026-04-04T06:36:54Z] Iter 1102 | Total-in: 0 | Non-cached: 0 | Cache-read: 0 | Cache-create: 0 | Output: 0 | Cost: $0 | Duration: 488ms | Turns: 1
[2026-04-04T06:36:59Z] Iter 1102 | Total-in: 0 | Non-cached: 0 | Cache-read: 0 | Cache-create: 0 | Output: 0 | Cost: $0 | Duration: 517ms | Turns: 1
[2026-04-04T06:37:01Z] Iter 1103 | Total-in: 0 | Non-cached: 0 | Cache-read: 0 | Cache-create: 0 | Output: 0 | Cost: $0 | Duration: 557ms | Turns: 1
[2026-04-04T06:37:07Z] Iter 1096 | Total-in: 0 | Non-cached: 0 | Cache-read: 0 | Cache-create: 0 | Output: 0 | Cost: $0 | Duration: ms | Turns: 
[2026-04-04T06:37:08Z] Iter 1103 | Total-in: 0 | Non-cached: 0 | Cache-read: 0 | Cache-create: 0 | Output: 0 | Cost: $0 | Duration: 413ms | Turns: 1
[] Iter 1104 | No token data (result file empty or parse failed)
[] Iter 1103 | No token data (result file empty or parse failed)
[2026-04-04T06:37:22Z] Iter 1097 | Total-in: 0 | Non-cached: 0 | Cache-read: 0 | Cache-create: 0 | Output: 0 | Cost: $0 | Duration: 477ms | Turns: 1
[2026-04-04T06:37:22Z] Iter 1104 | Total-in: 0 | Non-cached: 0 | Cache-read: 0 | Cache-create: 0 | Output: 0 | Cost: $0 | Duration: 477ms | Turns: 1
[2026-04-04T06:37:29Z] Iter 1105 | Total-in: 0 | Non-cached: 0 | Cache-read: 0 | Cache-create: 0 | Output: 0 | Cost: $0 | Duration: 424ms | Turns: 1
[2026-04-04T06:37:29Z] Iter 1104 | Total-in: 0 | Non-cached: 0 | Cache-read:  | Cache-create:  | Output: 0 | Cost: $ | Duration: ms | Turns: 
[2026-04-04T06:37:36Z] Iter 1098 | Total-in: 0 | Non-cached: 0 | Cache-read: 0 | Cache-create: 0 | Output: 0 | Cost: $0 | Duration: 427ms | Turns: 1
[2026-04-04T06:37:36Z] Iter 1105 | Total-in: 0 | Non-cached: 0 | Cache-read: 0 | Cache-create: 0 | Output: 0 | Cost: $0 | Duration: 427ms | Turns: 1
[] Iter 1106 | No token data (result file empty or parse failed)
[] Iter 1105 | No token data (result file empty or parse failed)
[2026-04-04T06:37:51Z] Iter 1106 | Total-in: 0 | Non-cached: 0 | Cache-read: 0 | Cache-create: 0 | Output: 0 | Cost: $ | Duration: ms | Turns: 
[2026-04-04T06:37:51Z] Iter 1099 | Total-in: 0 | Non-cached: 0 | Cache-read: 0 | Cache-create: 0 | Output: 0 | Cost: $ | Duration: ms | Turns: 
[2026-04-04T06:37:58Z] Iter 1106 | Total-in: 0 | Non-cached: 0 | Cache-read: 0 | Cache-create: 0 | Output: 0 | Cost: $0 | Duration: 1381ms | Turns: 1
[] Iter 1107 | No token data (result file empty or parse failed)
[] Iter 1107 | No token data (result file empty or parse failed)
[] Iter 1100 | No token data (result file empty or parse failed)
[2026-04-04T06:38:13Z] Iter 1108 | Total-in: 0 | Non-cached: 0 | Cache-read: 0 | Cache-create: 0 | Output: 0 | Cost: $0 | Duration: 494ms | Turns: 1
[2026-04-04T06:38:13Z] Iter 1107 | Total-in: 0 | Non-cached: 0 | Cache-read: 0 | Cache-create: 0 | Output: 0 | Cost: $0 | Duration: 494ms | Turns: 1
[2026-04-04T06:38:22Z] Iter 1101 | Total-in: 0 | Non-cached: 0 | Cache-read: 0 | Cache-create: 0 | Output: 0 | Cost: $0 | Duration: 1454ms | Turns: 1
[2026-04-04T06:38:22Z] Iter 1108 | Total-in: 0 | Non-cached: 0 | Cache-read: 0 | Cache-create: 0 | Output: 0 | Cost: $0 | Duration: 1454ms | Turns: 1
[2026-04-04T06:38:28Z] Iter 1109 | Total-in: 0 | Non-cached: 0 | Cache-read: 0 | Cache-create: 0 | Output: 0 | Cost: $0 | Duration: 458ms | Turns: 1
[2026-04-04T06:38:28Z] Iter 1108 | Total-in: 0 | Non-cached: 0 | Cache-read: 0 | Cache-create: 0 | Output: 0 | Cost: $0 | Duration: 458ms | Turns: 1
[2026-04-04T06:38:37Z] Iter 1102 | Total-in: 0 | Non-cached: 0 | Cache-read: 0 | Cache-create: 0 | Output: 0 | Cost: $0 | Duration: 657ms | Turns: 1
[2026-04-04T06:38:37Z] Iter 1109 | Total-in: 0 | Non-cached: 0 | Cache-read: 0 | Cache-create: 0 | Output: 0 | Cost: $0 | Duration: 657ms | Turns: 1
[2026-04-04T06:38:44Z] Iter 1110 | Total-in: 0 | Non-cached: 0 | Cache-read: 0 | Cache-create: 0 | Output: 0 | Cost: $0 | Duration: 422ms | Turns: 1
[2026-04-04T06:38:44Z] Iter 1109 | Total-in: 0 | Non-cached: 0 | Cache-read: 0 | Cache-create: 0 | Output: 0 | Cost: $0 | Duration: 422ms | Turns: 1
[2026-04-04T06:38:53Z] Iter 1110 | Total-in: 0 | Non-cached: 0 | Cache-read: 0 | Cache-create: 0 | Output: 0 | Cost: $0 | Duration: 438ms | Turns: 1
[2026-04-04T06:38:54Z] Iter 1103 | Total-in: 0 | Non-cached: 0 | Cache-read: 0 | Cache-create: 0 | Output: 0 | Cost: $0 | Duration: 552ms | Turns: 1
[2026-04-04T06:39:00Z] Iter 1110 | Total-in: 0 | Non-cached: 0 | Cache-read: 0 | Cache-create: 0 | Output: 0 | Cost: $0 | Duration: 438ms | Turns: 1
[2026-04-04T06:39:00Z] Iter 1111 | Total-in: 0 | Non-cached: 0 | Cache-read: 0 | Cache-create: 0 | Output: 0 | Cost: $0 | Duration: 438ms | Turns: 1
[] Iter 1111 | No token data (result file empty or parse failed)
[2026-04-04T06:39:12Z] Iter 1104 | Total-in: 0 | Non-cached: 0 | Cache-read: 0 | Cache-create: 0 | Output: 0 | Cost: $0 | Duration: 933ms | Turns: 1
[2026-04-04T06:39:16Z] Iter 1112 | Total-in: 0 | Non-cached: 0 | Cache-read: 0 | Cache-create: 0 | Output: 0 | Cost: $0 | Duration: 455ms | Turns: 1
[2026-04-04T06:39:17Z] Iter 1111 | Total-in: 0 | Non-cached: 0 | Cache-read: 0 | Cache-create: 0 | Output: 0 | Cost: $0 | Duration: 455ms | Turns: 1
[2026-04-04T06:39:24Z] Iter 1112 | Total-in: 0 | Non-cached: 0 | Cache-read: 0 | Cache-create: 0 | Output: 0 | Cost: $0 | Duration: 520ms | Turns: 1
[2026-04-04T06:39:28Z] Iter 1105 | Total-in: 0 | Non-cached: 0 | Cache-read: 0 | Cache-create: 0 | Output: 0 | Cost: $0 | Duration: 584ms | Turns: 1
[2026-04-04T06:39:33Z] Iter 1112 | Total-in: 0 | Non-cached: 0 | Cache-read: 0 | Cache-create: 0 | Output: 0 | Cost: $0 | Duration: 463ms | Turns: 1
[2026-04-04T06:39:33Z] Iter 1113 | Total-in: 0 | Non-cached: 0 | Cache-read: 0 | Cache-create: 0 | Output: 0 | Cost: $0 | Duration: 463ms | Turns: 1
[2026-04-04T06:39:40Z] Iter 1113 | Total-in: 0 | Non-cached: 0 | Cache-read: 0 | Cache-create: 0 | Output: 0 | Cost: $0 | Duration: 609ms | Turns: 1
[2026-04-04T06:39:45Z] Iter 1106 | Total-in: 0 | Non-cached: 0 | Cache-read: 0 | Cache-create: 0 | Output: 0 | Cost: $0 | Duration: 521ms | Turns: 1
[2026-04-04T06:39:49Z] Iter 1113 | Total-in: 0 | Non-cached: 0 | Cache-read: 0 | Cache-create: 0 | Output: 0 | Cost: $0 | Duration: 565ms | Turns: 1
[2026-04-04T06:39:51Z] Iter 1114 | Total-in: 0 | Non-cached: 0 | Cache-read: 0 | Cache-create: 0 | Output: 0 | Cost: $0 | Duration: 503ms | Turns: 1
[2026-04-04T06:39:56Z] Iter 1114 | Total-in: 0 | Non-cached: 0 | Cache-read: 0 | Cache-create: 0 | Output: 0 | Cost: $0 | Duration: 515ms | Turns: 1
[2026-04-04T06:40:01Z] Iter 1107 | Total-in: 0 | Non-cached: 0 | Cache-read: 0 | Cache-create: 0 | Output: 0 | Cost: $0 | Duration: 521ms | Turns: 1
[2026-04-04T06:40:07Z] Iter 1114 | Total-in: 0 | Non-cached: 0 | Cache-read: 0 | Cache-create: 0 | Output: 0 | Cost: $0 | Duration: 470ms | Turns: 1
[2026-04-04T06:40:08Z] Iter 1115 | Total-in: 0 | Non-cached: 0 | Cache-read: 0 | Cache-create: 0 | Output: 0 | Cost: $0 | Duration: 470ms | Turns: 1
[2026-04-04T06:40:13Z] Iter 1115 | Total-in: 0 | Non-cached: 0 | Cache-read: 0 | Cache-create: 0 | Output: 0 | Cost: $0 | Duration: 718ms | Turns: 1
[2026-04-04T06:40:18Z] Iter 1108 | Total-in: 0 | Non-cached: 0 | Cache-read: 0 | Cache-create: 0 | Output: 0 | Cost: $0 | Duration: 586ms | Turns: 1
[2026-04-04T06:40:24Z] Iter 1115 | Total-in: 0 | Non-cached: 0 | Cache-read: 0 | Cache-create: 0 | Output: 0 | Cost: $0 | Duration: 582ms | Turns: 1
[2026-04-04T06:40:24Z] Iter 1116 | Total-in: 0 | Non-cached: 0 | Cache-read: 0 | Cache-create: 0 | Output: 0 | Cost: $0 | Duration: 582ms | Turns: 1
[2026-04-04T06:40:31Z] Iter 1116 | Total-in: 0 | Non-cached: 0 | Cache-read: 0 | Cache-create: 0 | Output: 0 | Cost: $0 | Duration: 1567ms | Turns: 1
[2026-04-04T06:40:35Z] Iter 1109 | Total-in: 0 | Non-cached: 0 | Cache-read: 0 | Cache-create: 0 | Output: 0 | Cost: $0 | Duration: 580ms | Turns: 1
[2026-04-04T06:40:41Z] Iter 1116 | Total-in: 0 | Non-cached: 0 | Cache-read: 0 | Cache-create: 0 | Output: 0 | Cost: $0 | Duration: 592ms | Turns: 1
[2026-04-04T06:40:42Z] Iter 1117 | Total-in: 0 | Non-cached: 0 | Cache-read: 0 | Cache-create: 0 | Output: 0 | Cost: $0 | Duration: 518ms | Turns: 1
[2026-04-04T06:40:47Z] Iter 1117 | Total-in: 0 | Non-cached: 0 | Cache-read: 0 | Cache-create: 0 | Output: 0 | Cost: $0 | Duration: 425ms | Turns: 1
[] Iter 1110 | No token data (result file empty or parse failed)
[2026-04-04T06:40:55Z] Iter 1117 | Total-in: 0 | Non-cached: 0 | Cache-read: 0 | Cache-create: 0 | Output: 0 | Cost: $0 | Duration: 1092ms | Turns: 1
[2026-04-04T06:40:57Z] Iter 1118 | Total-in: 0 | Non-cached: 0 | Cache-read: 0 | Cache-create: 0 | Output: 0 | Cost: $0 | Duration: ms | Turns: 
[2026-04-04T06:41:01Z] Iter 1118 | Total-in: 0 | Non-cached: 0 | Cache-read: 0 | Cache-create: 0 | Output: 0 | Cost: $0 | Duration: 413ms | Turns: 1
[] Iter 1111 | No token data (result file empty or parse failed)
[2026-04-04T06:41:10Z] Iter 1118 | Total-in: 0 | Non-cached: 0 | Cache-read: 0 | Cache-create: 0 | Output: 0 | Cost: $0 | Duration: 417ms | Turns: 1
[2026-04-04T06:41:12Z] Iter 1119 | Total-in: 0 | Non-cached: 0 | Cache-read: 0 | Cache-create: 0 | Output: 0 | Cost: $0 | Duration: 495ms | Turns: 1
[2026-04-04T06:41:16Z] Iter 1119 | Total-in: 0 | Non-cached: 0 | Cache-read: 0 | Cache-create: 0 | Output: 0 | Cost: $0 | Duration: 417ms | Turns: 1
[2026-04-04T06:41:19Z] Iter 1112 | Total-in: 0 | Non-cached: 0 | Cache-read: 0 | Cache-create: 0 | Output: 0 | Cost: $0 | Duration: 424ms | Turns: 1
[2026-04-04T06:41:26Z] Iter 1119 | Total-in: 0 | Non-cached: 0 | Cache-read: 0 | Cache-create: 0 | Output: 0 | Cost: $0 | Duration: ms | Turns: 
[2026-04-04T06:41:28Z] Iter 1120 | Total-in: 0 | Non-cached: 0 | Cache-read: 0 | Cache-create: 0 | Output: 0 | Cost: $0 | Duration: 1518ms | Turns: 1
[2026-04-04T06:41:30Z] Iter 1120 | Total-in: 0 | Non-cached: 0 | Cache-read: 0 | Cache-create: 0 | Output: 0 | Cost: $0 | Duration: 387ms | Turns: 1
[2026-04-04T06:41:33Z] Iter 1113 | Total-in: 0 | Non-cached: 0 | Cache-read: 0 | Cache-create: 0 | Output: 0 | Cost: $0 | Duration: 421ms | Turns: 1
[] Iter 1120 | No token data (result file empty or parse failed)
[2026-04-04T06:41:42Z] Iter 1121 | Total-in: 0 | Non-cached: 0 | Cache-read: 0 | Cache-create: 0 | Output: 0 | Cost: $0 | Duration: 493ms | Turns: 1
[2026-04-04T06:41:45Z] Iter 1121 | Total-in: 0 | Non-cached: 0 | Cache-read: 0 | Cache-create: 0 | Output: 0 | Cost: $0 | Duration: 425ms | Turns: 1
[] Iter 1114 | No token data (result file empty or parse failed)
[2026-04-04T06:41:54Z] Iter 1121 | Total-in: 0 | Non-cached: 0 | Cache-read: 0 | Cache-create: 0 | Output: 0 | Cost: $0 | Duration: 492ms | Turns: 1
[2026-04-04T06:41:57Z] Iter 1122 | Total-in: 0 | Non-cached: 0 | Cache-read: 0 | Cache-create: 0 | Output: 0 | Cost: $0 | Duration: 510ms | Turns: 1
[2026-04-04T06:41:59Z] Iter 1122 | Total-in: 0 | Non-cached: 0 | Cache-read: 0 | Cache-create: 0 | Output: 0 | Cost: $0 | Duration: 489ms | Turns: 1
[] Iter 1115 | No token data (result file empty or parse failed)
[2026-04-04T06:42:08Z] Iter 1122 | Total-in: 0 | Non-cached: 0 | Cache-read: 0 | Cache-create: 0 | Output: 0 | Cost: $0 | Duration: 475ms | Turns: 1
[2026-04-04T06:42:12Z] Iter 1123 | Total-in: 0 | Non-cached: 0 | Cache-read: 0 | Cache-create: 0 | Output: 0 | Cost: $0 | Duration: 540ms | Turns: 1
[2026-04-04T06:42:14Z] Iter 1123 | Total-in: 0 | Non-cached: 0 | Cache-read: 0 | Cache-create: 0 | Output: 0 | Cost: $0 | Duration: 478ms | Turns: 1
[] Iter 1116 | No token data (result file empty or parse failed)
[2026-04-04T06:42:22Z] Iter 1123 | Total-in: 0 | Non-cached: 0 | Cache-read: 0 | Cache-create: 0 | Output: 0 | Cost: $0 | Duration: 421ms | Turns: 1
[2026-04-04T06:42:28Z] Iter 1124 | Total-in: 0 | Non-cached: 0 | Cache-read: 0 | Cache-create: 0 | Output: 0 | Cost: $0 | Duration: 662ms | Turns: 1
[2026-04-04T06:42:29Z] Iter 1124 | Total-in: 0 | Non-cached: 0 | Cache-read: 0 | Cache-create: 0 | Output: 0 | Cost: $0 | Duration: 662ms | Turns: 1
[2026-04-04T06:42:30Z] Iter 1117 | Total-in: 0 | Non-cached: 0 | Cache-read: 0 | Cache-create: 0 | Output: 0 | Cost: $0 | Duration: 432ms | Turns: 
[] Iter 1124 | No token data (result file empty or parse failed)
[2026-04-04T06:42:44Z] Iter 1125 | Total-in: 0 | Non-cached: 0 | Cache-read: 0 | Cache-create: 0 | Output: 0 | Cost: $0 | Duration: 474ms | Turns: 1
[2026-04-04T06:42:44Z] Iter 1125 | Total-in: 0 | Non-cached: 0 | Cache-read: 0 | Cache-create: 0 | Output: 0 | Cost: $0 | Duration: 474ms | Turns: 1
[] Iter 1118 | No token data (result file empty or parse failed)
[2026-04-04T06:42:54Z] Iter 1125 | Total-in: 0 | Non-cached: 0 | Cache-read: 0 | Cache-create: 0 | Output: 0 | Cost: $0 | Duration: 1637ms | Turns: 1
[2026-04-04T06:42:59Z] Iter 1126 | Total-in: 0 | Non-cached: 0 | Cache-read: 0 | Cache-create: 0 | Output: 0 | Cost: $0 | Duration: 553ms | Turns: 1
[2026-04-04T06:43:00Z] Iter 1126 | Total-in: 0 | Non-cached: 0 | Cache-read: 0 | Cache-create: 0 | Output: 0 | Cost: $0 | Duration: 553ms | Turns: 1
[2026-04-04T06:43:02Z] Iter 1119 | Total-in: 0 | Non-cached: 0 | Cache-read: 0 | Cache-create: 0 | Output: 0 | Cost: $0 | Duration: ms | Turns: 
[] Iter 1126 | No token data (result file empty or parse failed)
[2026-04-04T06:43:15Z] Iter 1127 | Total-in: 0 | Non-cached: 0 | Cache-read: 0 | Cache-create: 0 | Output: 0 | Cost: $0 | Duration: 469ms | Turns: 1
[2026-04-04T06:43:16Z] Iter 1127 | Total-in: 0 | Non-cached: 0 | Cache-read: 0 | Cache-create: 0 | Output: 0 | Cost: $0 | Duration: 469ms | Turns: 1
[2026-04-04T06:43:17Z] Iter 1120 | Total-in: 0 | Non-cached: 0 | Cache-read: 0 | Cache-create: 0 | Output: 0 | Cost: $0 | Duration: 443ms | Turns: 1
[2026-04-04T06:43:24Z] Iter 1127 | Total-in: 0 | Non-cached: 0 | Cache-read: 0 | Cache-create: 0 | Output: 0 | Cost: $0 | Duration: 764ms | Turns: 1
[2026-04-04T06:43:30Z] Iter 1128 | Total-in: 0 | Non-cached: 0 | Cache-read: 0 | Cache-create: 0 | Output: 0 | Cost: $0 | Duration: 502ms | Turns: 1
[2026-04-04T06:43:31Z] Iter 1128 | Total-in: 0 | Non-cached: 0 | Cache-read: 0 | Cache-create: 0 | Output: 0 | Cost: $0 | Duration: 542ms | Turns: 1
[2026-04-04T06:43:33Z] Iter 1121 | Total-in: 0 | Non-cached: 0 | Cache-read: 0 | Cache-create: 0 | Output: 0 | Cost: $0 | Duration: 420ms | Turns: 1
[] Iter 1128 | No token data (result file empty or parse failed)
[2026-04-04T06:43:46Z] Iter 1129 | Total-in: 0 | Non-cached: 0 | Cache-read: 0 | Cache-create: 0 | Output: 0 | Cost: $0 | Duration: 493ms | Turns: 1
[2026-04-04T06:43:49Z] Iter 1122 | Total-in: 0 | Non-cached: 0 | Cache-read: 0 | Cache-create: 0 | Output: 0 | Cost: $0 | Duration: 569ms | Turns: 1
[2026-04-04T06:43:50Z] Iter 1129 | Total-in: 0 | Non-cached: 0 | Cache-read: 0 | Cache-create: 0 | Output: 0 | Cost: $0 | Duration: 569ms | Turns: 1
[] Iter 1129 | No token data (result file empty or parse failed)
[] Iter 1130 | No token data (result file empty or parse failed)
[2026-04-04T06:44:06Z] Iter 1123 | Total-in: 0 | Non-cached: 0 | Cache-read: 0 | Cache-create: 0 | Output: 0 | Cost: $0 | Duration: 520ms | Turns: 1
[2026-04-04T06:44:06Z] Iter 1130 | Total-in: 0 | Non-cached: 0 | Cache-read: 0 | Cache-create: 0 | Output: 0 | Cost: $0 | Duration: 520ms | Turns: 1
[2026-04-04T06:44:10Z] Iter 1130 | Total-in: 0 | Non-cached: 0 | Cache-read: 0 | Cache-create: 0 | Output: 0 | Cost: $0 | Duration: 504ms | Turns: 1
[] Iter 1131 | No token data (result file empty or parse failed)
[2026-04-04T06:44:23Z] Iter 1124 | Total-in: 0 | Non-cached: 0 | Cache-read: 0 | Cache-create: 0 | Output: 0 | Cost: $0 | Duration: 527ms | Turns: 1
[2026-04-04T06:44:23Z] Iter 1131 | Total-in: 0 | Non-cached: 0 | Cache-read: 0 | Cache-create: 0 | Output: 0 | Cost: $0 | Duration: 527ms | Turns: 1
[2026-04-04T06:44:27Z] Iter 1131 | Total-in: 0 | Non-cached: 0 | Cache-read: 0 | Cache-create: 0 | Output: 0 | Cost: $0 | Duration: 509ms | Turns: 1
[2026-04-04T06:44:34Z] Iter 1132 | Total-in: 0 | Non-cached: 0 | Cache-read: 0 | Cache-create: 0 | Output: 0 | Cost: $0 | Duration: 466ms | Turns: 1
[2026-04-04T06:44:40Z] Iter 1125 | Total-in: 0 | Non-cached: 0 | Cache-read: 0 | Cache-create: 0 | Output: 0 | Cost: $0 | Duration: 561ms | Turns: 1
[2026-04-04T06:44:40Z] Iter 1132 | Total-in: 0 | Non-cached: 0 | Cache-read: 0 | Cache-create: 0 | Output: 0 | Cost: $0 | Duration: 561ms | Turns: 1
[2026-04-04T06:44:44Z] Iter 1132 | Total-in: 0 | Non-cached: 0 | Cache-read: 0 | Cache-create: 0 | Output: 0 | Cost: $0 | Duration: 420ms | Turns: 1
[2026-04-04T06:44:50Z] Iter 1133 | Total-in: 0 | Non-cached: 0 | Cache-read: 0 | Cache-create: 0 | Output: 0 | Cost: $0 | Duration: 563ms | Turns: 1
[2026-04-04T06:44:57Z] Iter 1126 | Total-in: 0 | Non-cached: 0 | Cache-read: 0 | Cache-create: 0 | Output: 0 | Cost: $0 | Duration: 519ms | Turns: 1
[2026-04-04T06:44:57Z] Iter 1133 | Total-in: 0 | Non-cached: 0 | Cache-read: 0 | Cache-create: 0 | Output: 0 | Cost: $0 | Duration: 519ms | Turns: 1
[2026-04-04T06:45:01Z] Iter 1133 | Total-in: 0 | Non-cached: 0 | Cache-read: 0 | Cache-create: 0 | Output: 0 | Cost: $0 | Duration: 482ms | Turns: 1
[2026-04-04T06:45:07Z] Iter 1134 | Total-in: 0 | Non-cached: 0 | Cache-read: 0 | Cache-create: 0 | Output: 0 | Cost: $0 | Duration: 492ms | Turns: 1
[2026-04-04T06:45:14Z] Iter 1127 | Total-in: 0 | Non-cached: 0 | Cache-read: 0 | Cache-create: 0 | Output: 0 | Cost: $0 | Duration: 505ms | Turns: 1
[2026-04-04T06:45:14Z] Iter 1134 | Total-in: 0 | Non-cached: 0 | Cache-read: 0 | Cache-create: 0 | Output: 0 | Cost: $0 | Duration: 505ms | Turns: 1
[2026-04-04T06:45:18Z] Iter 1134 | Total-in: 0 | Non-cached: 0 | Cache-read: 0 | Cache-create: 0 | Output: 0 | Cost: $0 | Duration: 429ms | Turns: 1
[2026-04-04T06:45:23Z] Iter 1135 | Total-in: 0 | Non-cached: 0 | Cache-read: 0 | Cache-create: 0 | Output: 0 | Cost: $0 | Duration: 443ms | Turns: 1
[2026-04-04T06:45:28Z] Iter 1135 | Total-in: 0 | Non-cached: 0 | Cache-read: 0 | Cache-create: 0 | Output: 0 | Cost: $0 | Duration: 403ms | Turns: 1
[2026-04-04T06:45:29Z] Iter 1128 | Total-in: 0 | Non-cached: 0 | Cache-read: 0 | Cache-create: 0 | Output: 0 | Cost: $0 | Duration: 407ms | Turns: 1
[2026-04-04T06:45:32Z] Iter 1135 | Total-in: 0 | Non-cached: 0 | Cache-read: 0 | Cache-create: 0 | Output: 0 | Cost: $0 | Duration: 534ms | Turns: 1
[] Iter 1136 | No token data (result file empty or parse failed)
[2026-04-04T06:45:42Z] Iter 1136 | Total-in: 0 | Non-cached: 0 | Cache-read: 0 | Cache-create: 0 | Output: 0 | Cost: $0 | Duration: 464ms | Turns: 1
[] Iter 1129 | No token data (result file empty or parse failed)
[2026-04-04T06:45:46Z] Iter 1136 | Total-in: 0 | Non-cached: 0 | Cache-read: 0 | Cache-create: 0 | Output: 0 | Cost: $0 | Duration: 425ms | Turns: 1
[2026-04-04T06:45:49Z] Iter 1137 | Total-in: 0 | Non-cached: 0 | Cache-read: 0 | Cache-create: 0 | Output: 0 | Cost: $0 | Duration: 431ms | Turns: 1
[] Iter 1137 | No token data (result file empty or parse failed)
[2026-04-04T06:45:59Z] Iter 1130 | Total-in: 0 | Non-cached: 0 | Cache-read: 0 | Cache-create: 0 | Output: 0 | Cost: $0 | Duration: 493ms | Turns: 1
[2026-04-04T06:46:00Z] Iter 1137 | Total-in: 0 | Non-cached: 0 | Cache-read: 0 | Cache-create: 0 | Output: 0 | Cost: $0 | Duration: 434ms | Turns: 1
[2026-04-04T06:46:04Z] Iter 1138 | Total-in: 0 | Non-cached: 0 | Cache-read: 0 | Cache-create: 0 | Output: 0 | Cost: $0 | Duration: 619ms | Turns: 1
[2026-04-04T06:46:11Z] Iter 1138 | Total-in: 0 | Non-cached: 0 | Cache-read: 0 | Cache-create: 0 | Output: 0 | Cost: $0 | Duration: 689ms | Turns: 1
[2026-04-04T06:46:13Z] Iter 1131 | Total-in: 0 | Non-cached: 0 | Cache-read: 0 | Cache-create: 0 | Output: 0 | Cost: $0 | Duration: 490ms | Turns: 1
[2026-04-04T06:46:15Z] Iter 1138 | Total-in: 0 | Non-cached: 0 | Cache-read: 0 | Cache-create: 0 | Output: 0 | Cost: $0 | Duration: 444ms | Turns: 1
[2026-04-04T06:46:18Z] Iter 1139 | Total-in: 0 | Non-cached: 0 | Cache-read: 0 | Cache-create: 0 | Output: 0 | Cost: $0 | Duration: 444ms | Turns: 1
[] Iter 1139 | No token data (result file empty or parse failed)
[2026-04-04T06:46:29Z] Iter 1132 | Total-in: 0 | Non-cached: 0 | Cache-read: 0 | Cache-create: 0 | Output: 0 | Cost: $0 | Duration: 455ms | Turns: 1
[2026-04-04T06:46:30Z] Iter 1139 | Total-in: 0 | Non-cached: 0 | Cache-read: 0 | Cache-create: 0 | Output: 0 | Cost: $0 | Duration: 484ms | Turns: 1
[2026-04-04T06:46:32Z] Iter 1140 | Total-in: 0 | Non-cached: 0 | Cache-read: 0 | Cache-create: 0 | Output: 0 | Cost: $0 | Duration: 398ms | Turns: 1
[] Iter 1140 | No token data (result file empty or parse failed)
[2026-04-04T06:46:43Z] Iter 1133 | Total-in: 0 | Non-cached: 0 | Cache-read: 0 | Cache-create: 0 | Output: 0 | Cost: $0 | Duration: 518ms | Turns: 1
[2026-04-04T06:46:44Z] Iter 1140 | Total-in: 0 | Non-cached: 0 | Cache-read: 0 | Cache-create: 0 | Output: 0 | Cost: $0 | Duration: 489ms | Turns: 1
[2026-04-04T06:46:47Z] Iter 1141 | Total-in: 0 | Non-cached: 0 | Cache-read: 0 | Cache-create: 0 | Output: 0 | Cost: $0 | Duration: 484ms | Turns: 1
[2026-04-04T06:46:54Z] Iter 1141 | Total-in: 0 | Non-cached: 0 | Cache-read: 0 | Cache-create: 0 | Output: 0 | Cost: $0 | Duration: 450ms | Turns: 1
[2026-04-04T06:46:58Z] Iter 1134 | Total-in: 0 | Non-cached: 0 | Cache-read: 0 | Cache-create: 0 | Output: 0 | Cost: $0 | Duration: 502ms | Turns: 1
[2026-04-04T06:46:59Z] Iter 1141 | Total-in: 0 | Non-cached: 0 | Cache-read: 0 | Cache-create: 0 | Output: 0 | Cost: $0 | Duration: 502ms | Turns: 1
[2026-04-04T06:47:02Z] Iter 1142 | Total-in: 0 | Non-cached: 0 | Cache-read: 0 | Cache-create: 0 | Output: 0 | Cost: $0 | Duration: 555ms | Turns: 1
[2026-04-04T06:47:09Z] Iter 1142 | Total-in: 0 | Non-cached: 0 | Cache-read: 0 | Cache-create: 0 | Output: 0 | Cost: $0 | Duration: 630ms | Turns: 1
[2026-04-04T06:47:13Z] Iter 1135 | Total-in: 0 | Non-cached: 0 | Cache-read: 0 | Cache-create: 0 | Output: 0 | Cost: $0 | Duration: 411ms | Turns: 1
[2026-04-04T06:47:16Z] Iter 1142 | Total-in: 0 | Non-cached: 0 | Cache-read: 0 | Cache-create: 0 | Output: 0 | Cost: $0 | Duration: 691ms | Turns: 1
[2026-04-04T06:47:18Z] Iter 1143 | Total-in: 0 | Non-cached: 0 | Cache-read: 0 | Cache-create: 0 | Output: 0 | Cost: $0 | Duration: 438ms | Turns: 1
[] Iter 1143 | No token data (result file empty or parse failed)
[2026-04-04T06:47:29Z] Iter 1136 | Total-in: 0 | Non-cached: 0 | Cache-read: 0 | Cache-create: 0 | Output: 0 | Cost: $0 | Duration: 462ms | Turns: 1
[] Iter 1143 | No token data (result file empty or parse failed)
[2026-04-04T06:47:34Z] Iter 1144 | Total-in: 0 | Non-cached: 0 | Cache-read: 0 | Cache-create: 0 | Output: 0 | Cost: $0 | Duration: 463ms | Turns: 1
[2026-04-04T06:47:38Z] Iter 1144 | Total-in: 0 | Non-cached: 0 | Cache-read: 0 | Cache-create: 0 | Output: 0 | Cost: $0 | Duration: ms | Turns: 
[2026-04-04T06:47:46Z] Iter 1137 | Total-in: 0 | Non-cached: 0 | Cache-read: 0 | Cache-create: 0 | Output: 0 | Cost: $0 | Duration: 500ms | Turns: 1
[2026-04-04T06:47:46Z] Iter 1144 | Total-in: 0 | Non-cached: 0 | Cache-read:  | Cache-create:  | Output:  | Cost: $ | Duration: ms | Turns: 
[2026-04-04T06:47:50Z] Iter 1145 | Total-in: 0 | Non-cached: 0 | Cache-read: 0 | Cache-create: 0 | Output: 0 | Cost: $0 | Duration: 526ms | Turns: 1
[] Iter 1145 | No token data (result file empty or parse failed)
[] Iter 1138 | No token data (result file empty or parse failed)
[2026-04-04T06:48:03Z] Iter 1145 | Total-in: 0 | Non-cached: 0 | Cache-read: 0 | Cache-create: 0 | Output: 0 | Cost: $0 | Duration: 505ms | Turns: 1
[2026-04-04T06:48:06Z] Iter 1146 | Total-in: 0 | Non-cached: 0 | Cache-read: 0 | Cache-create: 0 | Output: 0 | Cost: $0 | Duration: 533ms | Turns: 1
[] Iter 1146 | No token data (result file empty or parse failed)
[2026-04-04T06:48:16Z] Iter 1139 | Total-in: 0 | Non-cached: 0 | Cache-read:  | Cache-create:  | Output:  | Cost: $ | Duration: ms | Turns: 
[2026-04-04T06:48:19Z] Iter 1146 | Total-in: 0 | Non-cached: 0 | Cache-read: 0 | Cache-create: 0 | Output: 0 | Cost: $0 | Duration: 481ms | Turns: 1
[2026-04-04T06:48:21Z] Iter 1147 | Total-in: 0 | Non-cached: 0 | Cache-read: 0 | Cache-create: 0 | Output: 0 | Cost: $0 | Duration: 434ms | Turns: 1
[] Iter 1147 | No token data (result file empty or parse failed)
[] Iter 1140 | No token data (result file empty or parse failed)
[2026-04-04T06:48:38Z] Iter 1148 | Total-in: 0 | Non-cached: 0 | Cache-read: 0 | Cache-create: 0 | Output: 0 | Cost: $0 | Duration: 682ms | Turns: 1
[2026-04-04T06:48:38Z] Iter 1147 | Total-in: 0 | Non-cached: 0 | Cache-read: 0 | Cache-create: 0 | Output: 0 | Cost: $0 | Duration: 682ms | Turns: 1
[2026-04-04T06:48:41Z] Iter 1148 | Total-in: 0 | Non-cached: 0 | Cache-read: 0 | Cache-create: 0 | Output: 0 | Cost: $0 | Duration: 516ms | Turns: 1
[2026-04-04T06:48:48Z] Iter 1141 | Total-in: 0 | Non-cached: 0 | Cache-read: 0 | Cache-create: 0 | Output: 0 | Cost: $0 | Duration: 582ms | Turns: 1
[2026-04-04T06:48:55Z] Iter 1149 | Total-in: 0 | Non-cached: 0 | Cache-read: 0 | Cache-create: 0 | Output: 0 | Cost: $0 | Duration: 544ms | Turns: 1
[2026-04-04T06:48:55Z] Iter 1148 | Total-in: 0 | Non-cached: 0 | Cache-read: 0 | Cache-create: 0 | Output: 0 | Cost: $0 | Duration: 544ms | Turns: 1
[2026-04-04T06:48:58Z] Iter 1149 | Total-in: 0 | Non-cached: 0 | Cache-read: 0 | Cache-create: 0 | Output: 0 | Cost: $0 | Duration: 596ms | Turns: 1
[2026-04-04T06:49:04Z] Iter 1142 | Total-in: 0 | Non-cached: 0 | Cache-read: 0 | Cache-create: 0 | Output: 0 | Cost: $0 | Duration: 571ms | Turns: 1
[2026-04-04T06:49:12Z] Iter 1150 | Total-in: 0 | Non-cached: 0 | Cache-read: 0 | Cache-create: 0 | Output: 0 | Cost: $0 | Duration: 500ms | Turns: 1
[2026-04-04T06:49:12Z] Iter 1149 | Total-in: 0 | Non-cached: 0 | Cache-read: 0 | Cache-create: 0 | Output: 0 | Cost: $0 | Duration: 500ms | Turns: 1
[2026-04-04T06:49:15Z] Iter 1150 | Total-in: 0 | Non-cached: 0 | Cache-read: 0 | Cache-create: 0 | Output: 0 | Cost: $0 | Duration: 538ms | Turns: 1
[2026-04-04T06:49:23Z] Iter 1143 | Total-in: 0 | Non-cached: 0 | Cache-read: 0 | Cache-create: 0 | Output: 0 | Cost: $0 | Duration: 558ms | Turns: 1
[2026-04-04T06:49:29Z] Iter 1151 | Total-in: 0 | Non-cached: 0 | Cache-read: 0 | Cache-create: 0 | Output: 0 | Cost: $0 | Duration: 720ms | Turns: 1
[2026-04-04T06:49:30Z] Iter 1150 | Total-in: 0 | Non-cached: 0 | Cache-read: 0 | Cache-create: 0 | Output: 0 | Cost: $0 | Duration: 720ms | Turns: 1
[2026-04-04T06:49:33Z] Iter 1151 | Total-in: 0 | Non-cached: 0 | Cache-read: 0 | Cache-create: 0 | Output: 0 | Cost: $0 | Duration: 451ms | Turns: 1
[2026-04-04T06:49:39Z] Iter 1144 | Total-in: 0 | Non-cached: 0 | Cache-read: 0 | Cache-create: 0 | Output: 0 | Cost: $0 | Duration: 496ms | Turns: 1
[2026-04-04T06:49:46Z] Iter 1152 | Total-in: 0 | Non-cached: 0 | Cache-read: 0 | Cache-create: 0 | Output: 0 | Cost: $0 | Duration: 567ms | Turns: 1
[2026-04-04T06:49:47Z] Iter 1151 | Total-in: 0 | Non-cached: 0 | Cache-read: 0 | Cache-create: 0 | Output: 0 | Cost: $0 | Duration: 567ms | Turns: 1
[2026-04-04T06:49:50Z] Iter 1152 | Total-in: 0 | Non-cached: 0 | Cache-read: 0 | Cache-create: 0 | Output: 0 | Cost: $0 | Duration: 465ms | Turns: 1
[] Iter 1145 | No token data (result file empty or parse failed)
[2026-04-04T06:50:01Z] Iter 1153 | Total-in: 0 | Non-cached: 0 | Cache-read: 0 | Cache-create: 0 | Output: 0 | Cost: $0 | Duration: 408ms | Turns: 1
[2026-04-04T06:50:01Z] Iter 1152 | Total-in: 0 | Non-cached: 0 | Cache-read: 0 | Cache-create: 0 | Output: 0 | Cost: $0 | Duration: 408ms | Turns: 1
[2026-04-04T06:50:05Z] Iter 1153 | Total-in: 0 | Non-cached: 0 | Cache-read: 0 | Cache-create: 0 | Output: 0 | Cost: $0 | Duration: 921ms | Turns: 1
[] Iter 1146 | No token data (result file empty or parse failed)
[2026-04-04T06:50:15Z] Iter 1154 | Total-in: 0 | Non-cached: 0 | Cache-read: 0 | Cache-create: 0 | Output: 0 | Cost: $0 | Duration: 402ms | Turns: 1
[] Iter 1153 | No token data (result file empty or parse failed)
[2026-04-04T06:50:20Z] Iter 1154 | Total-in: 0 | Non-cached: 0 | Cache-read: 0 | Cache-create: 0 | Output: 0 | Cost: $0 | Duration: 456ms | Turns: 1
[2026-04-04T06:50:22Z] Iter 1147 | Total-in: 0 | Non-cached: 0 | Cache-read: 0 | Cache-create: 0 | Output: 0 | Cost: $0 | Duration: 408ms | Turns: 1
[] Iter 1155 | No token data (result file empty or parse failed)
[] Iter 1154 | No token data (result file empty or parse failed)
[2026-04-04T06:50:35Z] Iter 1155 | Total-in: 0 | Non-cached: 0 | Cache-read: 0 | Cache-create: 0 | Output: 0 | Cost: $0 | Duration: 485ms | Turns: 1
[2026-04-04T06:50:36Z] Iter 1148 | Total-in: 0 | Non-cached: 0 | Cache-read: 0 | Cache-create: 0 | Output: 0 | Cost: $0 | Duration: 449ms | Turns: 1
[2026-04-04T06:50:44Z] Iter 1156 | Total-in: 0 | Non-cached: 0 | Cache-read: 0 | Cache-create: 0 | Output: 0 | Cost: $0 | Duration: 712ms | Turns: 1
[] Iter 1155 | No token data (result file empty or parse failed)
[2026-04-04T06:50:50Z] Iter 1156 | Total-in: 0 | Non-cached: 0 | Cache-read: 0 | Cache-create: 0 | Output: 0 | Cost: $0 | Duration: 413ms | Turns: 1
[2026-04-04T06:50:50Z] Iter 1149 | Total-in: 0 | Non-cached: 0 | Cache-read: 0 | Cache-create: 0 | Output: 0 | Cost: $0 | Duration: 413ms | Turns: 1
[2026-04-04T06:50:59Z] Iter 1156 | Total-in: 0 | Non-cached: 0 | Cache-read: 0 | Cache-create: 0 | Output: 0 | Cost: $0 | Duration: 416ms | Turns: 1
[2026-04-04T06:50:59Z] Iter 1157 | Total-in: 0 | Non-cached: 0 | Cache-read: 0 | Cache-create: 0 | Output: 0 | Cost: $0 | Duration: 416ms | Turns: 1
[2026-04-04T06:51:04Z] Iter 1157 | Total-in: 0 | Non-cached: 0 | Cache-read: 0 | Cache-create: 0 | Output: 0 | Cost: $0 | Duration: 427ms | Turns: 1
[2026-04-04T06:51:05Z] Iter 1150 | Total-in: 0 | Non-cached: 0 | Cache-read: 0 | Cache-create: 0 | Output: 0 | Cost: $0 | Duration: 427ms | Turns: 1
[] Iter 1157 | No token data (result file empty or parse failed)
[] Iter 1158 | No token data (result file empty or parse failed)
[2026-04-04T06:51:19Z] Iter 1158 | Total-in: 0 | Non-cached: 0 | Cache-read: 0 | Cache-create: 0 | Output: 0 | Cost: $0 | Duration: 418ms | Turns: 1
[2026-04-04T06:51:20Z] Iter 1151 | Total-in: 0 | Non-cached: 0 | Cache-read: 0 | Cache-create: 0 | Output: 0 | Cost: $0 | Duration: 497ms | Turns: 1
[] Iter 1158 | No token data (result file empty or parse failed)
[] Iter 1159 | No token data (result file empty or parse failed)
[] Iter 1152 | No token data (result file empty or parse failed)
[] Iter 1159 | No token data (result file empty or parse failed)
[2026-04-04T06:51:40Z] Iter 1159 | Total-in: 0 | Non-cached: 0 | Cache-read: 0 | Cache-create: 0 | Output: 0 | Cost: $0 | Duration: 587ms | Turns: 1
[] Iter 1160 | No token data (result file empty or parse failed)
[] Iter 1153 | No token data (result file empty or parse failed)
[] Iter 1160 | No token data (result file empty or parse failed)
[2026-04-04T06:51:55Z] Iter 1160 | Total-in: 0 | Non-cached: 0 | Cache-read:  | Cache-create:  | Output:  | Cost: $ | Duration: ms | Turns: 
[2026-04-04T06:51:55Z] Iter 1161 | Total-in: 0 | Non-cached: 0 | Cache-read:  | Cache-create:  | Output:  | Cost: $ | Duration: ms | Turns: 
[2026-04-04T06:52:02Z] Iter 1154 | Total-in: 0 | Non-cached: 0 | Cache-read: 0 | Cache-create: 0 | Output: 0 | Cost: $0 | Duration: 452ms | Turns: 1
[2026-04-04T06:52:03Z] Iter 1161 | Total-in: 0 | Non-cached: 0 | Cache-read: 0 | Cache-create: 0 | Output: 0 | Cost: $0 | Duration: 452ms | Turns: 1
[] Iter 1161 | No token data (result file empty or parse failed)
[2026-04-04T06:52:13Z] Iter 1162 | Total-in: 0 | Non-cached: 0 | Cache-read: 0 | Cache-create: 0 | Output: 0 | Cost: $0 | Duration: 1545ms | Turns: 1
[] Iter 1162 | No token data (result file empty or parse failed)
[2026-04-04T06:52:18Z] Iter 1155 | Total-in: 0 | Non-cached:  | Cache-read:  | Cache-create:  | Output:  | Cost: $ | Duration: ms | Turns: 
[] Iter 1162 | No token data (result file empty or parse failed)
[2026-04-04T06:52:31Z] Iter 1163 | Total-in: 0 | Non-cached: 0 | Cache-read: 0 | Cache-create: 0 | Output: 0 | Cost: $0 | Duration: 858ms | Turns: 1
[2026-04-04T06:52:34Z] Iter 1163 | Total-in: 0 | Non-cached: 0 | Cache-read: 0 | Cache-create: 0 | Output: 0 | Cost: $0 | Duration: 516ms | Turns: 1
[2026-04-04T06:52:35Z] Iter 1156 | Total-in: 0 | Non-cached: 0 | Cache-read: 0 | Cache-create: 0 | Output: 0 | Cost: $0 | Duration: 516ms | Turns: 1
[2026-04-04T06:52:41Z] Iter 1163 | Total-in: 0 | Non-cached: 0 | Cache-read: 0 | Cache-create: 0 | Output: 0 | Cost: $0 | Duration: 585ms | Turns: 1
[2026-04-04T06:52:46Z] Iter 1164 | Total-in: 0 | Non-cached: 0 | Cache-read: 0 | Cache-create: 0 | Output: 0 | Cost: $0 | Duration: 495ms | Turns: 1
[2026-04-04T06:52:51Z] Iter 1164 | Total-in: 0 | Non-cached: 0 | Cache-read: 0 | Cache-create: 0 | Output: 0 | Cost: $0 | Duration: 441ms | Turns: 1
[2026-04-04T06:52:52Z] Iter 1157 | Total-in: 0 | Non-cached: 0 | Cache-read: 0 | Cache-create: 0 | Output: 0 | Cost: $0 | Duration: 459ms | Turns: 1
[2026-04-04T06:52:57Z] Iter 1164 | Total-in: 0 | Non-cached: 0 | Cache-read: 0 | Cache-create: 0 | Output: 0 | Cost: $0 | Duration: 439ms | Turns: 1
[2026-04-04T06:53:04Z] Iter 1165 | Total-in: 0 | Non-cached: 0 | Cache-read: 0 | Cache-create: 0 | Output: 0 | Cost: $0 | Duration: 460ms | Turns: 1
[2026-04-04T06:53:07Z] Iter 1165 | Total-in: 0 | Non-cached: 0 | Cache-read: 0 | Cache-create: 0 | Output: 0 | Cost: $0 | Duration: 450ms | Turns: 1
[2026-04-04T06:53:09Z] Iter 1158 | Total-in: 0 | Non-cached: 0 | Cache-read: 0 | Cache-create: 0 | Output: 0 | Cost: $0 | Duration: 481ms | Turns: 1
[2026-04-04T06:53:14Z] Iter 1165 | Total-in: 0 | Non-cached: 0 | Cache-read: 0 | Cache-create: 0 | Output: 0 | Cost: $0 | Duration: 517ms | Turns: 1
[2026-04-04T06:53:20Z] Iter 1166 | Total-in: 0 | Non-cached: 0 | Cache-read: 0 | Cache-create: 0 | Output: 0 | Cost: $0 | Duration: 477ms | Turns: 1
[2026-04-04T06:53:25Z] Iter 1166 | Total-in: 0 | Non-cached: 0 | Cache-read: 0 | Cache-create: 0 | Output: 0 | Cost: $0 | Duration: 697ms | Turns: 1
[2026-04-04T06:53:27Z] Iter 1159 | Total-in: 0 | Non-cached: 0 | Cache-read: 0 | Cache-create: 0 | Output: 0 | Cost: $0 | Duration: 499ms | Turns: 1
[2026-04-04T06:53:30Z] Iter 1166 | Total-in: 0 | Non-cached: 0 | Cache-read: 0 | Cache-create: 0 | Output: 0 | Cost: $0 | Duration: 452ms | Turns: 1
[2026-04-04T06:53:37Z] Iter 1167 | Total-in: 0 | Non-cached: 0 | Cache-read: 0 | Cache-create: 0 | Output: 0 | Cost: $0 | Duration: 603ms | Turns: 1
[2026-04-04T06:53:44Z] Iter 1167 | Total-in: 0 | Non-cached: 0 | Cache-read: 0 | Cache-create: 0 | Output: 0 | Cost: $0 | Duration: 644ms | Turns: 1
[2026-04-04T06:53:44Z] Iter 1160 | Total-in: 0 | Non-cached: 0 | Cache-read: 0 | Cache-create: 0 | Output: 0 | Cost: $0 | Duration: 644ms | Turns: 1
[2026-04-04T06:53:48Z] Iter 1167 | Total-in: 0 | Non-cached: 0 | Cache-read: 0 | Cache-create: 0 | Output: 0 | Cost: $0 | Duration: 511ms | Turns: 1
[2026-04-04T06:53:54Z] Iter 1168 | Total-in: 0 | Non-cached: 0 | Cache-read: 0 | Cache-create: 0 | Output: 0 | Cost: $0 | Duration: 523ms | Turns: 1
[2026-04-04T06:54:00Z] Iter 1168 | Total-in: 0 | Non-cached: 0 | Cache-read: 0 | Cache-create: 0 | Output: 0 | Cost: $0 | Duration: 565ms | Turns: 1
[2026-04-04T06:54:01Z] Iter 1161 | Total-in: 0 | Non-cached: 0 | Cache-read: 0 | Cache-create: 0 | Output: 0 | Cost: $0 | Duration: 565ms | Turns: 1
[2026-04-04T06:54:05Z] Iter 1168 | Total-in: 0 | Non-cached: 0 | Cache-read: 0 | Cache-create: 0 | Output: 0 | Cost: $0 | Duration: 538ms | Turns: 1
[2026-04-04T06:54:10Z] Iter 1169 | Total-in: 0 | Non-cached: 0 | Cache-read: 0 | Cache-create: 0 | Output: 0 | Cost: $0 | Duration: 455ms | Turns: 1
[2026-04-04T06:54:15Z] Iter 1169 | Total-in: 0 | Non-cached: 0 | Cache-read: 0 | Cache-create: 0 | Output: 0 | Cost: $0 | Duration: 388ms | Turns: 1
[2026-04-04T06:54:16Z] Iter 1162 | Total-in: 0 | Non-cached: 0 | Cache-read: 0 | Cache-create: 0 | Output: 0 | Cost: $0 | Duration: 388ms | Turns: 1
[2026-04-04T06:54:19Z] Iter 1169 | Total-in: 0 | Non-cached: 0 | Cache-read: 0 | Cache-create: 0 | Output: 0 | Cost: $0 | Duration: 674ms | Turns: 1
[2026-04-04T06:54:24Z] Iter 1170 | Total-in: 0 | Non-cached: 0 | Cache-read: 0 | Cache-create: 0 | Output: 0 | Cost: $0 | Duration: 446ms | Turns: 1
[2026-04-04T06:54:29Z] Iter 1170 | Total-in: 0 | Non-cached: 0 | Cache-read: 0 | Cache-create: 0 | Output: 0 | Cost: $0 | Duration: 716ms | Turns: 1
[2026-04-04T06:54:30Z] Iter 1163 | Total-in: 0 | Non-cached: 0 | Cache-read: 0 | Cache-create: 0 | Output: 0 | Cost: $0 | Duration: 716ms | Turns: 1
[2026-04-04T06:54:34Z] Iter 1170 | Total-in: 0 | Non-cached: 0 | Cache-read: 0 | Cache-create: 0 | Output: 0 | Cost: $0 | Duration: 401ms | Turns: 1
[] Iter 1171 | No token data (result file empty or parse failed)
[2026-04-04T06:54:44Z] Iter 1171 | Total-in: 0 | Non-cached: 0 | Cache-read: 0 | Cache-create: 0 | Output: 0 | Cost: $0 | Duration: 430ms | Turns: 1
[2026-04-04T06:54:45Z] Iter 1164 | Total-in: 0 | Non-cached: 0 | Cache-read:  | Cache-create:  | Output:  | Cost: $ | Duration: ms | Turns: 
[2026-04-04T06:54:48Z] Iter 1171 | Total-in: 0 | Non-cached: 0 | Cache-read: 0 | Cache-create: 0 | Output: 0 | Cost: $0 | Duration: 493ms | Turns: 1
[] Iter 1172 | No token data (result file empty or parse failed)
[2026-04-04T06:54:58Z] Iter 1172 | Total-in: 0 | Non-cached: 0 | Cache-read: 0 | Cache-create: 0 | Output: 0 | Cost: $0 | Duration: 502ms | Turns: 1
[2026-04-04T06:55:00Z] Iter 1165 | Total-in: 0 | Non-cached: 0 | Cache-read: 0 | Cache-create: 0 | Output: 0 | Cost: $0 | Duration: 438ms | Turns: 
[2026-04-04T06:55:03Z] Iter 1172 | Total-in: 0 | Non-cached: 0 | Cache-read: 0 | Cache-create: 0 | Output: 0 | Cost: $0 | Duration: 384ms | Turns: 1
[2026-04-04T06:55:07Z] Iter 1173 | Total-in: 0 | Non-cached: 0 | Cache-read: 0 | Cache-create: 0 | Output: 0 | Cost: $0 | Duration: 513ms | Turns: 1
[2026-04-04T06:55:12Z] Iter 1173 | Total-in: 0 | Non-cached: 0 | Cache-read: 0 | Cache-create: 0 | Output: 0 | Cost: $0 | Duration: 411ms | Turns: 1
[2026-04-04T06:55:14Z] Iter 1166 | Total-in: 0 | Non-cached: 0 | Cache-read: 0 | Cache-create: 0 | Output: 0 | Cost: $0 | Duration: 534ms | Turns: 
[2026-04-04T06:55:17Z] Iter 1173 | Total-in: 0 | Non-cached: 0 | Cache-read: 0 | Cache-create: 0 | Output: 0 | Cost: $0 | Duration: 454ms | Turns: 1
[2026-04-04T06:55:21Z] Iter 1174 | Total-in: 0 | Non-cached: 0 | Cache-read: 0 | Cache-create: 0 | Output: 0 | Cost: $0 | Duration: 430ms | Turns: 1
[2026-04-04T06:55:27Z] Iter 1174 | Total-in: 0 | Non-cached: 0 | Cache-read: 0 | Cache-create: 0 | Output: 0 | Cost: $0 | Duration: 464ms | Turns: 1
[] Iter 1167 | No token data (result file empty or parse failed)
[2026-04-04T06:55:32Z] Iter 1174 | Total-in: 0 | Non-cached: 0 | Cache-read: 0 | Cache-create: 0 | Output: 0 | Cost: $0 | Duration: 391ms | Turns: 1
[2026-04-04T06:55:35Z] Iter 1175 | Total-in: 0 | Non-cached: 0 | Cache-read: 0 | Cache-create: 0 | Output: 0 | Cost: $0 | Duration: 395ms | Turns: 1
[2026-04-04T06:55:41Z] Iter 1175 | Total-in: 0 | Non-cached: 0 | Cache-read: 0 | Cache-create: 0 | Output: 0 | Cost: $0 | Duration: 504ms | Turns: 1
[] Iter 1168 | No token data (result file empty or parse failed)
[2026-04-04T06:55:47Z] Iter 1175 | Total-in: 0 | Non-cached: 0 | Cache-read: 0 | Cache-create: 0 | Output: 0 | Cost: $0 | Duration: 488ms | Turns: 1
[2026-04-04T06:55:50Z] Iter 1176 | Total-in: 0 | Non-cached: 0 | Cache-read: 0 | Cache-create: 0 | Output: 0 | Cost: $0 | Duration: 451ms | Turns: 1
[2026-04-04T06:55:56Z] Iter 1176 | Total-in: 0 | Non-cached: 0 | Cache-read: 0 | Cache-create: 0 | Output: 0 | Cost: $0 | Duration: 508ms | Turns: 1
[2026-04-04T06:55:57Z] Iter 1169 | Total-in: 0 | Non-cached: 0 | Cache-read: 0 | Cache-create: 0 | Output: 0 | Cost: $0 | Duration: 417ms | Turns: 1
[2026-04-04T06:56:02Z] Iter 1176 | Total-in: 0 | Non-cached: 0 | Cache-read: 0 | Cache-create: 0 | Output: 0 | Cost: $0 | Duration: 440ms | Turns: 1
[2026-04-04T06:56:05Z] Iter 1177 | Total-in: 0 | Non-cached: 0 | Cache-read: 0 | Cache-create: 0 | Output: 0 | Cost: $0 | Duration: 561ms | Turns: 1
[2026-04-04T06:56:11Z] Iter 1177 | Total-in: 0 | Non-cached: 0 | Cache-read: 0 | Cache-create: 0 | Output: 0 | Cost: $0 | Duration: 445ms | Turns: 1
[] Iter 1170 | No token data (result file empty or parse failed)
[2026-04-04T06:56:17Z] Iter 1177 | Total-in: 0 | Non-cached: 0 | Cache-read: 0 | Cache-create: 0 | Output: 0 | Cost: $0 | Duration: 455ms | Turns: 1
[2026-04-04T06:56:21Z] Iter 1178 | Total-in: 0 | Non-cached: 0 | Cache-read: 0 | Cache-create: 0 | Output: 0 | Cost: $0 | Duration: 413ms | Turns: 1
[2026-04-04T06:56:28Z] Iter 1178 | Total-in: 0 | Non-cached: 0 | Cache-read: 0 | Cache-create: 0 | Output: 0 | Cost: $0 | Duration: 671ms | Turns: 1
[2026-04-04T06:56:29Z] Iter 1171 | Total-in: 0 | Non-cached: 0 | Cache-read: 0 | Cache-create: 0 | Output: 0 | Cost: $0 | Duration: 671ms | Turns: 1
[2026-04-04T06:56:32Z] Iter 1178 | Total-in: 0 | Non-cached: 0 | Cache-read: 0 | Cache-create: 0 | Output: 0 | Cost: $0 | Duration: 762ms | Turns: 1
[] Iter 1179 | No token data (result file empty or parse failed)
[] Iter 1179 | No token data (result file empty or parse failed)
[2026-04-04T06:56:44Z] Iter 1172 | Total-in: 0 | Non-cached: 0 | Cache-read: 0 | Cache-create: 0 | Output: 0 | Cost: $0 | Duration: 556ms | Turns: 1
[2026-04-04T06:56:48Z] Iter 1179 | Total-in: 0 | Non-cached: 0 | Cache-read: 0 | Cache-create: 0 | Output: 0 | Cost: $0 | Duration: 550ms | Turns: 1
[] Iter 1180 | No token data (result file empty or parse failed)
[] Iter 1180 | No token data (result file empty or parse failed)
[2026-04-04T06:57:00Z] Iter 1173 | Total-in: 0 | Non-cached: 0 | Cache-read: 0 | Cache-create: 0 | Output: 0 | Cost: $0 | Duration: 540ms | Turns: 1
[2026-04-04T06:57:04Z] Iter 1180 | Total-in: 0 | Non-cached: 0 | Cache-read: 0 | Cache-create: 0 | Output: 0 | Cost: $0 | Duration: 426ms | Turns: 1
[] Iter 1181 | No token data (result file empty or parse failed)
[2026-04-04T06:57:13Z] Iter 1181 | Total-in: 0 | Non-cached:  | Cache-read:  | Cache-create:  | Output:  | Cost: $ | Duration: ms | Turns: 
[2026-04-04T06:57:16Z] Iter 1174 | Total-in: 0 | Non-cached: 0 | Cache-read: 0 | Cache-create: 0 | Output: 0 | Cost: $0 | Duration: 653ms | Turns: 1
[2026-04-04T06:57:20Z] Iter 1181 | Total-in: 0 | Non-cached: 0 | Cache-read: 0 | Cache-create: 0 | Output: 0 | Cost: $0 | Duration: 426ms | Turns: 1
[2026-04-04T06:57:21Z] Iter 1182 | Total-in: 0 | Non-cached: 0 | Cache-read:  | Cache-create:  | Output:  | Cost: $ | Duration: ms | Turns: 
[] Iter 1182 | No token data (result file empty or parse failed)
[2026-04-04T06:57:32Z] Iter 1175 | Total-in: 0 | Non-cached: 0 | Cache-read: 0 | Cache-create: 0 | Output: 0 | Cost: $0 | Duration: 461ms | Turns: 1
[2026-04-04T06:57:36Z] Iter 1182 | Total-in: 0 | Non-cached: 0 | Cache-read: 0 | Cache-create: 0 | Output: 0 | Cost: $0 | Duration: 482ms | Turns: 1
[2026-04-04T06:57:37Z] Iter 1183 | Total-in: 0 | Non-cached: 0 | Cache-read: 0 | Cache-create: 0 | Output: 0 | Cost: $0 | Duration: 482ms | Turns: 1
[2026-04-04T06:57:44Z] Iter 1183 | Total-in: 0 | Non-cached: 0 | Cache-read: 0 | Cache-create: 0 | Output: 0 | Cost: $0 | Duration: 670ms | Turns: 1
[2026-04-04T06:57:49Z] Iter 1176 | Total-in: 0 | Non-cached: 0 | Cache-read: 0 | Cache-create: 0 | Output: 0 | Cost: $0 | Duration: 476ms | Turns: 1
[2026-04-04T06:57:53Z] Iter 1183 | Total-in: 0 | Non-cached: 0 | Cache-read: 0 | Cache-create: 0 | Output: 0 | Cost: $0 | Duration: 611ms | Turns: 1
[2026-04-04T06:57:53Z] Iter 1184 | Total-in: 0 | Non-cached: 0 | Cache-read: 0 | Cache-create: 0 | Output: 0 | Cost: $0 | Duration: 611ms | Turns: 1
[2026-04-04T06:58:00Z] Iter 1184 | Total-in: 0 | Non-cached: 0 | Cache-read: 0 | Cache-create: 0 | Output: 0 | Cost: $0 | Duration: ms | Turns: 
[2026-04-04T06:58:07Z] Iter 1177 | Total-in: 0 | Non-cached: 0 | Cache-read: 0 | Cache-create: 0 | Output: 0 | Cost: $0 | Duration: 637ms | Turns: 1
[2026-04-04T06:58:10Z] Iter 1184 | Total-in: 0 | Non-cached: 0 | Cache-read: 0 | Cache-create: 0 | Output: 0 | Cost: $0 | Duration: 461ms | Turns: 1
[2026-04-04T06:58:10Z] Iter 1185 | Total-in: 0 | Non-cached: 0 | Cache-read: 0 | Cache-create: 0 | Output: 0 | Cost: $0 | Duration: 461ms | Turns: 1
[2026-04-04T06:58:17Z] Iter 1185 | Total-in: 0 | Non-cached: 0 | Cache-read: 0 | Cache-create: 0 | Output: 0 | Cost: $0 | Duration: 461ms | Turns: 1
[2026-04-04T06:58:24Z] Iter 1178 | Total-in: 0 | Non-cached: 0 | Cache-read: 0 | Cache-create: 0 | Output: 0 | Cost: $0 | Duration: 1525ms | Turns: 1
[2026-04-04T06:58:27Z] Iter 1185 | Total-in: 0 | Non-cached: 0 | Cache-read: 0 | Cache-create: 0 | Output: 0 | Cost: $0 | Duration: 570ms | Turns: 1
[2026-04-04T06:58:27Z] Iter 1186 | Total-in: 0 | Non-cached: 0 | Cache-read: 0 | Cache-create: 0 | Output: 0 | Cost: $0 | Duration: 570ms | Turns: 1
[2026-04-04T06:58:33Z] Iter 1186 | Total-in: 0 | Non-cached: 0 | Cache-read: 0 | Cache-create: 0 | Output: 0 | Cost: $0 | Duration: 469ms | Turns: 1
[] Iter 1179 | No token data (result file empty or parse failed)
[2026-04-04T06:58:44Z] Iter 1187 | Total-in: 0 | Non-cached: 0 | Cache-read: 0 | Cache-create: 0 | Output: 0 | Cost: $0 | Duration: 496ms | Turns: 1
[2026-04-04T06:58:45Z] Iter 1186 | Total-in: 0 | Non-cached: 0 | Cache-read: 0 | Cache-create: 0 | Output: 0 | Cost: $0 | Duration: 496ms | Turns: 1
[2026-04-04T06:58:49Z] Iter 1187 | Total-in: 0 | Non-cached: 0 | Cache-read: 0 | Cache-create: 0 | Output: 0 | Cost: $0 | Duration: 657ms | Turns: 1
[2026-04-04T06:58:55Z] Iter 1180 | Total-in: 0 | Non-cached: 0 | Cache-read: 0 | Cache-create: 0 | Output: 0 | Cost: $0 | Duration: 611ms | Turns: 1
[2026-04-04T06:58:58Z] Iter 1188 | Total-in: 0 | Non-cached: 0 | Cache-read: 0 | Cache-create: 0 | Output: 0 | Cost: $0 | Duration: 407ms | Turns: 1
[2026-04-04T06:59:00Z] Iter 1187 | Total-in: 0 | Non-cached: 0 | Cache-read: 0 | Cache-create: 0 | Output: 0 | Cost: $0 | Duration: 704ms | Turns: 1
[2026-04-04T06:59:03Z] Iter 1188 | Total-in: 0 | Non-cached: 0 | Cache-read: 0 | Cache-create: 0 | Output: 0 | Cost: $0 | Duration: 520ms | Turns: 1
[] Iter 1181 | No token data (result file empty or parse failed)
[2026-04-04T06:59:12Z] Iter 1189 | Total-in: 0 | Non-cached: 0 | Cache-read: 0 | Cache-create: 0 | Output: 0 | Cost: $0 | Duration: 410ms | Turns: 1
[2026-04-04T06:59:15Z] Iter 1188 | Total-in: 0 | Non-cached: 0 | Cache-read: 0 | Cache-create: 0 | Output: 0 | Cost: $0 | Duration: 503ms | Turns: 1
[2026-04-04T06:59:17Z] Iter 1189 | Total-in: 0 | Non-cached: 0 | Cache-read: 0 | Cache-create: 0 | Output: 0 | Cost: $0 | Duration: 665ms | Turns: 1
[] Iter 1182 | No token data (result file empty or parse failed)
[2026-04-04T06:59:26Z] Iter 1190 | Total-in: 0 | Non-cached: 0 | Cache-read: 0 | Cache-create: 0 | Output: 0 | Cost: $0 | Duration: 554ms | Turns: 1
[2026-04-04T06:59:29Z] Iter 1189 | Total-in: 0 | Non-cached: 0 | Cache-read: 0 | Cache-create: 0 | Output: 0 | Cost: $0 | Duration: 506ms | Turns: 1
[2026-04-04T06:59:33Z] Iter 1190 | Total-in: 0 | Non-cached: 0 | Cache-read: 0 | Cache-create: 0 | Output: 0 | Cost: $0 | Duration: 1517ms | Turns: 1
[2026-04-04T06:59:37Z] Iter 1183 | Total-in: 0 | Non-cached: 0 | Cache-read: 0 | Cache-create: 0 | Output: 0 | Cost: $0 | Duration: 490ms | Turns: 1
[] Iter 1191 | No token data (result file empty or parse failed)
[2026-04-04T06:59:44Z] Iter 1190 | Total-in: 0 | Non-cached: 0 | Cache-read: 0 | Cache-create: 0 | Output: 0 | Cost: $0 | Duration: 433ms | Turns: 1
[2026-04-04T06:59:47Z] Iter 1191 | Total-in: 0 | Non-cached: 0 | Cache-read: 0 | Cache-create: 0 | Output: 0 | Cost: $0 | Duration: 377ms | Turns: 1
[2026-04-04T06:59:51Z] Iter 1184 | Total-in: 0 | Non-cached: 0 | Cache-read: 0 | Cache-create: 0 | Output: 0 | Cost: $0 | Duration: 425ms | Turns: 1
[2026-04-04T06:59:54Z] Iter 1192 | Total-in: 0 | Non-cached: 0 | Cache-read: 0 | Cache-create: 0 | Output: 0 | Cost: $0 | Duration: 566ms | Turns: 1
[2026-04-04T06:59:58Z] Iter 1191 | Total-in: 0 | Non-cached: 0 | Cache-read: 0 | Cache-create: 0 | Output: 0 | Cost: $0 | Duration: 527ms | Turns: 1
[] Iter 1192 | No token data (result file empty or parse failed)
[] Iter 1185 | No token data (result file empty or parse failed)
[2026-04-04T07:00:08Z] Iter 1193 | Total-in: 0 | Non-cached: 0 | Cache-read: 0 | Cache-create: 0 | Output: 0 | Cost: $0 | Duration: 514ms | Turns: 1
[2026-04-04T07:00:12Z] Iter 1192 | Total-in: 0 | Non-cached: 0 | Cache-read: 0 | Cache-create: 0 | Output: 0 | Cost: $0 | Duration: 533ms | Turns: 1
[2026-04-04T07:00:16Z] Iter 1193 | Total-in: 0 | Non-cached: 0 | Cache-read: 0 | Cache-create: 0 | Output: 0 | Cost: $0 | Duration: 902ms | Turns: 1
[2026-04-04T07:00:20Z] Iter 1186 | Total-in: 0 | Non-cached: 0 | Cache-read: 0 | Cache-create: 0 | Output: 0 | Cost: $0 | Duration: 575ms | Turns: 1
[2026-04-04T07:00:22Z] Iter 1194 | Total-in: 0 | Non-cached: 0 | Cache-read: 0 | Cache-create: 0 | Output: 0 | Cost: $0 | Duration: 488ms | Turns: 1
[] Iter 1193 | No token data (result file empty or parse failed)
[] Iter 1194 | No token data (result file empty or parse failed)
[2026-04-04T07:00:34Z] Iter 1187 | Total-in: 0 | Non-cached: 0 | Cache-read: 0 | Cache-create: 0 | Output: 0 | Cost: $0 | Duration: 755ms | Turns: 1
[2026-04-04T07:00:37Z] Iter 1195 | Total-in: 0 | Non-cached: 0 | Cache-read: 0 | Cache-create: 0 | Output: 0 | Cost: $0 | Duration: 446ms | Turns: 1
[2026-04-04T07:00:42Z] Iter 1194 | Total-in: 0 | Non-cached:  | Cache-read:  | Cache-create:  | Output:  | Cost: $ | Duration: ms | Turns: 
[2026-04-04T07:00:46Z] Iter 1195 | Total-in: 0 | Non-cached: 0 | Cache-read: 0 | Cache-create: 0 | Output: 0 | Cost: $0 | Duration: 419ms | Turns: 1
[2026-04-04T07:00:48Z] Iter 1188 | Total-in: 0 | Non-cached: 0 | Cache-read: 0 | Cache-create: 0 | Output: 0 | Cost: $0 | Duration: 440ms | Turns: 1
[2026-04-04T07:00:52Z] Iter 1196 | Total-in: 0 | Non-cached: 0 | Cache-read: 0 | Cache-create: 0 | Output: 0 | Cost: $0 | Duration: 564ms | Turns: 1
[2026-04-04T07:00:58Z] Iter 1195 | Total-in: 0 | Non-cached: 0 | Cache-read: 0 | Cache-create: 0 | Output: 0 | Cost: $0 | Duration: 524ms | Turns: 1
[2026-04-04T07:01:00Z] Iter 1196 | Total-in: 0 | Non-cached: 0 | Cache-read: 0 | Cache-create: 0 | Output: 0 | Cost: $0 | Duration: 441ms | Turns: 1
[2026-04-04T07:01:04Z] Iter 1189 | Total-in: 0 | Non-cached: 0 | Cache-read: 0 | Cache-create: 0 | Output: 0 | Cost: $0 | Duration: 1454ms | Turns: 1
[2026-04-04T07:01:07Z] Iter 1197 | Total-in: 0 | Non-cached: 0 | Cache-read: 0 | Cache-create: 0 | Output: 0 | Cost: $0 | Duration: 387ms | Turns: 1
[2026-04-04T07:01:13Z] Iter 1196 | Total-in: 0 | Non-cached: 0 | Cache-read: 0 | Cache-create: 0 | Output: 0 | Cost: $0 | Duration: 576ms | Turns: 1
[2026-04-04T07:01:17Z] Iter 1197 | Total-in: 0 | Non-cached: 0 | Cache-read: 0 | Cache-create: 0 | Output: 0 | Cost: $0 | Duration: 449ms | Turns: 1
[2026-04-04T07:01:20Z] Iter 1190 | Total-in: 0 | Non-cached: 0 | Cache-read: 0 | Cache-create: 0 | Output: 0 | Cost: $0 | Duration: 417ms | Turns: 1
[2026-04-04T07:01:23Z] Iter 1198 | Total-in: 0 | Non-cached: 0 | Cache-read: 0 | Cache-create: 0 | Output: 0 | Cost: $0 | Duration: 474ms | Turns: 1
[] Iter 1197 | No token data (result file empty or parse failed)
[] Iter 1198 | No token data (result file empty or parse failed)
[2026-04-04T07:01:37Z] Iter 1191 | Total-in: 0 | Non-cached: 0 | Cache-read: 0 | Cache-create: 0 | Output: 0 | Cost: $0 | Duration: 469ms | Turns: 1
[] Iter 1199 | No token data (result file empty or parse failed)
[2026-04-04T07:01:44Z] Iter 1198 | Total-in: 0 | Non-cached: 0 | Cache-read: 0 | Cache-create: 0 | Output: 0 | Cost: $0 | Duration: 430ms | Turns: 1
[] Iter 1199 | No token data (result file empty or parse failed)
[2026-04-04T07:01:52Z] Iter 1192 | Total-in: 0 | Non-cached: 0 | Cache-read: 0 | Cache-create: 0 | Output: 0 | Cost: $0 | Duration: 445ms | Turns: 1
[] Iter 1200 | No token data (result file empty or parse failed)
[2026-04-04T07:01:59Z] Iter 1199 | Total-in: 0 | Non-cached: 0 | Cache-read: 0 | Cache-create: 0 | Output: 0 | Cost: $0 | Duration: 491ms | Turns: 1
[2026-04-04T07:02:02Z] Iter 1200 | Total-in: 0 | Non-cached: 0 | Cache-read: 0 | Cache-create: 0 | Output: 0 | Cost: $0 | Duration: 437ms | Turns: 1
[2026-04-04T07:02:09Z] Iter 1193 | Total-in: 0 | Non-cached: 0 | Cache-read: 0 | Cache-create: 0 | Output: 0 | Cost: $0 | Duration: 542ms | Turns: 1
[2026-04-04T07:02:10Z] Iter 1201 | Total-in: 0 | Non-cached: 0 | Cache-read: 0 | Cache-create: 0 | Output: 0 | Cost: $0 | Duration: 542ms | Turns: 1
[2026-04-04T07:02:16Z] Iter 1200 | Total-in: 0 | Non-cached: 0 | Cache-read: 0 | Cache-create: 0 | Output: 0 | Cost: $0 | Duration: 532ms | Turns: 1
[2026-04-04T07:02:19Z] Iter 1201 | Total-in: 0 | Non-cached: 0 | Cache-read: 0 | Cache-create: 0 | Output: 0 | Cost: $0 | Duration: 575ms | Turns: 1
[2026-04-04T07:02:26Z] Iter 1194 | Total-in: 0 | Non-cached: 0 | Cache-read: 0 | Cache-create: 0 | Output: 0 | Cost: $0 | Duration: 451ms | Turns: 1
[2026-04-04T07:02:26Z] Iter 1202 | Total-in: 0 | Non-cached: 0 | Cache-read: 0 | Cache-create: 0 | Output: 0 | Cost: $0 | Duration: 451ms | Turns: 1
[2026-04-04T07:02:33Z] Iter 1201 | Total-in: 0 | Non-cached: 0 | Cache-read: 0 | Cache-create: 0 | Output: 0 | Cost: $0 | Duration: 596ms | Turns: 1
[2026-04-04T07:02:37Z] Iter 1202 | Total-in: 0 | Non-cached: 0 | Cache-read: 0 | Cache-create: 0 | Output: 0 | Cost: $0 | Duration: 522ms | Turns: 1
[2026-04-04T07:02:44Z] Iter 1195 | Total-in: 0 | Non-cached: 0 | Cache-read: 0 | Cache-create: 0 | Output: 0 | Cost: $0 | Duration: 605ms | Turns: 1
[2026-04-04T07:02:45Z] Iter 1203 | Total-in: 0 | Non-cached:  | Cache-read:  | Cache-create:  | Output:  | Cost: $ | Duration: ms | Turns: 
[2026-04-04T07:02:50Z] Iter 1202 | Total-in: 0 | Non-cached: 0 | Cache-read: 0 | Cache-create: 0 | Output: 0 | Cost: $0 | Duration: 486ms | Turns: 1
[2026-04-04T07:02:56Z] Iter 1203 | Total-in: 0 | Non-cached: 0 | Cache-read: 0 | Cache-create: 0 | Output: 0 | Cost: $0 | Duration: 1378ms | Turns: 1
[2026-04-04T07:03:02Z] Iter 1196 | Total-in: 0 | Non-cached: 0 | Cache-read: 0 | Cache-create: 0 | Output: 0 | Cost: $0 | Duration: 464ms | Turns: 1
[2026-04-04T07:03:02Z] Iter 1204 | Total-in: 0 | Non-cached: 0 | Cache-read: 0 | Cache-create: 0 | Output: 0 | Cost: $0 | Duration: 464ms | Turns: 1
[2026-04-04T07:03:06Z] Iter 1203 | Total-in: 0 | Non-cached: 0 | Cache-read: 0 | Cache-create: 0 | Output: 0 | Cost: $0 | Duration: 512ms | Turns: 1
[2026-04-04T07:03:13Z] Iter 1204 | Total-in: 0 | Non-cached: 0 | Cache-read: 0 | Cache-create: 0 | Output: 0 | Cost: $0 | Duration: 561ms | Turns: 1
[2026-04-04T07:03:19Z] Iter 1197 | Total-in: 0 | Non-cached: 0 | Cache-read: 0 | Cache-create: 0 | Output: 0 | Cost: $0 | Duration: 560ms | Turns: 1
[] Iter 1205 | No token data (result file empty or parse failed)
[2026-04-04T07:03:22Z] Iter 1204 | Total-in: 0 | Non-cached: 0 | Cache-read: 0 | Cache-create: 0 | Output: 0 | Cost: $0 | Duration: 436ms | Turns: 1
[2026-04-04T07:03:27Z] Iter 1205 | Total-in: 0 | Non-cached: 0 | Cache-read: 0 | Cache-create: 0 | Output: 0 | Cost: $0 | Duration: 955ms | Turns: 1
[2026-04-04T07:03:34Z] Iter 1198 | Total-in: 0 | Non-cached: 0 | Cache-read: 0 | Cache-create: 0 | Output: 0 | Cost: $0 | Duration: 757ms | Turns: 1
[2026-04-04T07:03:34Z] Iter 1206 | Total-in: 0 | Non-cached: 0 | Cache-read: 0 | Cache-create: 0 | Output: 0 | Cost: $0 | Duration: 757ms | Turns: 1
[2026-04-04T07:03:36Z] Iter 1205 | Total-in: 0 | Non-cached: 0 | Cache-read: 0 | Cache-create: 0 | Output: 0 | Cost: $0 | Duration: 407ms | Turns: 1
[2026-04-04T07:03:41Z] Iter 1206 | Total-in: 0 | Non-cached: 0 | Cache-read: 0 | Cache-create:  | Output: 0 | Cost: $ | Duration: ms | Turns: 
[2026-04-04T07:03:48Z] Iter 1199 | Total-in: 0 | Non-cached: 0 | Cache-read: 0 | Cache-create: 0 | Output: 0 | Cost: $0 | Duration: 489ms | Turns: 1
[] Iter 1207 | No token data (result file empty or parse failed)
[2026-04-04T07:03:51Z] Iter 1206 | Total-in: 0 | Non-cached: 0 | Cache-read: 0 | Cache-create: 0 | Output: 0 | Cost: $0 | Duration: 399ms | Turns: 1
[2026-04-04T07:03:56Z] Iter 1207 | Total-in: 0 | Non-cached: 0 | Cache-read: 0 | Cache-create: 0 | Output: 0 | Cost: $ | Duration: ms | Turns: 
[2026-04-04T07:04:03Z] Iter 1200 | Total-in: 0 | Non-cached: 0 | Cache-read: 0 | Cache-create: 0 | Output: 0 | Cost: $0 | Duration: 472ms | Turns: 1
[] Iter 1208 | No token data (result file empty or parse failed)
[2026-04-04T07:04:05Z] Iter 1207 | Total-in: 0 | Non-cached: 0 | Cache-read: 0 | Cache-create: 0 | Output: 0 | Cost: $0 | Duration: 400ms | Turns: 1
[2026-04-04T07:04:10Z] Iter 1208 | Total-in: 0 | Non-cached: 0 | Cache-read: 0 | Cache-create: 0 | Output: 0 | Cost: $0 | Duration: 485ms | Turns: 1
[] Iter 1209 | No token data (result file empty or parse failed)
[2026-04-04T07:04:17Z] Iter 1201 | Total-in: 0 | Non-cached: 0 | Cache-read:  | Cache-create:  | Output: 0 | Cost: $ | Duration: ms | Turns: 
[2026-04-04T07:04:20Z] Iter 1208 | Total-in: 0 | Non-cached: 0 | Cache-read: 0 | Cache-create: 0 | Output: 0 | Cost: $0 | Duration: 635ms | Turns: 1
[2026-04-04T07:04:24Z] Iter 1209 | Total-in: 0 | Non-cached: 0 | Cache-read: 0 | Cache-create: 0 | Output: 0 | Cost: $0 | Duration: 492ms | Turns: 1
[2026-04-04T07:04:32Z] Iter 1210 | Total-in: 0 | Non-cached: 0 | Cache-read: 0 | Cache-create: 0 | Output: 0 | Cost: $ | Duration: ms | Turns: 
[] Iter 1202 | No token data (result file empty or parse failed)
[2026-04-04T07:04:36Z] Iter 1209 | Total-in: 0 | Non-cached: 0 | Cache-read: 0 | Cache-create: 0 | Output: 0 | Cost: $0 | Duration: 1533ms | Turns: 1
[2026-04-04T07:04:39Z] Iter 1210 | Total-in: 0 | Non-cached: 0 | Cache-read: 0 | Cache-create: 0 | Output: 0 | Cost: $0 | Duration: 559ms | Turns: 1
[] Iter 1203 | No token data (result file empty or parse failed)
[] Iter 1211 | No token data (result file empty or parse failed)
[2026-04-04T07:04:51Z] Iter 1210 | Total-in: 0 | Non-cached: 0 | Cache-read: 0 | Cache-create: 0 | Output: 0 | Cost: $0 | Duration: 524ms | Turns: 1
[2026-04-04T07:04:53Z] Iter 1211 | Total-in: 0 | Non-cached: 0 | Cache-read: 0 | Cache-create: 0 | Output: 0 | Cost: $0 | Duration: 395ms | Turns: 1
[2026-04-04T07:05:00Z] Iter 1204 | Total-in: 0 | Non-cached: 0 | Cache-read: 0 | Cache-create: 0 | Output: 0 | Cost: $0 | Duration: 429ms | Turns: 1
[2026-04-04T07:05:02Z] Iter 1212 | Total-in: 0 | Non-cached: 0 | Cache-read: 0 | Cache-create: 0 | Output: 0 | Cost: $0 | Duration: 494ms | Turns: 1
[2026-04-04T07:05:06Z] Iter 1211 | Total-in: 0 | Non-cached: 0 | Cache-read: 0 | Cache-create: 0 | Output: 0 | Cost: $0 | Duration: 437ms | Turns: 1
[2026-04-04T07:05:09Z] Iter 1212 | Total-in: 0 | Non-cached: 0 | Cache-read: 0 | Cache-create: 0 | Output: 0 | Cost: $0 | Duration: 458ms | Turns: 1
[2026-04-04T07:05:15Z] Iter 1205 | Total-in: 0 | Non-cached: 0 | Cache-read: 0 | Cache-create: 0 | Output: 0 | Cost: $0 | Duration: 454ms | Turns: 1
[2026-04-04T07:05:17Z] Iter 1213 | Total-in: 0 | Non-cached:  | Cache-read:  | Cache-create:  | Output:  | Cost: $ | Duration: ms | Turns: 
[2026-04-04T07:05:21Z] Iter 1212 | Total-in: 0 | Non-cached: 0 | Cache-read: 0 | Cache-create: 0 | Output: 0 | Cost: $0 | Duration: 471ms | Turns: 1
[2026-04-04T07:05:24Z] Iter 1213 | Total-in: 0 | Non-cached: 0 | Cache-read: 0 | Cache-create: 0 | Output: 0 | Cost: $0 | Duration: 417ms | Turns: 1
[2026-04-04T07:05:31Z] Iter 1206 | Total-in: 0 | Non-cached: 0 | Cache-read: 0 | Cache-create: 0 | Output: 0 | Cost: $0 | Duration: 545ms | Turns: 1
[] Iter 1214 | No token data (result file empty or parse failed)
[2026-04-04T07:05:36Z] Iter 1213 | Total-in: 0 | Non-cached: 0 | Cache-read: 0 | Cache-create: 0 | Output: 0 | Cost: $0 | Duration: 420ms | Turns: 1
[] Iter 1214 | No token data (result file empty or parse failed)
[2026-04-04T07:05:46Z] Iter 1207 | Total-in: 0 | Non-cached: 0 | Cache-read: 0 | Cache-create: 0 | Output: 0 | Cost: $0 | Duration: 525ms | Turns: 1
[2026-04-04T07:05:47Z] Iter 1215 | Total-in: 0 | Non-cached: 0 | Cache-read: 0 | Cache-create: 0 | Output: 0 | Cost: $0 | Duration: 615ms | Turns: 1
[2026-04-04T07:05:51Z] Iter 1214 | Total-in: 0 | Non-cached: 0 | Cache-read: 0 | Cache-create: 0 | Output: 0 | Cost: $0 | Duration: 477ms | Turns: 1
[2026-04-04T07:05:54Z] Iter 1215 | Total-in: 0 | Non-cached:  | Cache-read:  | Cache-create:  | Output:  | Cost: $ | Duration: ms | Turns: 
[2026-04-04T07:06:02Z] Iter 1208 | Total-in: 0 | Non-cached: 0 | Cache-read:  | Cache-create:  | Output:  | Cost: $ | Duration: ms | Turns: 
[2026-04-04T07:06:03Z] Iter 1216 | Total-in: 0 | Non-cached: 0 | Cache-read: 0 | Cache-create: 0 | Output: 0 | Cost: $0 | Duration: 658ms | Turns: 1
[2026-04-04T07:06:08Z] Iter 1215 | Total-in: 0 | Non-cached: 0 | Cache-read: 0 | Cache-create: 0 | Output: 0 | Cost: $0 | Duration: 1528ms | Turns: 1
[] Iter 1216 | No token data (result file empty or parse failed)
[2026-04-04T07:06:18Z] Iter 1209 | Total-in: 0 | Non-cached: 0 | Cache-read: 0 | Cache-create: 0 | Output: 0 | Cost: $0 | Duration: 521ms | Turns: 1
[2026-04-04T07:06:19Z] Iter 1217 | Total-in: 0 | Non-cached: 0 | Cache-read: 0 | Cache-create: 0 | Output: 0 | Cost: $0 | Duration: 525ms | Turns: 1
[2026-04-04T07:06:24Z] Iter 1216 | Total-in: 0 | Non-cached: 0 | Cache-read: 0 | Cache-create: 0 | Output: 0 | Cost: $0 | Duration: 561ms | Turns: 1
[2026-04-04T07:06:25Z] Iter 1217 | Total-in: 0 | Non-cached: 0 | Cache-read: 0 | Cache-create: 0 | Output: 0 | Cost: $0 | Duration: 528ms | Turns: 1
[] Iter 1210 | No token data (result file empty or parse failed)
[2026-04-04T07:06:36Z] Iter 1218 | Total-in: 0 | Non-cached: 0 | Cache-read: 0 | Cache-create: 0 | Output: 0 | Cost: $0 | Duration: 680ms | Turns: 1
[2026-04-04T07:06:40Z] Iter 1217 | Total-in: 0 | Non-cached: 0 | Cache-read: 0 | Cache-create: 0 | Output: 0 | Cost: $0 | Duration: 563ms | Turns: 1
[2026-04-04T07:06:42Z] Iter 1218 | Total-in: 0 | Non-cached: 0 | Cache-read: 0 | Cache-create: 0 | Output: 0 | Cost: $0 | Duration: 433ms | Turns: 1
[2026-04-04T07:06:51Z] Iter 1211 | Total-in: 0 | Non-cached: 0 | Cache-read: 0 | Cache-create: 0 | Output: 0 | Cost: $0 | Duration: 1565ms | Turns: 1
[2026-04-04T07:06:54Z] Iter 1219 | Total-in: 0 | Non-cached: 0 | Cache-read: 0 | Cache-create: 0 | Output: 0 | Cost: $0 | Duration: 464ms | Turns: 1
[2026-04-04T07:06:57Z] Iter 1218 | Total-in: 0 | Non-cached: 0 | Cache-read: 0 | Cache-create: 0 | Output: 0 | Cost: $0 | Duration: 594ms | Turns: 1
[2026-04-04T07:06:59Z] Iter 1219 | Total-in: 0 | Non-cached: 0 | Cache-read:  | Cache-create:  | Output:  | Cost: $ | Duration: ms | Turns: 
[2026-04-04T07:07:08Z] Iter 1212 | Total-in: 0 | Non-cached: 0 | Cache-read: 0 | Cache-create: 0 | Output: 0 | Cost: $0 | Duration: 1774ms | Turns: 1
[2026-04-04T07:07:11Z] Iter 1220 | Total-in: 0 | Non-cached: 0 | Cache-read: 0 | Cache-create: 0 | Output: 0 | Cost: $0 | Duration: 544ms | Turns: 1
[2026-04-04T07:07:14Z] Iter 1219 | Total-in: 0 | Non-cached: 0 | Cache-read: 0 | Cache-create: 0 | Output: 0 | Cost: $0 | Duration: 541ms | Turns: 1
[2026-04-04T07:07:16Z] Iter 1220 | Total-in: 0 | Non-cached: 0 | Cache-read: 0 | Cache-create: 0 | Output: 0 | Cost: $0 | Duration: 462ms | Turns: 1
[2026-04-04T07:07:26Z] Iter 1213 | Total-in: 0 | Non-cached: 0 | Cache-read: 0 | Cache-create: 0 | Output: 0 | Cost: $0 | Duration: 509ms | Turns: 1
[2026-04-04T07:07:28Z] Iter 1221 | Total-in: 0 | Non-cached: 0 | Cache-read: 0 | Cache-create: 0 | Output: 0 | Cost: $0 | Duration: 754ms | Turns: 1
[2026-04-04T07:07:32Z] Iter 1220 | Total-in: 0 | Non-cached: 0 | Cache-read: 0 | Cache-create: 0 | Output: 0 | Cost: $0 | Duration: 722ms | Turns: 1
[2026-04-04T07:07:33Z] Iter 1221 | Total-in: 0 | Non-cached: 0 | Cache-read: 0 | Cache-create: 0 | Output: 0 | Cost: $0 | Duration: 722ms | Turns: 1
[2026-04-04T07:07:43Z] Iter 1214 | Total-in: 0 | Non-cached: 0 | Cache-read: 0 | Cache-create: 0 | Output: 0 | Cost: $0 | Duration: 570ms | Turns: 1
[2026-04-04T07:07:45Z] Iter 1222 | Total-in: 0 | Non-cached: 0 | Cache-read: 0 | Cache-create: 0 | Output: 0 | Cost: $0 | Duration: 606ms | Turns: 1
[2026-04-04T07:07:49Z] Iter 1222 | Total-in: 0 | Non-cached: 0 | Cache-read: 0 | Cache-create: 0 | Output: 0 | Cost: $0 | Duration: 463ms | Turns: 1
[] Iter 1221 | No token data (result file empty or parse failed)
[2026-04-04T07:07:57Z] Iter 1215 | Total-in: 0 | Non-cached: 0 | Cache-read: 0 | Cache-create:  | Output: 0 | Cost: $ | Duration: ms | Turns: 
[] Iter 1223 | No token data (result file empty or parse failed)
[] Iter 1223 | No token data (result file empty or parse failed)
[] Iter 1222 | No token data (result file empty or parse failed)
[] Iter 1224 | No token data (result file empty or parse failed)
[2026-04-04T07:08:13Z] Iter 1216 | Total-in: 0 | Non-cached: 0 | Cache-read: 0 | Cache-create:  | Output: 0 | Cost: $ | Duration: ms | Turns: 
[2026-04-04T07:08:18Z] Iter 1224 | Total-in: 0 | Non-cached: 0 | Cache-read: 0 | Cache-create: 0 | Output: 0 | Cost: $0 | Duration: 396ms | Turns: 1
[2026-04-04T07:08:20Z] Iter 1223 | Total-in: 0 | Non-cached:  | Cache-read:  | Cache-create:  | Output:  | Cost: $ | Duration: ms | Turns: 
[2026-04-04T07:08:26Z] Iter 1225 | Total-in: 0 | Non-cached:  | Cache-read:  | Cache-create:  | Output:  | Cost: $ | Duration: ms | Turns: 
[] Iter 1217 | No token data (result file empty or parse failed)
[2026-04-04T07:08:33Z] Iter 1225 | Total-in: 0 | Non-cached: 0 | Cache-read: 0 | Cache-create: 0 | Output: 0 | Cost: $0 | Duration: 437ms | Turns: 1
[2026-04-04T07:08:34Z] Iter 1224 | Total-in: 0 | Non-cached: 0 | Cache-read:  | Cache-create:  | Output:  | Cost: $ | Duration: ms | Turns: 
[] Iter 1218 | No token data (result file empty or parse failed)
[] Iter 1226 | No token data (result file empty or parse failed)
[2026-04-04T07:08:47Z] Iter 1226 | Total-in: 0 | Non-cached: 0 | Cache-read: 0 | Cache-create: 0 | Output: 0 | Cost: $0 | Duration: 386ms | Turns: 1
[2026-04-04T07:08:48Z] Iter 1225 | Total-in: 0 | Non-cached: 0 | Cache-read: 0 | Cache-create: 0 | Output: 0 | Cost: $0 | Duration: 386ms | Turns: 1
[2026-04-04T07:08:55Z] Iter 1219 | Total-in: 0 | Non-cached:  | Cache-read:  | Cache-create:  | Output:  | Cost: $ | Duration: ms | Turns: 
[] Iter 1227 | No token data (result file empty or parse failed)
[2026-04-04T07:09:02Z] Iter 1227 | Total-in: 0 | Non-cached: 0 | Cache-read: 0 | Cache-create: 0 | Output: 0 | Cost: $0 | Duration: 590ms | Turns: 1
[] Iter 1226 | No token data (result file empty or parse failed)
[2026-04-04T07:09:10Z] Iter 1220 | Total-in: 0 | Non-cached: 0 | Cache-read: 0 | Cache-create: 0 | Output: 0 | Cost: $0 | Duration: 472ms | Turns: 1
[2026-04-04T07:09:12Z] Iter 1228 | Total-in: 0 | Non-cached: 0 | Cache-read: 0 | Cache-create: 0 | Output: 0 | Cost: $0 | Duration: 401ms | Turns: 1
[] Iter 1228 | No token data (result file empty or parse failed)
[2026-04-04T07:09:18Z] Iter 1227 | Total-in: 0 | Non-cached: 0 | Cache-read: 0 | Cache-create: 0 | Output: 0 | Cost: $0 | Duration: 525ms | Turns: 1
[] Iter 1229 | No token data (result file empty or parse failed)
[2026-04-04T07:09:26Z] Iter 1221 | Total-in: 0 | Non-cached: 0 | Cache-read:  | Cache-create:  | Output:  | Cost: $ | Duration: ms | Turns: 
[2026-04-04T07:09:33Z] Iter 1228 | Total-in: 0 | Non-cached: 0 | Cache-read: 0 | Cache-create: 0 | Output: 0 | Cost: $0 | Duration: 406ms | Turns: 1
[2026-04-04T07:09:35Z] Iter 1229 | Total-in: 0 | Non-cached: 0 | Cache-read: 0 | Cache-create: 0 | Output: 0 | Cost: $0 | Duration: 587ms | Turns: 1
[2026-04-04T07:09:42Z] Iter 1222 | Total-in: 0 | Non-cached: 0 | Cache-read: 0 | Cache-create: 0 | Output: 0 | Cost: $0 | Duration: 424ms | Turns: 1
[2026-04-04T07:09:43Z] Iter 1230 | Total-in: 0 | Non-cached: 0 | Cache-read: 0 | Cache-create: 0 | Output: 0 | Cost: $0 | Duration: 424ms | Turns: 1
[2026-04-04T07:09:51Z] Iter 1229 | Total-in: 0 | Non-cached: 0 | Cache-read: 0 | Cache-create: 0 | Output: 0 | Cost: $0 | Duration: 415ms | Turns: 1
[2026-04-04T07:09:51Z] Iter 1230 | Total-in: 0 | Non-cached: 0 | Cache-read: 0 | Cache-create: 0 | Output: 0 | Cost: $0 | Duration: 415ms | Turns: 1
[2026-04-04T07:09:58Z] Iter 1231 | Total-in: 0 | Non-cached: 0 | Cache-read: 0 | Cache-create: 0 | Output: 0 | Cost: $0 | Duration: 625ms | Turns: 1
[2026-04-04T07:09:58Z] Iter 1223 | Total-in: 0 | Non-cached: 0 | Cache-read: 0 | Cache-create: 0 | Output: 0 | Cost: $0 | Duration: 625ms | Turns: 1
[2026-04-04T07:10:06Z] Iter 1230 | Total-in: 0 | Non-cached: 0 | Cache-read: 0 | Cache-create: 0 | Output: 0 | Cost: $0 | Duration: 488ms | Turns: 1
[2026-04-04T07:10:08Z] Iter 1231 | Total-in: 0 | Non-cached: 0 | Cache-read: 0 | Cache-create: 0 | Output: 0 | Cost: $0 | Duration: 421ms | Turns: 1
[2026-04-04T07:10:14Z] Iter 1232 | Total-in: 0 | Non-cached: 0 | Cache-read: 0 | Cache-create: 0 | Output: 0 | Cost: $0 | Duration: 889ms | Turns: 1
[2026-04-04T07:10:14Z] Iter 1224 | Total-in: 0 | Non-cached: 0 | Cache-read: 0 | Cache-create: 0 | Output: 0 | Cost: $0 | Duration: 889ms | Turns: 1
[] Iter 1231 | No token data (result file empty or parse failed)
[2026-04-04T07:10:23Z] Iter 1232 | Total-in: 0 | Non-cached: 0 | Cache-read: 0 | Cache-create: 0 | Output: 0 | Cost: $0 | Duration: 508ms | Turns: 1
[2026-04-04T07:10:30Z] Iter 1233 | Total-in: 0 | Non-cached: 0 | Cache-read: 0 | Cache-create: 0 | Output: 0 | Cost: $0 | Duration: 413ms | Turns: 1
[2026-04-04T07:10:30Z] Iter 1225 | Total-in: 0 | Non-cached: 0 | Cache-read: 0 | Cache-create: 0 | Output: 0 | Cost: $0 | Duration: 413ms | Turns: 1
[2026-04-04T07:10:38Z] Iter 1232 | Total-in: 0 | Non-cached: 0 | Cache-read:  | Cache-create:  | Output: 0 | Cost: $ | Duration: ms | Turns: 
[2026-04-04T07:10:40Z] Iter 1233 | Total-in: 0 | Non-cached: 0 | Cache-read: 0 | Cache-create: 0 | Output: 0 | Cost: $0 | Duration: 390ms | Turns: 1
[] Iter 1226 | No token data (result file empty or parse failed)
[] Iter 1234 | No token data (result file empty or parse failed)
[] Iter 1233 | No token data (result file empty or parse failed)
[2026-04-04T07:10:56Z] Iter 1234 | Total-in: 0 | Non-cached: 0 | Cache-read: 0 | Cache-create: 0 | Output: 0 | Cost: $0 | Duration: 578ms | Turns: 1
[2026-04-04T07:11:02Z] Iter 1227 | Total-in: 0 | Non-cached: 0 | Cache-read: 0 | Cache-create: 0 | Output: 0 | Cost: $0 | Duration: 457ms | Turns: 1
[2026-04-04T07:11:02Z] Iter 1235 | Total-in: 0 | Non-cached: 0 | Cache-read: 0 | Cache-create: 0 | Output: 0 | Cost: $0 | Duration: 457ms | Turns: 1
[2026-04-04T07:11:08Z] Iter 1234 | Total-in: 0 | Non-cached: 0 | Cache-read: 0 | Cache-create: 0 | Output: 0 | Cost: $0 | Duration: 484ms | Turns: 1
[2026-04-04T07:11:13Z] Iter 1235 | Total-in: 0 | Non-cached: 0 | Cache-read: 0 | Cache-create: 0 | Output: 0 | Cost: $0 | Duration: 565ms | Turns: 1
[2026-04-04T07:11:18Z] Iter 1228 | Total-in: 0 | Non-cached: 0 | Cache-read: 0 | Cache-create: 0 | Output: 0 | Cost: $0 | Duration: 522ms | Turns: 1
[2026-04-04T07:11:19Z] Iter 1236 | Total-in: 0 | Non-cached: 0 | Cache-read: 0 | Cache-create: 0 | Output: 0 | Cost: $0 | Duration: 522ms | Turns: 1
[] Iter 1235 | No token data (result file empty or parse failed)
[2026-04-04T07:11:29Z] Iter 1236 | Total-in: 0 | Non-cached: 0 | Cache-read: 0 | Cache-create: 0 | Output: 0 | Cost: $0 | Duration: 449ms | Turns: 1
[2026-04-04T07:11:35Z] Iter 1237 | Total-in: 0 | Non-cached: 0 | Cache-read: 0 | Cache-create: 0 | Output: 0 | Cost: $0 | Duration: 1866ms | Turns: 1
[2026-04-04T07:11:36Z] Iter 1229 | Total-in: 0 | Non-cached: 0 | Cache-read: 0 | Cache-create: 0 | Output: 0 | Cost: $0 | Duration: 1866ms | Turns: 1
[2026-04-04T07:11:42Z] Iter 1236 | Total-in: 0 | Non-cached: 0 | Cache-read: 0 | Cache-create: 0 | Output: 0 | Cost: $0 | Duration: 486ms | Turns: 1
[2026-04-04T07:11:46Z] Iter 1237 | Total-in: 0 | Non-cached: 0 | Cache-read: 0 | Cache-create: 0 | Output: 0 | Cost: $0 | Duration: 639ms | Turns: 1
[2026-04-04T07:11:52Z] Iter 1238 | Total-in: 0 | Non-cached: 0 | Cache-read: 0 | Cache-create: 0 | Output: 0 | Cost: $0 | Duration: 471ms | Turns: 1
[2026-04-04T07:11:53Z] Iter 1230 | Total-in: 0 | Non-cached: 0 | Cache-read: 0 | Cache-create: 0 | Output: 0 | Cost: $0 | Duration: 471ms | Turns: 1
[2026-04-04T07:12:00Z] Iter 1237 | Total-in: 0 | Non-cached: 0 | Cache-read: 0 | Cache-create: 0 | Output: 0 | Cost: $0 | Duration: 1440ms | Turns: 1
[2026-04-04T07:12:03Z] Iter 1238 | Total-in: 0 | Non-cached: 0 | Cache-read: 0 | Cache-create: 0 | Output: 0 | Cost: $0 | Duration: 484ms | Turns: 1
[2026-04-04T07:12:10Z] Iter 1231 | Total-in: 0 | Non-cached: 0 | Cache-read: 0 | Cache-create: 0 | Output: 0 | Cost: $0 | Duration: 582ms | Turns: 1
[2026-04-04T07:12:10Z] Iter 1239 | Total-in: 0 | Non-cached: 0 | Cache-read: 0 | Cache-create: 0 | Output: 0 | Cost: $0 | Duration: 582ms | Turns: 1
[2026-04-04T07:12:16Z] Iter 1238 | Total-in: 0 | Non-cached: 0 | Cache-read: 0 | Cache-create: 0 | Output: 0 | Cost: $0 | Duration: 486ms | Turns: 1
[2026-04-04T07:12:19Z] Iter 1239 | Total-in: 0 | Non-cached: 0 | Cache-read: 0 | Cache-create: 0 | Output: 0 | Cost: $0 | Duration: 556ms | Turns: 1
[] Iter 1240 | No token data (result file empty or parse failed)
[2026-04-04T07:12:25Z] Iter 1232 | Total-in: 0 | Non-cached: 0 | Cache-read: 0 | Cache-create: 0 | Output: 0 | Cost: $0 | Duration: 447ms | Turns: 1
[2026-04-04T07:12:30Z] Iter 1239 | Total-in: 0 | Non-cached: 0 | Cache-read: 0 | Cache-create: 0 | Output: 0 | Cost: $0 | Duration: 480ms | Turns: 1
[2026-04-04T07:12:33Z] Iter 1240 | Total-in: 0 | Non-cached: 0 | Cache-read:  | Cache-create:  | Output: 0 | Cost: $ | Duration: ms | Turns: 
[2026-04-04T07:12:38Z] Iter 1241 | Total-in: 0 | Non-cached: 0 | Cache-read:  | Cache-create:  | Output:  | Cost: $ | Duration: ms | Turns: 
[2026-04-04T07:12:40Z] Iter 1233 | Total-in: 0 | Non-cached: 0 | Cache-read: 0 | Cache-create: 0 | Output: 0 | Cost: $0 | Duration: 417ms | Turns: 1
[2026-04-04T07:12:44Z] Iter 1240 | Total-in: 0 | Non-cached: 0 | Cache-read: 0 | Cache-create: 0 | Output: 0 | Cost: $0 | Duration: 394ms | Turns: 1
[] Iter 1241 | No token data (result file empty or parse failed)
[] Iter 1242 | No token data (result file empty or parse failed)
[2026-04-04T07:12:54Z] Iter 1234 | Total-in: 0 | Non-cached: 0 | Cache-read: 0 | Cache-create: 0 | Output: 0 | Cost: $0 | Duration: 392ms | Turns: 1
[2026-04-04T07:12:58Z] Iter 1241 | Total-in: 0 | Non-cached: 0 | Cache-read: 0 | Cache-create: 0 | Output: 0 | Cost: $0 | Duration: 393ms | Turns: 1
[2026-04-04T07:13:01Z] Iter 1242 | Total-in: 0 | Non-cached: 0 | Cache-read: 0 | Cache-create: 0 | Output: 0 | Cost: $0 | Duration: 516ms | Turns: 1
[] Iter 1243 | No token data (result file empty or parse failed)
[2026-04-04T07:13:08Z] Iter 1235 | Total-in: 0 | Non-cached: 0 | Cache-read: 0 | Cache-create: 0 | Output: 0 | Cost: $0 | Duration: 515ms | Turns: 1
[2026-04-04T07:13:13Z] Iter 1242 | Total-in: 0 | Non-cached: 0 | Cache-read: 0 | Cache-create: 0 | Output: 0 | Cost: $0 | Duration: 482ms | Turns: 1
[2026-04-04T07:13:15Z] Iter 1243 | Total-in: 0 | Non-cached: 0 | Cache-read: 0 | Cache-create: 0 | Output: 0 | Cost: $0 | Duration: 390ms | Turns: 1
[2026-04-04T07:13:20Z] Iter 1244 | Total-in: 0 | Non-cached: 0 | Cache-read:  | Cache-create:  | Output: 0 | Cost: $ | Duration: ms | Turns: 
[2026-04-04T07:13:22Z] Iter 1236 | Total-in: 0 | Non-cached: 0 | Cache-read: 0 | Cache-create: 0 | Output: 0 | Cost: $0 | Duration: 491ms | Turns: 1
[2026-04-04T07:13:27Z] Iter 1243 | Total-in: 0 | Non-cached: 0 | Cache-read: 0 | Cache-create: 0 | Output: 0 | Cost: $0 | Duration: 688ms | Turns: 1
[2026-04-04T07:13:30Z] Iter 1244 | Total-in: 0 | Non-cached: 0 | Cache-read: 0 | Cache-create: 0 | Output: 0 | Cost: $0 | Duration: 512ms | Turns: 1
[2026-04-04T07:13:34Z] Iter 1245 | Total-in: 0 | Non-cached: 0 | Cache-read: 0 | Cache-create: 0 | Output: 0 | Cost: $0 | Duration: 546ms | Turns: 1
[2026-04-04T07:13:37Z] Iter 1237 | Total-in: 0 | Non-cached: 0 | Cache-read: 0 | Cache-create: 0 | Output: 0 | Cost: $0 | Duration: 444ms | Turns: 1
[2026-04-04T07:13:41Z] Iter 1244 | Total-in: 0 | Non-cached: 0 | Cache-read: 0 | Cache-create: 0 | Output: 0 | Cost: $0 | Duration: 403ms | Turns: 1
[] Iter 1245 | No token data (result file empty or parse failed)
[2026-04-04T07:13:49Z] Iter 1246 | Total-in: 0 | Non-cached: 0 | Cache-read:  | Cache-create:  | Output:  | Cost: $ | Duration: ms | Turns: 
[2026-04-04T07:13:51Z] Iter 1238 | Total-in: 0 | Non-cached: 0 | Cache-read: 0 | Cache-create: 0 | Output: 0 | Cost: $0 | Duration: 397ms | Turns: 1
[2026-04-04T07:13:55Z] Iter 1245 | Total-in: 0 | Non-cached: 0 | Cache-read: 0 | Cache-create: 0 | Output: 0 | Cost: $0 | Duration: 419ms | Turns: 1
[2026-04-04T07:13:59Z] Iter 1246 | Total-in: 0 | Non-cached: 0 | Cache-read: 0 | Cache-create:  | Output: 0 | Cost: $ | Duration: ms | Turns: 
[2026-04-04T07:14:04Z] Iter 1247 | Total-in: 0 | Non-cached: 0 | Cache-read: 0 | Cache-create: 0 | Output: 0 | Cost: $0 | Duration: 1655ms | Turns: 1
[2026-04-04T07:14:06Z] Iter 1239 | Total-in: 0 | Non-cached: 0 | Cache-read: 0 | Cache-create: 0 | Output: 0 | Cost: $0 | Duration: 449ms | Turns: 1
[2026-04-04T07:14:10Z] Iter 1246 | Total-in: 0 | Non-cached: 0 | Cache-read: 0 | Cache-create: 0 | Output: 0 | Cost: $0 | Duration: 460ms | Turns: 1
[2026-04-04T07:14:15Z] Iter 1247 | Total-in: 0 | Non-cached: 0 | Cache-read: 0 | Cache-create: 0 | Output: 0 | Cost: $0 | Duration: 511ms | Turns: 1
[2026-04-04T07:14:20Z] Iter 1248 | Total-in: 0 | Non-cached: 0 | Cache-read: 0 | Cache-create: 0 | Output: 0 | Cost: $0 | Duration: 470ms | Turns: 1
[2026-04-04T07:14:21Z] Iter 1240 | Total-in: 0 | Non-cached: 0 | Cache-read: 0 | Cache-create: 0 | Output: 0 | Cost: $0 | Duration: 470ms | Turns: 1
[2026-04-04T07:14:25Z] Iter 1247 | Total-in: 0 | Non-cached: 0 | Cache-read: 0 | Cache-create: 0 | Output: 0 | Cost: $0 | Duration: 500ms | Turns: 1
[2026-04-04T07:14:30Z] Iter 1248 | Total-in: 0 | Non-cached: 0 | Cache-read: 0 | Cache-create: 0 | Output: 0 | Cost: $0 | Duration: 462ms | Turns: 1
[2026-04-04T07:14:36Z] Iter 1249 | Total-in: 0 | Non-cached: 0 | Cache-read: 0 | Cache-create: 0 | Output: 0 | Cost: $0 | Duration: 464ms | Turns: 1
[2026-04-04T07:14:36Z] Iter 1241 | Total-in: 0 | Non-cached: 0 | Cache-read: 0 | Cache-create: 0 | Output: 0 | Cost: $0 | Duration: 464ms | Turns: 1
[2026-04-04T07:14:41Z] Iter 1248 | Total-in: 0 | Non-cached: 0 | Cache-read: 0 | Cache-create: 0 | Output: 0 | Cost: $0 | Duration: 1541ms | Turns: 1
[2026-04-04T07:14:45Z] Iter 1249 | Total-in: 0 | Non-cached: 0 | Cache-read: 0 | Cache-create: 0 | Output: 0 | Cost: $0 | Duration: 424ms | Turns: 1
[2026-04-04T07:14:52Z] Iter 1250 | Total-in: 0 | Non-cached: 0 | Cache-read: 0 | Cache-create: 0 | Output: 0 | Cost: $0 | Duration: 510ms | Turns: 1
[2026-04-04T07:14:52Z] Iter 1242 | Total-in: 0 | Non-cached: 0 | Cache-read: 0 | Cache-create: 0 | Output: 0 | Cost: $0 | Duration: 510ms | Turns: 1
[2026-04-04T07:14:56Z] Iter 1249 | Total-in: 0 | Non-cached: 0 | Cache-read: 0 | Cache-create: 0 | Output: 0 | Cost: $0 | Duration: 438ms | Turns: 1
[2026-04-04T07:15:01Z] Iter 1250 | Total-in: 0 | Non-cached: 0 | Cache-read: 0 | Cache-create: 0 | Output: 0 | Cost: $0 | Duration: 603ms | Turns: 1
[2026-04-04T07:15:07Z] Iter 1251 | Total-in: 0 | Non-cached: 0 | Cache-read: 0 | Cache-create: 0 | Output: 0 | Cost: $0 | Duration: 742ms | Turns: 1
[2026-04-04T07:15:08Z] Iter 1243 | Total-in: 0 | Non-cached: 0 | Cache-read: 0 | Cache-create: 0 | Output: 0 | Cost: $0 | Duration: 742ms | Turns: 1
[2026-04-04T07:15:12Z] Iter 1250 | Total-in: 0 | Non-cached: 0 | Cache-read: 0 | Cache-create: 0 | Output: 0 | Cost: $0 | Duration: 553ms | Turns: 1
[] Iter 1251 | No token data (result file empty or parse failed)
[] Iter 1252 | No token data (result file empty or parse failed)
[] Iter 1244 | No token data (result file empty or parse failed)
[2026-04-04T07:15:28Z] Iter 1251 | Total-in: 0 | Non-cached: 0 | Cache-read: 0 | Cache-create: 0 | Output: 0 | Cost: $0 | Duration: 520ms | Turns: 1
[] Iter 1252 | No token data (result file empty or parse failed)
[] Iter 1253 | No token data (result file empty or parse failed)
[] Iter 1245 | No token data (result file empty or parse failed)
[2026-04-04T07:15:45Z] Iter 1252 | Total-in: 0 | Non-cached: 0 | Cache-read: 0 | Cache-create: 0 | Output: 0 | Cost: $0 | Duration: 709ms | Turns: 1
[] Iter 1253 | No token data (result file empty or parse failed)
[2026-04-04T07:15:54Z] Iter 1254 | Total-in: 0 | Non-cached: 0 | Cache-read: 0 | Cache-create: 0 | Output: 0 | Cost: $0 | Duration: 513ms | Turns: 1
[2026-04-04T07:15:54Z] Iter 1246 | Total-in: 0 | Non-cached: 0 | Cache-read: 0 | Cache-create: 0 | Output: 0 | Cost: $0 | Duration: 513ms | Turns: 1
[2026-04-04T07:16:01Z] Iter 1253 | Total-in: 0 | Non-cached: 0 | Cache-read: 0 | Cache-create: 0 | Output: 0 | Cost: $0 | Duration: 548ms | Turns: 1
[] Iter 1254 | No token data (result file empty or parse failed)
[2026-04-04T07:16:10Z] Iter 1255 | Total-in: 0 | Non-cached: 0 | Cache-read: 0 | Cache-create: 0 | Output: 0 | Cost: $0 | Duration: 439ms | Turns: 1
[2026-04-04T07:16:11Z] Iter 1247 | Total-in: 0 | Non-cached: 0 | Cache-read: 0 | Cache-create: 0 | Output: 0 | Cost: $0 | Duration: 439ms | Turns: 1
[2026-04-04T07:16:18Z] Iter 1255 | Total-in: 0 | Non-cached: 0 | Cache-read: 0 | Cache-create: 0 | Output: 0 | Cost: $0 | Duration: 511ms | Turns: 1
[2026-04-04T07:16:18Z] Iter 1254 | Total-in: 0 | Non-cached: 0 | Cache-read: 0 | Cache-create: 0 | Output: 0 | Cost: $0 | Duration: 511ms | Turns: 1
[] Iter 1256 | No token data (result file empty or parse failed)
[2026-04-04T07:16:28Z] Iter 1248 | Total-in: 0 | Non-cached: 0 | Cache-read: 0 | Cache-create: 0 | Output: 0 | Cost: $0 | Duration: 466ms | Turns: 1
[2026-04-04T07:16:35Z] Iter 1256 | Total-in: 0 | Non-cached: 0 | Cache-read: 0 | Cache-create: 0 | Output: 0 | Cost: $0 | Duration: 453ms | Turns: 1
[2026-04-04T07:16:36Z] Iter 1255 | Total-in: 0 | Non-cached: 0 | Cache-read: 0 | Cache-create: 0 | Output: 0 | Cost: $0 | Duration: 453ms | Turns: 1
[2026-04-04T07:16:44Z] Iter 1257 | Total-in: 0 | Non-cached: 0 | Cache-read: 0 | Cache-create: 0 | Output: 0 | Cost: $ | Duration: ms | Turns: 
[2026-04-04T07:16:45Z] Iter 1249 | Total-in: 0 | Non-cached: 0 | Cache-read: 0 | Cache-create: 0 | Output: 0 | Cost: $0 | Duration: 554ms | Turns: 1
[2026-04-04T07:16:51Z] Iter 1257 | Total-in: 0 | Non-cached: 0 | Cache-read: 0 | Cache-create: 0 | Output: 0 | Cost: $0 | Duration: ms | Turns: 
[] Iter 1256 | No token data (result file empty or parse failed)
[2026-04-04T07:16:58Z] Iter 1258 | Total-in: 0 | Non-cached: 0 | Cache-read: 0 | Cache-create: 0 | Output: 0 | Cost: $0 | Duration: 462ms | Turns: 1
[] Iter 1250 | No token data (result file empty or parse failed)
[2026-04-04T07:17:05Z] Iter 1258 | Total-in: 0 | Non-cached: 0 | Cache-read: 0 | Cache-create: 0 | Output: 0 | Cost: $0 | Duration: 470ms | Turns: 1
[] Iter 1257 | No token data (result file empty or parse failed)
[2026-04-04T07:17:13Z] Iter 1259 | Total-in: 0 | Non-cached: 0 | Cache-read: 0 | Cache-create: 0 | Output: 0 | Cost: $0 | Duration: 413ms | Turns: 1
[2026-04-04T07:17:13Z] Iter 1251 | Total-in: 0 | Non-cached: 0 | Cache-read: 0 | Cache-create: 0 | Output: 0 | Cost: $0 | Duration: 413ms | Turns: 1
[2026-04-04T07:17:20Z] Iter 1258 | Total-in: 0 | Non-cached: 0 | Cache-read: 0 | Cache-create: 0 | Output: 0 | Cost: $0 | Duration: 1153ms | Turns: 1
[] Iter 1259 | No token data (result file empty or parse failed)
[2026-04-04T07:17:27Z] Iter 1260 | Total-in: 0 | Non-cached: 0 | Cache-read: 0 | Cache-create: 0 | Output: 0 | Cost: $0 | Duration: 402ms | Turns: 1
[2026-04-04T07:17:27Z] Iter 1252 | Total-in: 0 | Non-cached: 0 | Cache-read: 0 | Cache-create: 0 | Output: 0 | Cost: $0 | Duration: 402ms | Turns: 1
[2026-04-04T07:17:34Z] Iter 1260 | Total-in: 0 | Non-cached: 0 | Cache-read:  | Cache-create:  | Output:  | Cost: $ | Duration: ms | Turns: 
[2026-04-04T07:17:34Z] Iter 1259 | Total-in: 0 | Non-cached: 0 | Cache-read:  | Cache-create:  | Output:  | Cost: $ | Duration: ms | Turns: 
[2026-04-04T07:17:41Z] Iter 1253 | Total-in: 0 | Non-cached: 0 | Cache-read: 0 | Cache-create: 0 | Output: 0 | Cost: $0 | Duration: 757ms | Turns: 1
[2026-04-04T07:17:41Z] Iter 1261 | Total-in: 0 | Non-cached: 0 | Cache-read: 0 | Cache-create: 0 | Output: 0 | Cost: $0 | Duration: 757ms | Turns: 1
[] Iter 1261 | No token data (result file empty or parse failed)
[] Iter 1260 | No token data (result file empty or parse failed)
[2026-04-04T07:17:55Z] Iter 1254 | Total-in: 0 | Non-cached: 0 | Cache-read: 0 | Cache-create: 0 | Output: 0 | Cost: $0 | Duration: 357ms | Turns: 1
[2026-04-04T07:17:55Z] Iter 1262 | Total-in: 0 | Non-cached: 0 | Cache-read: 0 | Cache-create: 0 | Output: 0 | Cost: $0 | Duration: 357ms | Turns: 1
[2026-04-04T07:18:03Z] Iter 1261 | Total-in: 0 | Non-cached: 0 | Cache-read: 0 | Cache-create: 0 | Output: 0 | Cost: $0 | Duration: ms | Turns: 
[2026-04-04T07:18:03Z] Iter 1262 | Total-in: 0 | Non-cached: 0 | Cache-read: 0 | Cache-create: 0 | Output: 0 | Cost: $0 | Duration: ms | Turns: 
[2026-04-04T07:18:09Z] Iter 1255 | Total-in: 0 | Non-cached: 0 | Cache-read: 0 | Cache-create: 0 | Output: 0 | Cost: $0 | Duration: 482ms | Turns: 1
[2026-04-04T07:18:09Z] Iter 1263 | Total-in: 0 | Non-cached: 0 | Cache-read: 0 | Cache-create: 0 | Output: 0 | Cost: $0 | Duration: 482ms | Turns: 1
[2026-04-04T07:18:17Z] Iter 1263 | Total-in: 0 | Non-cached: 0 | Cache-read: 0 | Cache-create: 0 | Output: 0 | Cost: $0 | Duration: 528ms | Turns: 1
[2026-04-04T07:18:17Z] Iter 1262 | Total-in: 0 | Non-cached: 0 | Cache-read: 0 | Cache-create: 0 | Output: 0 | Cost: $0 | Duration: 528ms | Turns: 1
[2026-04-04T07:18:24Z] Iter 1256 | Total-in: 0 | Non-cached: 0 | Cache-read: 0 | Cache-create: 0 | Output: 0 | Cost: $0 | Duration: 428ms | Turns: 1
[2026-04-04T07:18:24Z] Iter 1264 | Total-in: 0 | Non-cached: 0 | Cache-read: 0 | Cache-create: 0 | Output: 0 | Cost: $0 | Duration: 428ms | Turns: 1
[] Iter 1263 | No token data (result file empty or parse failed)
[2026-04-04T07:18:33Z] Iter 1264 | Total-in: 0 | Non-cached: 0 | Cache-read: 0 | Cache-create: 0 | Output: 0 | Cost: $0 | Duration: 678ms | Turns: 1
[2026-04-04T07:18:39Z] Iter 1265 | Total-in: 0 | Non-cached: 0 | Cache-read: 0 | Cache-create: 0 | Output: 0 | Cost: $0 | Duration: 396ms | Turns: 1
[2026-04-04T07:18:40Z] Iter 1257 | Total-in: 0 | Non-cached: 0 | Cache-read: 0 | Cache-create: 0 | Output: 0 | Cost: $0 | Duration: 396ms | Turns: 1
[2026-04-04T07:18:46Z] Iter 1264 | Total-in: 0 | Non-cached: 0 | Cache-read: 0 | Cache-create: 0 | Output: 0 | Cost: $0 | Duration: 566ms | Turns: 1
[2026-04-04T07:18:49Z] Iter 1265 | Total-in: 0 | Non-cached: 0 | Cache-read: 0 | Cache-create: 0 | Output: 0 | Cost: $0 | Duration: 1461ms | Turns: 1
[2026-04-04T07:18:54Z] Iter 1266 | Total-in: 0 | Non-cached: 0 | Cache-read: 0 | Cache-create: 0 | Output: 0 | Cost: $0 | Duration: 543ms | Turns: 1
[2026-04-04T07:18:55Z] Iter 1258 | Total-in: 0 | Non-cached: 0 | Cache-read: 0 | Cache-create: 0 | Output: 0 | Cost: $0 | Duration: 543ms | Turns: 1
[2026-04-04T07:19:01Z] Iter 1265 | Total-in: 0 | Non-cached: 0 | Cache-read: 0 | Cache-create: 0 | Output: 0 | Cost: $0 | Duration: 578ms | Turns: 1
[2026-04-04T07:19:04Z] Iter 1266 | Total-in: 0 | Non-cached: 0 | Cache-read: 0 | Cache-create: 0 | Output: 0 | Cost: $0 | Duration: 489ms | Turns: 1
[2026-04-04T07:19:09Z] Iter 1267 | Total-in: 0 | Non-cached: 0 | Cache-read: 0 | Cache-create: 0 | Output: 0 | Cost: $0 | Duration: 419ms | Turns: 1
[2026-04-04T07:19:10Z] Iter 1259 | Total-in: 0 | Non-cached: 0 | Cache-read: 0 | Cache-create: 0 | Output: 0 | Cost: $0 | Duration: 419ms | Turns: 1
[2026-04-04T07:19:16Z] Iter 1266 | Total-in: 0 | Non-cached: 0 | Cache-read: 0 | Cache-create: 0 | Output: 0 | Cost: $0 | Duration: 636ms | Turns: 1
[2026-04-04T07:19:19Z] Iter 1267 | Total-in: 0 | Non-cached: 0 | Cache-read: 0 | Cache-create: 0 | Output: 0 | Cost: $0 | Duration: 514ms | Turns: 1
[2026-04-04T07:19:25Z] Iter 1268 | Total-in: 0 | Non-cached: 0 | Cache-read: 0 | Cache-create: 0 | Output: 0 | Cost: $0 | Duration: 502ms | Turns: 1
[2026-04-04T07:19:25Z] Iter 1260 | Total-in: 0 | Non-cached: 0 | Cache-read: 0 | Cache-create: 0 | Output: 0 | Cost: $0 | Duration: 502ms | Turns: 1
[2026-04-04T07:19:32Z] Iter 1267 | Total-in: 0 | Non-cached: 0 | Cache-read: 0 | Cache-create: 0 | Output: 0 | Cost: $0 | Duration: 680ms | Turns: 1
[2026-04-04T07:19:34Z] Iter 1268 | Total-in: 0 | Non-cached: 0 | Cache-read: 0 | Cache-create: 0 | Output: 0 | Cost: $0 | Duration: 621ms | Turns: 1
[2026-04-04T07:19:41Z] Iter 1269 | Total-in: 0 | Non-cached: 0 | Cache-read: 0 | Cache-create: 0 | Output: 0 | Cost: $0 | Duration: 432ms | Turns: 1
[2026-04-04T07:19:42Z] Iter 1261 | Total-in: 0 | Non-cached:  | Cache-read:  | Cache-create:  | Output:  | Cost: $ | Duration: ms | Turns: 
[2026-04-04T07:19:48Z] Iter 1268 | Total-in: 0 | Non-cached: 0 | Cache-read: 0 | Cache-create: 0 | Output: 0 | Cost: $0 | Duration: 963ms | Turns: 1
[2026-04-04T07:19:52Z] Iter 1269 | Total-in: 0 | Non-cached: 0 | Cache-read: 0 | Cache-create: 0 | Output: 0 | Cost: $0 | Duration: 2198ms | Turns: 1
[2026-04-04T07:19:57Z] Iter 1270 | Total-in: 0 | Non-cached: 0 | Cache-read: 0 | Cache-create: 0 | Output: 0 | Cost: $0 | Duration: 772ms | Turns: 1
[2026-04-04T07:19:58Z] Iter 1262 | Total-in: 0 | Non-cached: 0 | Cache-read: 0 | Cache-create: 0 | Output: 0 | Cost: $0 | Duration: 451ms | Turns: 1
[2026-04-04T07:20:04Z] Iter 1269 | Total-in: 0 | Non-cached: 0 | Cache-read: 0 | Cache-create: 0 | Output: 0 | Cost: $0 | Duration: 504ms | Turns: 1
[2026-04-04T07:20:08Z] Iter 1270 | Total-in: 0 | Non-cached: 0 | Cache-read: 0 | Cache-create: 0 | Output: 0 | Cost: $0 | Duration: 523ms | Turns: 1
[2026-04-04T07:20:14Z] Iter 1271 | Total-in: 0 | Non-cached: 0 | Cache-read: 0 | Cache-create: 0 | Output: 0 | Cost: $0 | Duration: 474ms | Turns: 1
[2026-04-04T07:20:14Z] Iter 1263 | Total-in: 0 | Non-cached: 0 | Cache-read: 0 | Cache-create: 0 | Output: 0 | Cost: $0 | Duration: 474ms | Turns: 1
[2026-04-04T07:20:20Z] Iter 1270 | Total-in: 0 | Non-cached: 0 | Cache-read: 0 | Cache-create: 0 | Output: 0 | Cost: $0 | Duration: 606ms | Turns: 1
[2026-04-04T07:20:24Z] Iter 1271 | Total-in: 0 | Non-cached: 0 | Cache-read: 0 | Cache-create: 0 | Output: 0 | Cost: $0 | Duration: 713ms | Turns: 1
[2026-04-04T07:20:31Z] Iter 1272 | Total-in: 0 | Non-cached: 0 | Cache-read: 0 | Cache-create: 0 | Output: 0 | Cost: $0 | Duration: 606ms | Turns: 1
[2026-04-04T07:20:31Z] Iter 1264 | Total-in: 0 | Non-cached: 0 | Cache-read: 0 | Cache-create: 0 | Output: 0 | Cost: $0 | Duration: 606ms | Turns: 1
[2026-04-04T07:20:38Z] Iter 1271 | Total-in: 0 | Non-cached: 0 | Cache-read: 0 | Cache-create: 0 | Output: 0 | Cost: $0 | Duration: 475ms | Turns: 1
[2026-04-04T07:20:42Z] Iter 1272 | Total-in: 0 | Non-cached: 0 | Cache-read: 0 | Cache-create: 0 | Output: 0 | Cost: $0 | Duration: 521ms | Turns: 1
[2026-04-04T07:20:48Z] Iter 1273 | Total-in: 0 | Non-cached: 0 | Cache-read: 0 | Cache-create: 0 | Output: 0 | Cost: $0 | Duration: 445ms | Turns: 1
[2026-04-04T07:20:48Z] Iter 1265 | Total-in: 0 | Non-cached: 0 | Cache-read: 0 | Cache-create: 0 | Output: 0 | Cost: $0 | Duration: 445ms | Turns: 1
[2026-04-04T07:20:54Z] Iter 1272 | Total-in: 0 | Non-cached: 0 | Cache-read: 0 | Cache-create: 0 | Output: 0 | Cost: $0 | Duration: 523ms | Turns: 1
[2026-04-04T07:20:59Z] Iter 1273 | Total-in: 0 | Non-cached: 0 | Cache-read: 0 | Cache-create: 0 | Output: 0 | Cost: $0 | Duration: 574ms | Turns: 1
[2026-04-04T07:21:05Z] Iter 1274 | Total-in: 0 | Non-cached: 0 | Cache-read: 0 | Cache-create: 0 | Output: 0 | Cost: $0 | Duration: 518ms | Turns: 1
[2026-04-04T07:21:06Z] Iter 1266 | Total-in: 0 | Non-cached: 0 | Cache-read: 0 | Cache-create: 0 | Output: 0 | Cost: $0 | Duration: 443ms | Turns: 1
[2026-04-04T07:21:10Z] Iter 1273 | Total-in: 0 | Non-cached: 0 | Cache-read: 0 | Cache-create: 0 | Output: 0 | Cost: $0 | Duration: 459ms | Turns: 1
[2026-04-04T07:21:15Z] Iter 1274 | Total-in: 0 | Non-cached: 0 | Cache-read: 0 | Cache-create: 0 | Output: 0 | Cost: $0 | Duration: 648ms | Turns: 1
[2026-04-04T07:21:21Z] Iter 1275 | Total-in: 0 | Non-cached: 0 | Cache-read: 0 | Cache-create: 0 | Output: 0 | Cost: $0 | Duration: 455ms | Turns: 1
[2026-04-04T07:21:23Z] Iter 1267 | Total-in: 0 | Non-cached: 0 | Cache-read: 0 | Cache-create: 0 | Output: 0 | Cost: $0 | Duration: 503ms | Turns: 1
[2026-04-04T07:21:27Z] Iter 1274 | Total-in: 0 | Non-cached: 0 | Cache-read: 0 | Cache-create: 0 | Output: 0 | Cost: $0 | Duration: 447ms | Turns: 1
[2026-04-04T07:21:32Z] Iter 1275 | Total-in: 0 | Non-cached: 0 | Cache-read: 0 | Cache-create: 0 | Output: 0 | Cost: $0 | Duration: 456ms | Turns: 1
[2026-04-04T07:21:36Z] Iter 1276 | Total-in: 0 | Non-cached: 0 | Cache-read: 0 | Cache-create: 0 | Output: 0 | Cost: $0 | Duration: 465ms | Turns: 1
[2026-04-04T07:21:37Z] Iter 1268 | Total-in: 0 | Non-cached: 0 | Cache-read: 0 | Cache-create: 0 | Output: 0 | Cost: $0 | Duration: 465ms | Turns: 1
[2026-04-04T07:21:41Z] Iter 1275 | Total-in: 0 | Non-cached: 0 | Cache-read: 0 | Cache-create: 0 | Output: 0 | Cost: $0 | Duration: 383ms | Turns: 1
[2026-04-04T07:21:47Z] Iter 1276 | Total-in: 0 | Non-cached: 0 | Cache-read: 0 | Cache-create: 0 | Output: 0 | Cost: $0 | Duration: 504ms | Turns: 1
[2026-04-04T07:21:50Z] Iter 1277 | Total-in: 0 | Non-cached: 0 | Cache-read: 0 | Cache-create: 0 | Output: 0 | Cost: $0 | Duration: 386ms | Turns: 1
[2026-04-04T07:21:52Z] Iter 1269 | Total-in: 0 | Non-cached: 0 | Cache-read: 0 | Cache-create: 0 | Output: 0 | Cost: $0 | Duration: 608ms | Turns: 1
[] Iter 1276 | No token data (result file empty or parse failed)
[2026-04-04T07:22:01Z] Iter 1277 | Total-in: 0 | Non-cached: 0 | Cache-read: 0 | Cache-create: 0 | Output: 0 | Cost: $0 | Duration: 539ms | Turns: 1
[2026-04-04T07:22:05Z] Iter 1278 | Total-in: 0 | Non-cached: 0 | Cache-read: 0 | Cache-create: 0 | Output: 0 | Cost: $0 | Duration: 518ms | Turns: 1
[2026-04-04T07:22:07Z] Iter 1270 | Total-in: 0 | Non-cached: 0 | Cache-read: 0 | Cache-create: 0 | Output: 0 | Cost: $0 | Duration: 461ms | Turns: 1
[] Iter 1277 | No token data (result file empty or parse failed)
[] Iter 1278 | No token data (result file empty or parse failed)
[2026-04-04T07:22:19Z] Iter 1279 | Total-in: 0 | Non-cached: 0 | Cache-read: 0 | Cache-create: 0 | Output: 0 | Cost: $0 | Duration: 449ms | Turns: 1
[2026-04-04T07:22:22Z] Iter 1271 | Total-in: 0 | Non-cached: 0 | Cache-read: 0 | Cache-create: 0 | Output: 0 | Cost: $0 | Duration: 502ms | Turns: 1
[2026-04-04T07:22:23Z] Iter 1278 | Total-in: 0 | Non-cached: 0 | Cache-read: 0 | Cache-create: 0 | Output: 0 | Cost: $0 | Duration: 421ms | Turns: 1
[] Iter 1279 | No token data (result file empty or parse failed)
[2026-04-04T07:22:34Z] Iter 1280 | Total-in: 0 | Non-cached: 0 | Cache-read: 0 | Cache-create: 0 | Output: 0 | Cost: $0 | Duration: 527ms | Turns: 1
[2026-04-04T07:22:36Z] Iter 1272 | Total-in: 0 | Non-cached: 0 | Cache-read: 0 | Cache-create: 0 | Output: 0 | Cost: $0 | Duration: 454ms | Turns: 1
[2026-04-04T07:22:37Z] Iter 1279 | Total-in: 0 | Non-cached: 0 | Cache-read: 0 | Cache-create: 0 | Output: 0 | Cost: $0 | Duration: 405ms | Turns: 1
[2026-04-04T07:22:43Z] Iter 1280 | Total-in: 0 | Non-cached: 0 | Cache-read: 0 | Cache-create: 0 | Output: 0 | Cost: $0 | Duration: 492ms | Turns: 1
[2026-04-04T07:22:48Z] Iter 1281 | Total-in: 0 | Non-cached: 0 | Cache-read: 0 | Cache-create: 0 | Output: 0 | Cost: $0 | Duration: 439ms | Turns: 1
[2026-04-04T07:22:51Z] Iter 1273 | Total-in: 0 | Non-cached: 0 | Cache-read: 0 | Cache-create: 0 | Output: 0 | Cost: $0 | Duration: ms | Turns: 
[2026-04-04T07:22:52Z] Iter 1280 | Total-in: 0 | Non-cached: 0 | Cache-read: 0 | Cache-create: 0 | Output: 0 | Cost: $0 | Duration: 574ms | Turns: 1
[2026-04-04T07:22:58Z] Iter 1281 | Total-in: 0 | Non-cached: 0 | Cache-read: 0 | Cache-create: 0 | Output: 0 | Cost: $0 | Duration: 1132ms | Turns: 
[2026-04-04T07:23:03Z] Iter 1282 | Total-in: 0 | Non-cached: 0 | Cache-read: 0 | Cache-create: 0 | Output: 0 | Cost: $0 | Duration: 594ms | Turns: 1
[] Iter 1274 | No token data (result file empty or parse failed)
[2026-04-04T07:23:09Z] Iter 1281 | Total-in: 0 | Non-cached: 0 | Cache-read: 0 | Cache-create: 0 | Output: 0 | Cost: $0 | Duration: 570ms | Turns: 1
[2026-04-04T07:23:13Z] Iter 1282 | Total-in: 0 | Non-cached: 0 | Cache-read: 0 | Cache-create: 0 | Output: 0 | Cost: $0 | Duration: 402ms | Turns: 1
[2026-04-04T07:23:19Z] Iter 1283 | Total-in: 0 | Non-cached: 0 | Cache-read: 0 | Cache-create: 0 | Output: 0 | Cost: $0 | Duration: 1473ms | Turns: 1
[2026-04-04T07:23:20Z] Iter 1275 | Total-in: 0 | Non-cached: 0 | Cache-read: 0 | Cache-create: 0 | Output: 0 | Cost: $0 | Duration: 450ms | Turns: 1
[2026-04-04T07:23:23Z] Iter 1282 | Total-in: 0 | Non-cached: 0 | Cache-read: 0 | Cache-create: 0 | Output: 0 | Cost: $0 | Duration: 466ms | Turns: 1
[] Iter 1283 | No token data (result file empty or parse failed)
[] Iter 1284 | No token data (result file empty or parse failed)
[2026-04-04T07:23:35Z] Iter 1276 | Total-in: 0 | Non-cached: 0 | Cache-read: 0 | Cache-create: 0 | Output: 0 | Cost: $0 | Duration: 451ms | Turns: 1
[2026-04-04T07:23:39Z] Iter 1283 | Total-in: 0 | Non-cached: 0 | Cache-read: 0 | Cache-create: 0 | Output: 0 | Cost: $0 | Duration: 525ms | Turns: 1
[2026-04-04T07:23:41Z] Iter 1284 | Total-in: 0 | Non-cached: 0 | Cache-read: 0 | Cache-create: 0 | Output: 0 | Cost: $0 | Duration: 479ms | Turns: 1
[2026-04-04T07:23:50Z] Iter 1285 | Total-in: 0 | Non-cached: 0 | Cache-read: 0 | Cache-create: 0 | Output: 0 | Cost: $0 | Duration: 514ms | Turns: 1
[2026-04-04T07:23:50Z] Iter 1277 | Total-in: 0 | Non-cached: 0 | Cache-read: 0 | Cache-create: 0 | Output: 0 | Cost: $0 | Duration: 514ms | Turns: 1
[2026-04-04T07:23:58Z] Iter 1284 | Total-in: 0 | Non-cached: 0 | Cache-read: 0 | Cache-create: 0 | Output: 0 | Cost: $0 | Duration: 527ms | Turns: 1
[] Iter 1285 | No token data (result file empty or parse failed)
[2026-04-04T07:24:08Z] Iter 1286 | Total-in: 0 | Non-cached: 0 | Cache-read: 0 | Cache-create: 0 | Output: 0 | Cost: $0 | Duration: 460ms | Turns: 1
[2026-04-04T07:24:09Z] Iter 1278 | Total-in: 0 | Non-cached: 0 | Cache-read: 0 | Cache-create: 0 | Output: 0 | Cost: $0 | Duration: 460ms | Turns: 1
[2026-04-04T07:24:17Z] Iter 1286 | Total-in: 0 | Non-cached: 0 | Cache-read: 0 | Cache-create: 0 | Output: 0 | Cost: $0 | Duration: 490ms | Turns: 1
[2026-04-04T07:24:17Z] Iter 1285 | Total-in: 0 | Non-cached: 0 | Cache-read: 0 | Cache-create: 0 | Output: 0 | Cost: $0 | Duration: 490ms | Turns: 1
[2026-04-04T07:24:27Z] Iter 1279 | Total-in: 0 | Non-cached: 0 | Cache-read: 0 | Cache-create: 0 | Output: 0 | Cost: $0 | Duration: 421ms | Turns: 1
[2026-04-04T07:24:28Z] Iter 1287 | Total-in: 0 | Non-cached: 0 | Cache-read: 0 | Cache-create: 0 | Output: 0 | Cost: $0 | Duration: 497ms | Turns: 1
[2026-04-04T07:24:37Z] Iter 1286 | Total-in: 0 | Non-cached: 0 | Cache-read: 0 | Cache-create: 0 | Output: 0 | Cost: $0 | Duration: 605ms | Turns: 1
[2026-04-04T07:24:37Z] Iter 1287 | Total-in: 0 | Non-cached: 0 | Cache-read: 0 | Cache-create: 0 | Output: 0 | Cost: $0 | Duration: 605ms | Turns: 1
[2026-04-04T07:24:47Z] Iter 1280 | Total-in: 0 | Non-cached: 0 | Cache-read: 0 | Cache-create: 0 | Output: 0 | Cost: $0 | Duration: 505ms | Turns: 1
[2026-04-04T07:24:48Z] Iter 1288 | Total-in: 0 | Non-cached: 0 | Cache-read: 0 | Cache-create: 0 | Output: 0 | Cost: $0 | Duration: 505ms | Turns: 1
[2026-04-04T07:24:54Z] Iter 1287 | Total-in: 0 | Non-cached: 0 | Cache-read: 0 | Cache-create: 0 | Output: 0 | Cost: $0 | Duration: 414ms | Turns: 1
[2026-04-04T07:24:57Z] Iter 1288 | Total-in: 0 | Non-cached: 0 | Cache-read: 0 | Cache-create: 0 | Output: 0 | Cost: $0 | Duration: 401ms | Turns: 1
[2026-04-04T07:25:04Z] Iter 1281 | Total-in: 0 | Non-cached: 0 | Cache-read: 0 | Cache-create: 0 | Output: 0 | Cost: $0 | Duration: 590ms | Turns: 1
[2026-04-04T07:25:05Z] Iter 1289 | Total-in: 0 | Non-cached: 0 | Cache-read: 0 | Cache-create: 0 | Output: 0 | Cost: $0 | Duration: 590ms | Turns: 1
[2026-04-04T07:25:10Z] Iter 1288 | Total-in: 0 | Non-cached: 0 | Cache-read: 0 | Cache-create: 0 | Output: 0 | Cost: $0 | Duration: 506ms | Turns: 1
[2026-04-04T07:25:15Z] Iter 1289 | Total-in: 0 | Non-cached: 0 | Cache-read: 0 | Cache-create: 0 | Output: 0 | Cost: $0 | Duration: 1750ms | Turns: 1
[2026-04-04T07:25:22Z] Iter 1282 | Total-in: 0 | Non-cached: 0 | Cache-read: 0 | Cache-create: 0 | Output: 0 | Cost: $0 | Duration: 1153ms | Turns: 1
[2026-04-04T07:25:23Z] Iter 1290 | Total-in: 0 | Non-cached: 0 | Cache-read: 0 | Cache-create: 0 | Output: 0 | Cost: $0 | Duration: 1153ms | Turns: 1
[2026-04-04T07:25:27Z] Iter 1289 | Total-in: 0 | Non-cached: 0 | Cache-read: 0 | Cache-create: 0 | Output: 0 | Cost: $0 | Duration: 669ms | Turns: 1
[2026-04-04T07:25:32Z] Iter 1290 | Total-in: 0 | Non-cached: 0 | Cache-read: 0 | Cache-create: 0 | Output: 0 | Cost: $0 | Duration: 499ms | Turns: 1
[2026-04-04T07:25:38Z] Iter 1283 | Total-in: 0 | Non-cached: 0 | Cache-read: 0 | Cache-create: 0 | Output: 0 | Cost: $0 | Duration: 582ms | Turns: 1
[2026-04-04T07:25:42Z] Iter 1291 | Total-in: 0 | Non-cached: 0 | Cache-read: 0 | Cache-create: 0 | Output: 0 | Cost: $0 | Duration: 470ms | Turns: 1
[2026-04-04T07:25:44Z] Iter 1290 | Total-in: 0 | Non-cached: 0 | Cache-read: 0 | Cache-create: 0 | Output: 0 | Cost: $0 | Duration: 499ms | Turns: 1
[2026-04-04T07:25:48Z] Iter 1291 | Total-in: 0 | Non-cached: 0 | Cache-read: 0 | Cache-create: 0 | Output: 0 | Cost: $0 | Duration: 523ms | Turns: 1
[2026-04-04T07:25:55Z] Iter 1284 | Total-in: 0 | Non-cached: 0 | Cache-read: 0 | Cache-create: 0 | Output: 0 | Cost: $0 | Duration: 541ms | Turns: 1
[2026-04-04T07:25:59Z] Iter 1292 | Total-in: 0 | Non-cached: 0 | Cache-read: 0 | Cache-create: 0 | Output: 0 | Cost: $0 | Duration: 469ms | Turns: 1
[2026-04-04T07:26:02Z] Iter 1291 | Total-in: 0 | Non-cached: 0 | Cache-read: 0 | Cache-create: 0 | Output: 0 | Cost: $0 | Duration: 1802ms | Turns: 1
[2026-04-04T07:26:06Z] Iter 1292 | Total-in: 0 | Non-cached: 0 | Cache-read: 0 | Cache-create: 0 | Output: 0 | Cost: $0 | Duration: 1597ms | Turns: 1
[2026-04-04T07:26:11Z] Iter 1285 | Total-in: 0 | Non-cached: 0 | Cache-read: 0 | Cache-create: 0 | Output: 0 | Cost: $0 | Duration: 1494ms | Turns: 1
[2026-04-04T07:26:14Z] Iter 1293 | Total-in: 0 | Non-cached: 0 | Cache-read: 0 | Cache-create: 0 | Output: 0 | Cost: $0 | Duration: 418ms | Turns: 
[2026-04-04T07:26:16Z] Iter 1292 | Total-in: 0 | Non-cached: 0 | Cache-read: 0 | Cache-create: 0 | Output: 0 | Cost: $0 | Duration: 452ms | Turns: 1
[2026-04-04T07:26:20Z] Iter 1293 | Total-in: 0 | Non-cached: 0 | Cache-read: 0 | Cache-create: 0 | Output: 0 | Cost: $0 | Duration: 456ms | Turns: 1
[2026-04-04T07:26:25Z] Iter 1286 | Total-in: 0 | Non-cached: 0 | Cache-read: 0 | Cache-create: 0 | Output: 0 | Cost: $0 | Duration: 372ms | Turns: 1
[2026-04-04T07:26:27Z] Iter 1294 | Total-in: 0 | Non-cached: 0 | Cache-read: 0 | Cache-create: 0 | Output: 0 | Cost: $0 | Duration: 495ms | Turns: 1
[2026-04-04T07:26:31Z] Iter 1293 | Total-in: 0 | Non-cached: 0 | Cache-read: 0 | Cache-create: 0 | Output: 0 | Cost: $0 | Duration: 520ms | Turns: 1
[2026-04-04T07:26:34Z] Iter 1294 | Total-in: 0 | Non-cached: 0 | Cache-read: 0 | Cache-create: 0 | Output: 0 | Cost: $0 | Duration: 374ms | Turns: 1
[2026-04-04T07:26:40Z] Iter 1287 | Total-in: 0 | Non-cached: 0 | Cache-read: 0 | Cache-create: 0 | Output: 0 | Cost: $0 | Duration: 501ms | Turns: 1
[2026-04-04T07:26:43Z] Iter 1295 | Total-in: 0 | Non-cached: 0 | Cache-read: 0 | Cache-create: 0 | Output: 0 | Cost: $0 | Duration: 395ms | Turns: 1
[2026-04-04T07:26:45Z] Iter 1294 | Total-in: 0 | Non-cached: 0 | Cache-read: 0 | Cache-create: 0 | Output: 0 | Cost: $0 | Duration: 427ms | Turns: 1
[2026-04-04T07:26:48Z] Iter 1295 | Total-in: 0 | Non-cached: 0 | Cache-read:  | Cache-create:  | Output:  | Cost: $ | Duration: ms | Turns: 
[2026-04-04T07:26:56Z] Iter 1288 | Total-in: 0 | Non-cached: 0 | Cache-read:  | Cache-create:  | Output:  | Cost: $ | Duration: ms | Turns: 
[2026-04-04T07:26:57Z] Iter 1296 | Total-in: 0 | Non-cached: 0 | Cache-read: 0 | Cache-create: 0 | Output: 0 | Cost: $0 | Duration: 479ms | Turns: 1
[2026-04-04T07:27:02Z] Iter 1295 | Total-in: 0 | Non-cached: 0 | Cache-read: 0 | Cache-create: 0 | Output: 0 | Cost: $0 | Duration: 429ms | Turns: 1
[2026-04-04T07:27:03Z] Iter 1296 | Total-in: 0 | Non-cached: 0 | Cache-read: 0 | Cache-create: 0 | Output: 0 | Cost: $0 | Duration: 429ms | Turns: 1
[] Iter 1289 | No token data (result file empty or parse failed)
[2026-04-04T07:27:12Z] Iter 1297 | Total-in: 0 | Non-cached: 0 | Cache-read: 0 | Cache-create: 0 | Output: 0 | Cost: $0 | Duration: 421ms | Turns: 1
[2026-04-04T07:27:17Z] Iter 1297 | Total-in: 0 | Non-cached: 0 | Cache-read: 0 | Cache-create: 0 | Output: 0 | Cost: $0 | Duration: 438ms | Turns: 1
[2026-04-04T07:27:18Z] Iter 1296 | Total-in: 0 | Non-cached: 0 | Cache-read:  | Cache-create:  | Output: 0 | Cost: $ | Duration: ms | Turns: 
[] Iter 1290 | No token data (result file empty or parse failed)
[2026-04-04T07:27:27Z] Iter 1298 | Total-in: 0 | Non-cached: 0 | Cache-read: 0 | Cache-create: 0 | Output: 0 | Cost: $0 | Duration: 403ms | Turns: 1
[] Iter 1298 | No token data (result file empty or parse failed)
[2026-04-04T07:27:32Z] Iter 1297 | Total-in: 0 | Non-cached: 0 | Cache-read: 0 | Cache-create: 0 | Output: 0 | Cost: $0 | Duration: 641ms | Turns: 1
[2026-04-04T07:27:38Z] Iter 1291 | Total-in: 0 | Non-cached: 0 | Cache-read: 0 | Cache-create: 0 | Output: 0 | Cost: $0 | Duration: 432ms | Turns: 1
[2026-04-04T07:27:42Z] Iter 1299 | Total-in: 0 | Non-cached: 0 | Cache-read: 0 | Cache-create: 0 | Output: 0 | Cost: $0 | Duration: 633ms | Turns: 1
[] Iter 1299 | No token data (result file empty or parse failed)
[2026-04-04T07:27:48Z] Iter 1298 | Total-in: 0 | Non-cached: 0 | Cache-read: 0 | Cache-create: 0 | Output: 0 | Cost: $0 | Duration: 408ms | Turns: 1
[2026-04-04T07:27:52Z] Iter 1292 | Total-in: 0 | Non-cached: 0 | Cache-read: 0 | Cache-create: 0 | Output: 0 | Cost: $0 | Duration: 484ms | Turns: 1
[2026-04-04T07:27:57Z] Iter 1300 | Total-in: 0 | Non-cached: 0 | Cache-read: 0 | Cache-create: 0 | Output: 0 | Cost: $0 | Duration: 471ms | Turns: 1
[2026-04-04T07:28:01Z] Iter 1300 | Total-in: 0 | Non-cached: 0 | Cache-read: 0 | Cache-create: 0 | Output: 0 | Cost: $0 | Duration: 680ms | Turns: 1
[2026-04-04T07:28:04Z] Iter 1299 | Total-in: 0 | Non-cached: 0 | Cache-read: 0 | Cache-create: 0 | Output: 0 | Cost: $0 | Duration: 864ms | Turns: 1
[2026-04-04T07:28:08Z] Iter 1293 | Total-in: 0 | Non-cached: 0 | Cache-read: 0 | Cache-create: 0 | Output: 0 | Cost: $0 | Duration: 454ms | Turns: 1
[2026-04-04T07:28:12Z] Iter 1301 | Total-in: 0 | Non-cached: 0 | Cache-read: 0 | Cache-create: 0 | Output: 0 | Cost: $0 | Duration: 493ms | Turns: 1
[2026-04-04T07:28:16Z] Iter 1301 | Total-in: 0 | Non-cached: 0 | Cache-read: 0 | Cache-create: 0 | Output: 0 | Cost: $0 | Duration: 454ms | Turns: 1
[2026-04-04T07:28:21Z] Iter 1300 | Total-in: 0 | Non-cached: 0 | Cache-read: 0 | Cache-create: 0 | Output: 0 | Cost: $0 | Duration: 516ms | Turns: 1
[2026-04-04T07:28:23Z] Iter 1294 | Total-in: 0 | Non-cached: 0 | Cache-read: 0 | Cache-create: 0 | Output: 0 | Cost: $0 | Duration: 436ms | Turns: 1
[2026-04-04T07:28:27Z] Iter 1302 | Total-in: 0 | Non-cached: 0 | Cache-read: 0 | Cache-create: 0 | Output: 0 | Cost: $0 | Duration: 601ms | Turns: 1
[2026-04-04T07:28:32Z] Iter 1302 | Total-in: 0 | Non-cached: 0 | Cache-read: 0 | Cache-create: 0 | Output: 0 | Cost: $0 | Duration: 500ms | Turns: 1
[2026-04-04T07:28:37Z] Iter 1301 | Total-in: 0 | Non-cached: 0 | Cache-read: 0 | Cache-create: 0 | Output: 0 | Cost: $0 | Duration: 492ms | Turns: 1
[2026-04-04T07:28:40Z] Iter 1295 | Total-in: 0 | Non-cached:  | Cache-read:  | Cache-create:  | Output:  | Cost: $ | Duration: ms | Turns: 
[2026-04-04T07:28:43Z] Iter 1303 | Total-in: 0 | Non-cached: 0 | Cache-read: 0 | Cache-create: 0 | Output: 0 | Cost: $0 | Duration: 441ms | Turns: 1
[2026-04-04T07:28:47Z] Iter 1303 | Total-in: 0 | Non-cached: 0 | Cache-read: 0 | Cache-create: 0 | Output: 0 | Cost: $0 | Duration: 455ms | Turns: 1
[2026-04-04T07:28:52Z] Iter 1302 | Total-in: 0 | Non-cached: 0 | Cache-read: 0 | Cache-create: 0 | Output: 0 | Cost: $0 | Duration: 534ms | Turns: 1
[2026-04-04T07:28:56Z] Iter 1296 | Total-in: 0 | Non-cached: 0 | Cache-read: 0 | Cache-create: 0 | Output: 0 | Cost: $0 | Duration: 512ms | Turns: 1
[2026-04-04T07:29:00Z] Iter 1304 | Total-in: 0 | Non-cached: 0 | Cache-read: 0 | Cache-create: 0 | Output: 0 | Cost: $0 | Duration: 537ms | Turns: 1
[2026-04-04T07:29:04Z] Iter 1304 | Total-in: 0 | Non-cached:  | Cache-read:  | Cache-create:  | Output:  | Cost: $ | Duration: ms | Turns: 
[] Iter 1303 | No token data (result file empty or parse failed)
[2026-04-04T07:29:12Z] Iter 1297 | Total-in: 0 | Non-cached: 0 | Cache-read: 0 | Cache-create: 0 | Output: 0 | Cost: $ | Duration: ms | Turns: 
[2026-04-04T07:29:16Z] Iter 1305 | Total-in: 0 | Non-cached: 0 | Cache-read: 0 | Cache-create: 0 | Output: 0 | Cost: $0 | Duration: 496ms | Turns: 1
[] Iter 1305 | No token data (result file empty or parse failed)
[2026-04-04T07:29:24Z] Iter 1304 | Total-in: 0 | Non-cached: 0 | Cache-read: 0 | Cache-create: 0 | Output: 0 | Cost: $0 | Duration: 556ms | Turns: 
[2026-04-04T07:29:28Z] Iter 1298 | Total-in: 0 | Non-cached: 0 | Cache-read: 0 | Cache-create: 0 | Output: 0 | Cost: $0 | Duration: 535ms | Turns: 1
[2026-04-04T07:29:33Z] Iter 1306 | Total-in: 0 | Non-cached: 0 | Cache-read: 0 | Cache-create: 0 | Output: 0 | Cost: $0 | Duration: 465ms | Turns: 1
[2026-04-04T07:29:36Z] Iter 1306 | Total-in: 0 | Non-cached: 0 | Cache-read:  | Cache-create:  | Output:  | Cost: $ | Duration: ms | Turns: 
[2026-04-04T07:29:41Z] Iter 1305 | Total-in: 0 | Non-cached: 0 | Cache-read: 0 | Cache-create: 0 | Output: 0 | Cost: $0 | Duration: 536ms | Turns: 1
[] Iter 1299 | No token data (result file empty or parse failed)
[2026-04-04T07:29:51Z] Iter 1307 | Total-in: 0 | Non-cached: 0 | Cache-read: 0 | Cache-create: 0 | Output: 0 | Cost: $0 | Duration: ms | Turns: 
[2026-04-04T07:29:53Z] Iter 1307 | Total-in: 0 | Non-cached: 0 | Cache-read: 0 | Cache-create: 0 | Output: 0 | Cost: $0 | Duration: 551ms | Turns: 1
[2026-04-04T07:29:57Z] Iter 1306 | Total-in: 0 | Non-cached: 0 | Cache-read: 0 | Cache-create: 0 | Output: 0 | Cost: $0 | Duration: 540ms | Turns: 1
[2026-04-04T07:30:01Z] Iter 1300 | Total-in: 0 | Non-cached: 0 | Cache-read: 0 | Cache-create: 0 | Output: 0 | Cost: $0 | Duration: 709ms | Turns: 1
[2026-04-04T07:30:08Z] Iter 1308 | Total-in: 0 | Non-cached: 0 | Cache-read: 0 | Cache-create: 0 | Output: 0 | Cost: $0 | Duration: 545ms | Turns: 1
[2026-04-04T07:30:10Z] Iter 1308 | Total-in: 0 | Non-cached: 0 | Cache-read: 0 | Cache-create: 0 | Output: 0 | Cost: $0 | Duration: 484ms | Turns: 1
[2026-04-04T07:30:14Z] Iter 1307 | Total-in: 0 | Non-cached: 0 | Cache-read: 0 | Cache-create: 0 | Output: 0 | Cost: $0 | Duration: 493ms | Turns: 1
[2026-04-04T07:30:17Z] Iter 1301 | Total-in: 0 | Non-cached: 0 | Cache-read: 0 | Cache-create: 0 | Output: 0 | Cost: $0 | Duration: 544ms | Turns: 1
[2026-04-04T07:30:25Z] Iter 1309 | Total-in: 0 | Non-cached: 0 | Cache-read: 0 | Cache-create: 0 | Output: 0 | Cost: $0 | Duration: 484ms | Turns: 1
[2026-04-04T07:30:26Z] Iter 1309 | Total-in: 0 | Non-cached: 0 | Cache-read: 0 | Cache-create: 0 | Output: 0 | Cost: $0 | Duration: 454ms | Turns: 1
[2026-04-04T07:30:30Z] Iter 1308 | Total-in: 0 | Non-cached: 0 | Cache-read: 0 | Cache-create: 0 | Output: 0 | Cost: $0 | Duration: 502ms | Turns: 1
[] Iter 1302 | No token data (result file empty or parse failed)
[] Iter 1310 | No token data (result file empty or parse failed)
[2026-04-04T07:30:41Z] Iter 1310 | Total-in: 0 | Non-cached: 0 | Cache-read: 0 | Cache-create: 0 | Output: 0 | Cost: $0 | Duration: 438ms | Turns: 1
[2026-04-04T07:30:44Z] Iter 1309 | Total-in: 0 | Non-cached: 0 | Cache-read: 0 | Cache-create: 0 | Output: 0 | Cost: $0 | Duration: 439ms | Turns: 1
[2026-04-04T07:30:48Z] Iter 1303 | Total-in: 0 | Non-cached: 0 | Cache-read: 0 | Cache-create: 0 | Output: 0 | Cost: $0 | Duration: 509ms | Turns: 1
[] Iter 1311 | No token data (result file empty or parse failed)
[2026-04-04T07:30:55Z] Iter 1311 | Total-in: 0 | Non-cached: 0 | Cache-read: 0 | Cache-create: 0 | Output: 0 | Cost: $0 | Duration: 414ms | Turns: 1
[2026-04-04T07:30:59Z] Iter 1310 | Total-in: 0 | Non-cached: 0 | Cache-read: 0 | Cache-create: 0 | Output: 0 | Cost: $ | Duration: ms | Turns: 
[2026-04-04T07:31:02Z] Iter 1304 | Total-in: 0 | Non-cached: 0 | Cache-read: 0 | Cache-create: 0 | Output: 0 | Cost: $0 | Duration: 503ms | Turns: 1
[2026-04-04T07:31:06Z] Iter 1312 | Total-in: 0 | Non-cached: 0 | Cache-read: 0 | Cache-create: 0 | Output: 0 | Cost: $0 | Duration: 403ms | Turns: 1
[2026-04-04T07:31:09Z] Iter 1312 | Total-in: 0 | Non-cached: 0 | Cache-read: 0 | Cache-create: 0 | Output: 0 | Cost: $0 | Duration: 499ms | Turns: 1
[2026-04-04T07:31:14Z] Iter 1311 | Total-in: 0 | Non-cached: 0 | Cache-read: 0 | Cache-create: 0 | Output: 0 | Cost: $0 | Duration: 394ms | Turns: 1
[2026-04-04T07:31:16Z] Iter 1305 | Total-in: 0 | Non-cached: 0 | Cache-read: 0 | Cache-create: 0 | Output: 0 | Cost: $0 | Duration: 518ms | Turns: 1
[2026-04-04T07:31:20Z] Iter 1313 | Total-in: 0 | Non-cached: 0 | Cache-read: 0 | Cache-create: 0 | Output: 0 | Cost: $0 | Duration: 418ms | Turns: 1
[] Iter 1313 | No token data (result file empty or parse failed)
[2026-04-04T07:31:29Z] Iter 1312 | Total-in: 0 | Non-cached: 0 | Cache-read: 0 | Cache-create: 0 | Output: 0 | Cost: $0 | Duration: 370ms | Turns: 1
[2026-04-04T07:31:30Z] Iter 1306 | Total-in: 0 | Non-cached: 0 | Cache-read: 0 | Cache-create: 0 | Output: 0 | Cost: $0 | Duration: 511ms | Turns: 1
[2026-04-04T07:31:35Z] Iter 1314 | Total-in: 0 | Non-cached: 0 | Cache-read: 0 | Cache-create: 0 | Output: 0 | Cost: $0 | Duration: 1024ms | Turns: 1
[] Iter 1314 | No token data (result file empty or parse failed)
[2026-04-04T07:31:43Z] Iter 1313 | Total-in: 0 | Non-cached: 0 | Cache-read: 0 | Cache-create: 0 | Output: 0 | Cost: $0 | Duration: 872ms | Turns: 1
[2026-04-04T07:31:45Z] Iter 1307 | Total-in: 0 | Non-cached: 0 | Cache-read: 0 | Cache-create: 0 | Output: 0 | Cost: $0 | Duration: 519ms | Turns: 1
[2026-04-04T07:31:49Z] Iter 1315 | Total-in: 0 | Non-cached: 0 | Cache-read: 0 | Cache-create: 0 | Output: 0 | Cost: $0 | Duration: 408ms | Turns: 1
[2026-04-04T07:31:53Z] Iter 1315 | Total-in: 0 | Non-cached: 0 | Cache-read: 0 | Cache-create: 0 | Output: 0 | Cost: $0 | Duration: 508ms | Turns: 1
[2026-04-04T07:31:58Z] Iter 1314 | Total-in: 0 | Non-cached: 0 | Cache-read: 0 | Cache-create: 0 | Output: 0 | Cost: $0 | Duration: 499ms | Turns: 1
[2026-04-04T07:31:59Z] Iter 1308 | Total-in: 0 | Non-cached: 0 | Cache-read: 0 | Cache-create: 0 | Output: 0 | Cost: $0 | Duration: 464ms | Turns: 1
[2026-04-04T07:32:04Z] Iter 1316 | Total-in: 0 | Non-cached: 0 | Cache-read: 0 | Cache-create: 0 | Output: 0 | Cost: $0 | Duration: 551ms | Turns: 1
[] Iter 1316 | No token data (result file empty or parse failed)
[2026-04-04T07:32:14Z] Iter 1315 | Total-in: 0 | Non-cached: 0 | Cache-read: 0 | Cache-create: 0 | Output: 0 | Cost: $0 | Duration: 429ms | Turns: 1
[2026-04-04T07:32:15Z] Iter 1309 | Total-in: 0 | Non-cached: 0 | Cache-read:  | Cache-create:  | Output: 0 | Cost: $ | Duration: ms | Turns: 
[2026-04-04T07:32:19Z] Iter 1317 | Total-in: 0 | Non-cached: 0 | Cache-read: 0 | Cache-create: 0 | Output: 0 | Cost: $0 | Duration: 436ms | Turns: 1
[] Iter 1317 | No token data (result file empty or parse failed)
[2026-04-04T07:32:29Z] Iter 1316 | Total-in: 0 | Non-cached: 0 | Cache-read: 0 | Cache-create: 0 | Output: 0 | Cost: $0 | Duration: ms | Turns: 
[] Iter 1310 | No token data (result file empty or parse failed)
[2026-04-04T07:32:35Z] Iter 1318 | Total-in: 0 | Non-cached: 0 | Cache-read: 0 | Cache-create: 0 | Output: 0 | Cost: $0 | Duration: 478ms | Turns: 1
[2026-04-04T07:32:37Z] Iter 1318 | Total-in: 0 | Non-cached: 0 | Cache-read: 0 | Cache-create: 0 | Output: 0 | Cost: $ | Duration: ms | Turns: 
[2026-04-04T07:32:44Z] Iter 1311 | Total-in: 0 | Non-cached: 0 | Cache-read: 0 | Cache-create: 0 | Output: 0 | Cost: $0 | Duration: 523ms | Turns: 1
[] Iter 1317 | No token data (result file empty or parse failed)
[2026-04-04T07:32:51Z] Iter 1319 | Total-in: 0 | Non-cached: 0 | Cache-read: 0 | Cache-create: 0 | Output: 0 | Cost: $0 | Duration: 448ms | Turns: 1
[2026-04-04T07:32:53Z] Iter 1319 | Total-in: 0 | Non-cached: 0 | Cache-read: 0 | Cache-create: 0 | Output: 0 | Cost: $0 | Duration: 1503ms | Turns: 1
[] Iter 1318 | No token data (result file empty or parse failed)
[2026-04-04T07:33:01Z] Iter 1312 | Total-in: 0 | Non-cached: 0 | Cache-read: 0 | Cache-create: 0 | Output: 0 | Cost: $0 | Duration: 1463ms | Turns: 1
[2026-04-04T07:33:07Z] Iter 1320 | Total-in: 0 | Non-cached: 0 | Cache-read: 0 | Cache-create: 0 | Output: 0 | Cost: $0 | Duration: 1468ms | Turns: 1
[] Iter 1320 | No token data (result file empty or parse failed)
[2026-04-04T07:33:14Z] Iter 1319 | Total-in: 0 | Non-cached: 0 | Cache-read: 0 | Cache-create: 0 | Output: 0 | Cost: $0 | Duration: 552ms | Turns: 1
[2026-04-04T07:33:23Z] Iter 1321 | Total-in: 0 | Non-cached: 0 | Cache-read: 0 | Cache-create: 0 | Output: 0 | Cost: $0 | Duration: 478ms | Turns: 1
[2026-04-04T07:33:25Z] Iter 1313 | Total-in: 0 | Non-cached: 0 | Cache-read: 0 | Cache-create: 0 | Output: 0 | Cost: $0 | Duration: 490ms | Turns: 1
[2026-04-04T07:33:25Z] Iter 1321 | Total-in: 0 | Non-cached: 0 | Cache-read: 0 | Cache-create: 0 | Output: 0 | Cost: $0 | Duration: 490ms | Turns: 1
[2026-04-04T07:33:30Z] Iter 1320 | Total-in: 0 | Non-cached: 0 | Cache-read: 0 | Cache-create: 0 | Output: 0 | Cost: $0 | Duration: 472ms | Turns: 1
[2026-04-04T07:33:40Z] Iter 1322 | Total-in: 0 | Non-cached: 0 | Cache-read: 0 | Cache-create: 0 | Output: 0 | Cost: $0 | Duration: 481ms | Turns: 1
[2026-04-04T07:33:42Z] Iter 1322 | Total-in: 0 | Non-cached: 0 | Cache-read: 0 | Cache-create: 0 | Output: 0 | Cost: $0 | Duration: 562ms | Turns: 1
[2026-04-04T07:33:42Z] Iter 1314 | Total-in: 0 | Non-cached: 0 | Cache-read: 0 | Cache-create: 0 | Output: 0 | Cost: $0 | Duration: 562ms | Turns: 1
[2026-04-04T07:33:47Z] Iter 1321 | Total-in: 0 | Non-cached: 0 | Cache-read: 0 | Cache-create: 0 | Output: 0 | Cost: $0 | Duration: 1177ms | Turns: 1
[2026-04-04T07:33:57Z] Iter 1323 | Total-in: 0 | Non-cached: 0 | Cache-read: 0 | Cache-create: 0 | Output: 0 | Cost: $0 | Duration: 597ms | Turns: 1
[2026-04-04T07:33:59Z] Iter 1323 | Total-in: 0 | Non-cached: 0 | Cache-read: 0 | Cache-create: 0 | Output: 0 | Cost: $0 | Duration: 590ms | Turns: 1
[2026-04-04T07:33:59Z] Iter 1315 | Total-in: 0 | Non-cached: 0 | Cache-read: 0 | Cache-create: 0 | Output: 0 | Cost: $0 | Duration: 590ms | Turns: 1
[2026-04-04T07:34:04Z] Iter 1322 | Total-in: 0 | Non-cached: 0 | Cache-read: 0 | Cache-create: 0 | Output: 0 | Cost: $0 | Duration: 528ms | Turns: 1
[2026-04-04T07:34:14Z] Iter 1324 | Total-in: 0 | Non-cached: 0 | Cache-read: 0 | Cache-create: 0 | Output: 0 | Cost: $0 | Duration: 609ms | Turns: 1
[2026-04-04T07:34:16Z] Iter 1316 | Total-in: 0 | Non-cached: 0 | Cache-read: 0 | Cache-create: 0 | Output: 0 | Cost: $0 | Duration: 536ms | Turns: 1
[2026-04-04T07:34:17Z] Iter 1324 | Total-in: 0 | Non-cached: 0 | Cache-read: 0 | Cache-create: 0 | Output: 0 | Cost: $0 | Duration: 536ms | Turns: 1
[2026-04-04T07:34:21Z] Iter 1323 | Total-in: 0 | Non-cached: 0 | Cache-read: 0 | Cache-create: 0 | Output: 0 | Cost: $0 | Duration: 520ms | Turns: 1
[2026-04-04T07:34:32Z] Iter 1325 | Total-in: 0 | Non-cached: 0 | Cache-read: 0 | Cache-create: 0 | Output: 0 | Cost: $0 | Duration: 522ms | Turns: 1
[2026-04-04T07:34:33Z] Iter 1317 | Total-in: 0 | Non-cached: 0 | Cache-read: 0 | Cache-create: 0 | Output: 0 | Cost: $0 | Duration: 475ms | Turns: 1
[2026-04-04T07:34:34Z] Iter 1325 | Total-in: 0 | Non-cached: 0 | Cache-read: 0 | Cache-create: 0 | Output: 0 | Cost: $0 | Duration: 475ms | Turns: 1
[2026-04-04T07:34:39Z] Iter 1324 | Total-in: 0 | Non-cached: 0 | Cache-read: 0 | Cache-create: 0 | Output: 0 | Cost: $0 | Duration: 1504ms | Turns: 1
[2026-04-04T07:34:50Z] Iter 1318 | Total-in: 0 | Non-cached: 0 | Cache-read: 0 | Cache-create: 0 | Output: 0 | Cost: $0 | Duration: 661ms | Turns: 1
[2026-04-04T07:34:50Z] Iter 1326 | Total-in: 0 | Non-cached: 0 | Cache-read: 0 | Cache-create: 0 | Output: 0 | Cost: $0 | Duration: 507ms | Turns: 1
[2026-04-04T07:34:51Z] Iter 1326 | Total-in: 0 | Non-cached: 0 | Cache-read: 0 | Cache-create: 0 | Output: 0 | Cost: $0 | Duration: 507ms | Turns: 1
[2026-04-04T07:34:55Z] Iter 1325 | Total-in: 0 | Non-cached: 0 | Cache-read: 0 | Cache-create: 0 | Output: 0 | Cost: $0 | Duration: 399ms | Turns: 1
[2026-04-04T07:35:05Z] Iter 1319 | Total-in: 0 | Non-cached: 0 | Cache-read: 0 | Cache-create: 0 | Output: 0 | Cost: $0 | Duration: 486ms | Turns: 1
[2026-04-04T07:35:05Z] Iter 1327 | Total-in: 0 | Non-cached: 0 | Cache-read: 0 | Cache-create: 0 | Output: 0 | Cost: $0 | Duration: 486ms | Turns: 1
[2026-04-04T07:35:07Z] Iter 1327 | Total-in: 0 | Non-cached: 0 | Cache-read: 0 | Cache-create: 0 | Output: 0 | Cost: $0 | Duration: 497ms | Turns: 1
[2026-04-04T07:35:09Z] Iter 1326 | Total-in: 0 | Non-cached: 0 | Cache-read: 0 | Cache-create: 0 | Output: 0 | Cost: $0 | Duration: 487ms | Turns: 1
[2026-04-04T07:35:19Z] Iter 1320 | Total-in: 0 | Non-cached: 0 | Cache-read: 0 | Cache-create: 0 | Output: 0 | Cost: $0 | Duration: 446ms | Turns: 1
[2026-04-04T07:35:20Z] Iter 1328 | Total-in: 0 | Non-cached: 0 | Cache-read: 0 | Cache-create: 0 | Output: 0 | Cost: $0 | Duration: 446ms | Turns: 1
[2026-04-04T07:35:21Z] Iter 1328 | Total-in: 0 | Non-cached: 0 | Cache-read: 0 | Cache-create: 0 | Output: 0 | Cost: $0 | Duration: 402ms | Turns: 1
[2026-04-04T07:35:24Z] Iter 1327 | Total-in: 0 | Non-cached: 0 | Cache-read: 0 | Cache-create: 0 | Output: 0 | Cost: $0 | Duration: 471ms | Turns: 1
[2026-04-04T07:35:34Z] Iter 1321 | Total-in: 0 | Non-cached: 0 | Cache-read: 0 | Cache-create: 0 | Output: 0 | Cost: $0 | Duration: 762ms | Turns: 1
[2026-04-04T07:35:35Z] Iter 1329 | Total-in: 0 | Non-cached: 0 | Cache-read: 0 | Cache-create: 0 | Output: 0 | Cost: $0 | Duration: 762ms | Turns: 1
[2026-04-04T07:35:36Z] Iter 1329 | Total-in: 0 | Non-cached: 0 | Cache-read: 0 | Cache-create: 0 | Output: 0 | Cost: $0 | Duration: 497ms | Turns: 1
[2026-04-04T07:35:39Z] Iter 1328 | Total-in: 0 | Non-cached: 0 | Cache-read: 0 | Cache-create: 0 | Output: 0 | Cost: $0 | Duration: 497ms | Turns: 1
[2026-04-04T07:35:49Z] Iter 1322 | Total-in: 0 | Non-cached: 0 | Cache-read: 0 | Cache-create: 0 | Output: 0 | Cost: $0 | Duration: 542ms | Turns: 1
[2026-04-04T07:35:51Z] Iter 1330 | Total-in: 0 | Non-cached: 0 | Cache-read: 0 | Cache-create: 0 | Output: 0 | Cost: $0 | Duration: 1588ms | Turns: 1
[2026-04-04T07:35:52Z] Iter 1330 | Total-in: 0 | Non-cached: 0 | Cache-read: 0 | Cache-create: 0 | Output: 0 | Cost: $0 | Duration: 514ms | Turns: 1
[2026-04-04T07:35:55Z] Iter 1329 | Total-in: 0 | Non-cached: 0 | Cache-read: 0 | Cache-create: 0 | Output: 0 | Cost: $0 | Duration: 505ms | Turns: 1
[2026-04-04T07:36:03Z] Iter 1323 | Total-in: 0 | Non-cached: 0 | Cache-read: 0 | Cache-create: 0 | Output: 0 | Cost: $0 | Duration: 518ms | Turns: 1
[2026-04-04T07:36:05Z] Iter 1331 | Total-in: 0 | Non-cached: 0 | Cache-read: 0 | Cache-create: 0 | Output: 0 | Cost: $0 | Duration: 450ms | Turns: 1
[2026-04-04T07:36:07Z] Iter 1331 | Total-in: 0 | Non-cached: 0 | Cache-read: 0 | Cache-create: 0 | Output: 0 | Cost: $0 | Duration: 542ms | Turns: 1
[2026-04-04T07:36:09Z] Iter 1330 | Total-in: 0 | Non-cached: 0 | Cache-read: 0 | Cache-create: 0 | Output: 0 | Cost: $0 | Duration: 424ms | Turns: 1
[2026-04-04T07:36:18Z] Iter 1324 | Total-in: 0 | Non-cached: 0 | Cache-read: 0 | Cache-create: 0 | Output: 0 | Cost: $0 | Duration: 435ms | Turns: 1
[2026-04-04T07:36:21Z] Iter 1332 | Total-in: 0 | Non-cached: 0 | Cache-read: 0 | Cache-create: 0 | Output: 0 | Cost: $0 | Duration: 491ms | Turns: 1
[2026-04-04T07:36:22Z] Iter 1332 | Total-in: 0 | Non-cached: 0 | Cache-read: 0 | Cache-create: 0 | Output: 0 | Cost: $0 | Duration: 685ms | Turns: 1
[2026-04-04T07:36:24Z] Iter 1331 | Total-in: 0 | Non-cached: 0 | Cache-read: 0 | Cache-create: 0 | Output: 0 | Cost: $0 | Duration: 584ms | Turns: 1
[2026-04-04T07:36:33Z] Iter 1325 | Total-in: 0 | Non-cached: 0 | Cache-read: 0 | Cache-create: 0 | Output: 0 | Cost: $0 | Duration: 450ms | Turns: 1
[2026-04-04T07:36:36Z] Iter 1333 | Total-in: 0 | Non-cached: 0 | Cache-read: 0 | Cache-create: 0 | Output: 0 | Cost: $0 | Duration: 505ms | Turns: 1
[2026-04-04T07:36:37Z] Iter 1333 | Total-in: 0 | Non-cached: 0 | Cache-read: 0 | Cache-create: 0 | Output: 0 | Cost: $0 | Duration: 562ms | Turns: 1
[2026-04-04T07:36:39Z] Iter 1332 | Total-in: 0 | Non-cached: 0 | Cache-read: 0 | Cache-create: 0 | Output: 0 | Cost: $0 | Duration: 505ms | Turns: 1
[2026-04-04T07:36:49Z] Iter 1326 | Total-in: 0 | Non-cached: 0 | Cache-read: 0 | Cache-create: 0 | Output: 0 | Cost: $0 | Duration: 1071ms | Turns: 1
[2026-04-04T07:36:51Z] Iter 1334 | Total-in: 0 | Non-cached: 0 | Cache-read: 0 | Cache-create: 0 | Output: 0 | Cost: $0 | Duration: 424ms | Turns: 1
[2026-04-04T07:36:54Z] Iter 1334 | Total-in: 0 | Non-cached: 0 | Cache-read: 0 | Cache-create: 0 | Output: 0 | Cost: $0 | Duration: 532ms | Turns: 1
[2026-04-04T07:36:54Z] Iter 1333 | Total-in: 0 | Non-cached: 0 | Cache-read: 0 | Cache-create: 0 | Output: 0 | Cost: $0 | Duration: 532ms | Turns: 1
[2026-04-04T07:37:03Z] Iter 1327 | Total-in: 0 | Non-cached: 0 | Cache-read: 0 | Cache-create: 0 | Output: 0 | Cost: $0 | Duration: 450ms | Turns: 1
[2026-04-04T07:37:07Z] Iter 1335 | Total-in: 0 | Non-cached: 0 | Cache-read: 0 | Cache-create: 0 | Output: 0 | Cost: $0 | Duration: 564ms | Turns: 1
[2026-04-04T07:37:10Z] Iter 1335 | Total-in: 0 | Non-cached: 0 | Cache-read: 0 | Cache-create: 0 | Output: 0 | Cost: $0 | Duration: 430ms | Turns: 1
[2026-04-04T07:37:10Z] Iter 1334 | Total-in: 0 | Non-cached: 0 | Cache-read: 0 | Cache-create: 0 | Output: 0 | Cost: $0 | Duration: 430ms | Turns: 1
[2026-04-04T07:37:19Z] Iter 1328 | Total-in: 0 | Non-cached: 0 | Cache-read: 0 | Cache-create: 0 | Output: 0 | Cost: $0 | Duration: 573ms | Turns: 1
[2026-04-04T07:37:23Z] Iter 1336 | Total-in: 0 | Non-cached: 0 | Cache-read: 0 | Cache-create: 0 | Output: 0 | Cost: $0 | Duration: 500ms | Turns: 1
[2026-04-04T07:37:26Z] Iter 1335 | Total-in: 0 | Non-cached: 0 | Cache-read: 0 | Cache-create: 0 | Output: 0 | Cost: $0 | Duration: 445ms | Turns: 1
[2026-04-04T07:37:27Z] Iter 1336 | Total-in: 0 | Non-cached: 0 | Cache-read: 0 | Cache-create: 0 | Output: 0 | Cost: $0 | Duration: 445ms | Turns: 1
[] Iter 1329 | No token data (result file empty or parse failed)
[2026-04-04T07:37:39Z] Iter 1337 | Total-in: 0 | Non-cached: 0 | Cache-read: 0 | Cache-create: 0 | Output: 0 | Cost: $0 | Duration: 486ms | Turns: 1
[] Iter 1336 | No token data (result file empty or parse failed)
[2026-04-04T07:37:43Z] Iter 1337 | Total-in: 0 | Non-cached: 0 | Cache-read: 0 | Cache-create: 0 | Output: 0 | Cost: $0 | Duration: 571ms | Turns: 1
[] Iter 1330 | No token data (result file empty or parse failed)
[2026-04-04T07:37:55Z] Iter 1338 | Total-in: 0 | Non-cached: 0 | Cache-read: 0 | Cache-create: 0 | Output: 0 | Cost: $0 | Duration: 594ms | Turns: 1
[2026-04-04T07:37:57Z] Iter 1337 | Total-in: 0 | Non-cached: 0 | Cache-read: 0 | Cache-create: 0 | Output: 0 | Cost: $0 | Duration: 648ms | Turns: 1
[2026-04-04T07:37:59Z] Iter 1338 | Total-in: 0 | Non-cached: 0 | Cache-read: 0 | Cache-create: 0 | Output: 0 | Cost: $0 | Duration: 477ms | Turns: 1
[2026-04-04T07:38:06Z] Iter 1331 | Total-in: 0 | Non-cached: 0 | Cache-read: 0 | Cache-create: 0 | Output: 0 | Cost: $0 | Duration: 1021ms | Turns: 1
[2026-04-04T07:38:12Z] Iter 1339 | Total-in: 0 | Non-cached: 0 | Cache-read: 0 | Cache-create: 0 | Output: 0 | Cost: $0 | Duration: 588ms | Turns: 1
[2026-04-04T07:38:14Z] Iter 1338 | Total-in: 0 | Non-cached: 0 | Cache-read: 0 | Cache-create: 0 | Output: 0 | Cost: $0 | Duration: 547ms | Turns: 1
[2026-04-04T07:38:16Z] Iter 1339 | Total-in: 0 | Non-cached: 0 | Cache-read: 0 | Cache-create: 0 | Output: 0 | Cost: $0 | Duration: 543ms | Turns: 1
[] Iter 1332 | No token data (result file empty or parse failed)
[2026-04-04T07:38:28Z] Iter 1340 | Total-in: 0 | Non-cached: 0 | Cache-read: 0 | Cache-create: 0 | Output: 0 | Cost: $0 | Duration: 477ms | Turns: 1
[2026-04-04T07:38:30Z] Iter 1339 | Total-in: 0 | Non-cached: 0 | Cache-read: 0 | Cache-create: 0 | Output: 0 | Cost: $0 | Duration: 533ms | Turns: 1
[2026-04-04T07:38:34Z] Iter 1340 | Total-in: 0 | Non-cached: 0 | Cache-read: 0 | Cache-create: 0 | Output: 0 | Cost: $0 | Duration: 579ms | Turns: 1
[2026-04-04T07:38:38Z] Iter 1333 | Total-in: 0 | Non-cached: 0 | Cache-read: 0 | Cache-create: 0 | Output: 0 | Cost: $0 | Duration: 645ms | Turns: 1
[2026-04-04T07:38:45Z] Iter 1341 | Total-in: 0 | Non-cached: 0 | Cache-read: 0 | Cache-create: 0 | Output: 0 | Cost: $0 | Duration: 500ms | Turns: 1
[2026-04-04T07:38:49Z] Iter 1340 | Total-in: 0 | Non-cached: 0 | Cache-read: 0 | Cache-create: 0 | Output: 0 | Cost: $0 | Duration: 449ms | Turns: 1
[2026-04-04T07:38:50Z] Iter 1341 | Total-in: 0 | Non-cached: 0 | Cache-read: 0 | Cache-create: 0 | Output: 0 | Cost: $0 | Duration: 484ms | Turns: 1
[2026-04-04T07:38:55Z] Iter 1334 | Total-in: 0 | Non-cached: 0 | Cache-read: 0 | Cache-create: 0 | Output: 0 | Cost: $0 | Duration: 508ms | Turns: 1
[2026-04-04T07:39:02Z] Iter 1342 | Total-in: 0 | Non-cached: 0 | Cache-read: 0 | Cache-create: 0 | Output: 0 | Cost: $0 | Duration: 1481ms | Turns: 1
[2026-04-04T07:39:05Z] Iter 1341 | Total-in: 0 | Non-cached: 0 | Cache-read: 0 | Cache-create: 0 | Output: 0 | Cost: $0 | Duration: 584ms | Turns: 1
[2026-04-04T07:39:07Z] Iter 1342 | Total-in: 0 | Non-cached: 0 | Cache-read: 0 | Cache-create: 0 | Output: 0 | Cost: $0 | Duration: 603ms | Turns: 1
[2026-04-04T07:39:12Z] Iter 1335 | Total-in: 0 | Non-cached: 0 | Cache-read: 0 | Cache-create: 0 | Output: 0 | Cost: $0 | Duration: 445ms | Turns: 1
[2026-04-04T07:39:19Z] Iter 1343 | Total-in: 0 | Non-cached: 0 | Cache-read: 0 | Cache-create: 0 | Output: 0 | Cost: $0 | Duration: 530ms | Turns: 1
[2026-04-04T07:39:22Z] Iter 1342 | Total-in: 0 | Non-cached: 0 | Cache-read: 0 | Cache-create: 0 | Output: 0 | Cost: $0 | Duration: 463ms | Turns: 1
[2026-04-04T07:39:24Z] Iter 1343 | Total-in: 0 | Non-cached: 0 | Cache-read: 0 | Cache-create: 0 | Output: 0 | Cost: $0 | Duration: 684ms | Turns: 1
[] Iter 1336 | No token data (result file empty or parse failed)
[2026-04-04T07:39:33Z] Iter 1344 | Total-in: 0 | Non-cached: 0 | Cache-read: 0 | Cache-create: 0 | Output: 0 | Cost: $0 | Duration: 448ms | Turns: 1
[2026-04-04T07:39:37Z] Iter 1343 | Total-in: 0 | Non-cached: 0 | Cache-read: 0 | Cache-create: 0 | Output: 0 | Cost: $0 | Duration: 494ms | Turns: 1
[2026-04-04T07:39:39Z] Iter 1344 | Total-in: 0 | Non-cached: 0 | Cache-read: 0 | Cache-create: 0 | Output: 0 | Cost: $0 | Duration: 744ms | Turns: 1
[2026-04-04T07:39:42Z] Iter 1337 | Total-in: 0 | Non-cached: 0 | Cache-read: 0 | Cache-create: 0 | Output: 0 | Cost: $0 | Duration: 1107ms | Turns: 1
[2026-04-04T07:39:48Z] Iter 1345 | Total-in: 0 | Non-cached: 0 | Cache-read: 0 | Cache-create: 0 | Output: 0 | Cost: $0 | Duration: 421ms | Turns: 1
[2026-04-04T07:39:52Z] Iter 1344 | Total-in: 0 | Non-cached: 0 | Cache-read: 0 | Cache-create: 0 | Output: 0 | Cost: $0 | Duration: 579ms | Turns: 1
[2026-04-04T07:39:53Z] Iter 1345 | Total-in: 0 | Non-cached: 0 | Cache-read: 0 | Cache-create: 0 | Output: 0 | Cost: $0 | Duration: 415ms | Turns: 1
[] Iter 1338 | No token data (result file empty or parse failed)
[2026-04-04T07:40:03Z] Iter 1346 | Total-in: 0 | Non-cached: 0 | Cache-read: 0 | Cache-create:  | Output: 0 | Cost: $ | Duration: ms | Turns: 
[2026-04-04T07:40:07Z] Iter 1345 | Total-in: 0 | Non-cached: 0 | Cache-read: 0 | Cache-create: 0 | Output: 0 | Cost: $0 | Duration: 451ms | Turns: 1
[2026-04-04T07:40:10Z] Iter 1346 | Total-in: 0 | Non-cached: 0 | Cache-read: 0 | Cache-create: 0 | Output: 0 | Cost: $0 | Duration: 747ms | Turns: 1
[2026-04-04T07:40:11Z] Iter 1339 | Total-in: 0 | Non-cached: 0 | Cache-read: 0 | Cache-create: 0 | Output: 0 | Cost: $0 | Duration: 424ms | Turns: 1
[] Iter 1347 | No token data (result file empty or parse failed)
[2026-04-04T07:40:22Z] Iter 1346 | Total-in: 0 | Non-cached: 0 | Cache-read: 0 | Cache-create: 0 | Output: 0 | Cost: $0 | Duration: 410ms | Turns: 1
[2026-04-04T07:40:25Z] Iter 1347 | Total-in: 0 | Non-cached: 0 | Cache-read: 0 | Cache-create: 0 | Output: 0 | Cost: $0 | Duration: ms | Turns: 
[2026-04-04T07:40:26Z] Iter 1340 | Total-in: 0 | Non-cached: 0 | Cache-read: 0 | Cache-create: 0 | Output: 0 | Cost: $0 | Duration: 392ms | Turns: 1
[2026-04-04T07:40:31Z] Iter 1348 | Total-in: 0 | Non-cached: 0 | Cache-read: 0 | Cache-create: 0 | Output: 0 | Cost: $0 | Duration: 734ms | Turns: 1
[2026-04-04T07:40:36Z] Iter 1347 | Total-in: 0 | Non-cached: 0 | Cache-read: 0 | Cache-create: 0 | Output: 0 | Cost: $0 | Duration: 427ms | Turns: 1
[2026-04-04T07:40:40Z] Iter 1348 | Total-in: 0 | Non-cached: 0 | Cache-read: 0 | Cache-create: 0 | Output: 0 | Cost: $0 | Duration: 520ms | Turns: 1
[2026-04-04T07:40:42Z] Iter 1341 | Total-in: 0 | Non-cached: 0 | Cache-read: 0 | Cache-create: 0 | Output: 0 | Cost: $0 | Duration: 563ms | Turns: 1
[2026-04-04T07:40:46Z] Iter 1349 | Total-in: 0 | Non-cached: 0 | Cache-read: 0 | Cache-create: 0 | Output: 0 | Cost: $0 | Duration: 557ms | Turns: 1
[2026-04-04T07:40:51Z] Iter 1348 | Total-in: 0 | Non-cached: 0 | Cache-read: 0 | Cache-create: 0 | Output: 0 | Cost: $0 | Duration: 496ms | Turns: 1
[] Iter 1349 | No token data (result file empty or parse failed)
[2026-04-04T07:40:57Z] Iter 1342 | Total-in: 0 | Non-cached: 0 | Cache-read: 0 | Cache-create: 0 | Output: 0 | Cost: $0 | Duration: 547ms | Turns: 1
[2026-04-04T07:41:01Z] Iter 1350 | Total-in: 0 | Non-cached: 0 | Cache-read: 0 | Cache-create: 0 | Output: 0 | Cost: $0 | Duration: 481ms | Turns: 1
[] Iter 1349 | No token data (result file empty or parse failed)
[2026-04-04T07:41:08Z] Iter 1350 | Total-in: 0 | Non-cached: 0 | Cache-read: 0 | Cache-create:  | Output: 0 | Cost: $ | Duration: ms | Turns: 
[2026-04-04T07:41:12Z] Iter 1343 | Total-in: 0 | Non-cached: 0 | Cache-read: 0 | Cache-create: 0 | Output: 0 | Cost: $0 | Duration: 436ms | Turns: 1
[2026-04-04T07:41:15Z] Iter 1351 | Total-in: 0 | Non-cached: 0 | Cache-read: 0 | Cache-create: 0 | Output: 0 | Cost: $0 | Duration: 444ms | Turns: 1
[2026-04-04T07:41:19Z] Iter 1350 | Total-in: 0 | Non-cached: 0 | Cache-read: 0 | Cache-create: 0 | Output: 0 | Cost: $0 | Duration: 497ms | Turns: 1
[2026-04-04T07:41:23Z] Iter 1351 | Total-in: 0 | Non-cached: 0 | Cache-read: 0 | Cache-create: 0 | Output: 0 | Cost: $0 | Duration: ms | Turns: 
[2026-04-04T07:41:27Z] Iter 1344 | Total-in: 0 | Non-cached: 0 | Cache-read: 0 | Cache-create: 0 | Output: 0 | Cost: $0 | Duration: 1004ms | Turns: 1
[2026-04-04T07:41:31Z] Iter 1352 | Total-in: 0 | Non-cached: 0 | Cache-read: 0 | Cache-create: 0 | Output: 0 | Cost: $0 | Duration: 469ms | Turns: 1
[2026-04-04T07:41:34Z] Iter 1351 | Total-in: 0 | Non-cached: 0 | Cache-read: 0 | Cache-create: 0 | Output: 0 | Cost: $0 | Duration: 427ms | Turns: 1
[2026-04-04T07:41:38Z] Iter 1352 | Total-in: 0 | Non-cached: 0 | Cache-read: 0 | Cache-create: 0 | Output: 0 | Cost: $0 | Duration: 552ms | Turns: 1
[] Iter 1345 | No token data (result file empty or parse failed)
[] Iter 1353 | No token data (result file empty or parse failed)
[2026-04-04T07:41:49Z] Iter 1352 | Total-in: 0 | Non-cached: 0 | Cache-read: 0 | Cache-create: 0 | Output: 0 | Cost: $0 | Duration: 476ms | Turns: 
[] Iter 1353 | No token data (result file empty or parse failed)
[2026-04-04T07:41:57Z] Iter 1346 | Total-in: 0 | Non-cached: 0 | Cache-read:  | Cache-create:  | Output:  | Cost: $ | Duration: ms | Turns: 
[2026-04-04T07:42:02Z] Iter 1354 | Total-in: 0 | Non-cached: 0 | Cache-read: 0 | Cache-create: 0 | Output: 0 | Cost: $0 | Duration: 1486ms | Turns: 1
[2026-04-04T07:42:05Z] Iter 1353 | Total-in: 0 | Non-cached: 0 | Cache-read: 0 | Cache-create: 0 | Output: 0 | Cost: $ | Duration: ms | Turns: 
[2026-04-04T07:42:09Z] Iter 1354 | Total-in: 0 | Non-cached: 0 | Cache-read: 0 | Cache-create: 0 | Output: 0 | Cost: $0 | Duration: ms | Turns: 
[2026-04-04T07:42:14Z] Iter 1347 | Total-in: 0 | Non-cached: 0 | Cache-read: 0 | Cache-create: 0 | Output: 0 | Cost: $0 | Duration: 591ms | Turns: 1
[] Iter 1355 | No token data (result file empty or parse failed)
[2026-04-04T07:42:21Z] Iter 1354 | Total-in: 0 | Non-cached: 0 | Cache-read: 0 | Cache-create: 0 | Output: 0 | Cost: $0 | Duration: 538ms | Turns: 1
[] Iter 1355 | No token data (result file empty or parse failed)
[2026-04-04T07:42:30Z] Iter 1348 | Total-in: 0 | Non-cached: 0 | Cache-read: 0 | Cache-create: 0 | Output: 0 | Cost: $0 | Duration: 463ms | Turns: 1
[] Iter 1356 | No token data (result file empty or parse failed)
[2026-04-04T07:42:37Z] Iter 1355 | Total-in: 0 | Non-cached: 0 | Cache-read: 0 | Cache-create: 0 | Output: 0 | Cost: $0 | Duration: 441ms | Turns: 1
[2026-04-04T07:42:41Z] Iter 1356 | Total-in: 0 | Non-cached: 0 | Cache-read: 0 | Cache-create: 0 | Output: 0 | Cost: $0 | Duration: 533ms | Turns: 1
[2026-04-04T07:42:46Z] Iter 1349 | Total-in: 0 | Non-cached: 0 | Cache-read: 0 | Cache-create: 0 | Output: 0 | Cost: $0 | Duration: 518ms | Turns: 1
[2026-04-04T07:42:49Z] Iter 1357 | Total-in: 0 | Non-cached: 0 | Cache-read: 0 | Cache-create: 0 | Output: 0 | Cost: $0 | Duration: 1262ms | Turns: 1
[2026-04-04T07:42:53Z] Iter 1356 | Total-in: 0 | Non-cached: 0 | Cache-read: 0 | Cache-create: 0 | Output: 0 | Cost: $0 | Duration: 498ms | Turns: 1
[2026-04-04T07:43:00Z] Iter 1357 | Total-in: 0 | Non-cached: 0 | Cache-read: 0 | Cache-create: 0 | Output: 0 | Cost: $0 | Duration: 460ms | Turns: 1
[2026-04-04T07:43:03Z] Iter 1350 | Total-in: 0 | Non-cached: 0 | Cache-read: 0 | Cache-create: 0 | Output: 0 | Cost: $0 | Duration: 496ms | Turns: 1
[2026-04-04T07:43:06Z] Iter 1358 | Total-in: 0 | Non-cached: 0 | Cache-read: 0 | Cache-create: 0 | Output: 0 | Cost: $0 | Duration: 579ms | Turns: 1
[2026-04-04T07:43:10Z] Iter 1357 | Total-in: 0 | Non-cached: 0 | Cache-read: 0 | Cache-create: 0 | Output: 0 | Cost: $0 | Duration: 661ms | Turns: 1
[2026-04-04T07:43:17Z] Iter 1358 | Total-in: 0 | Non-cached: 0 | Cache-read: 0 | Cache-create: 0 | Output: 0 | Cost: $0 | Duration: 447ms | Turns: 1
[2026-04-04T07:43:20Z] Iter 1351 | Total-in: 0 | Non-cached: 0 | Cache-read: 0 | Cache-create: 0 | Output: 0 | Cost: $0 | Duration: 696ms | Turns: 1
[] Iter 1359 | No token data (result file empty or parse failed)
[2026-04-04T07:43:27Z] Iter 1358 | Total-in: 0 | Non-cached: 0 | Cache-read: 0 | Cache-create: 0 | Output: 0 | Cost: $0 | Duration: 476ms | Turns: 1
[2026-04-04T07:43:34Z] Iter 1359 | Total-in: 0 | Non-cached: 0 | Cache-read: 0 | Cache-create: 0 | Output: 0 | Cost: $0 | Duration: 472ms | Turns: 1
[2026-04-04T07:43:38Z] Iter 1352 | Total-in: 0 | Non-cached: 0 | Cache-read: 0 | Cache-create: 0 | Output: 0 | Cost: $0 | Duration: 1679ms | Turns: 1
[] Iter 1360 | No token data (result file empty or parse failed)
[2026-04-04T07:43:44Z] Iter 1359 | Total-in: 0 | Non-cached: 0 | Cache-read: 0 | Cache-create: 0 | Output: 0 | Cost: $0 | Duration: 536ms | Turns: 1
[2026-04-04T07:43:51Z] Iter 1360 | Total-in: 0 | Non-cached: 0 | Cache-read: 0 | Cache-create: 0 | Output: 0 | Cost: $0 | Duration: 494ms | Turns: 1
[2026-04-04T07:43:53Z] Iter 1353 | Total-in: 0 | Non-cached: 0 | Cache-read: 0 | Cache-create: 0 | Output: 0 | Cost: $0 | Duration: 458ms | Turns: 1
[2026-04-04T07:43:56Z] Iter 1361 | Total-in: 0 | Non-cached: 0 | Cache-read: 0 | Cache-create: 0 | Output: 0 | Cost: $0 | Duration: 384ms | Turns: 1
[2026-04-04T07:43:58Z] Iter 1360 | Total-in: 0 | Non-cached: 0 | Cache-read: 0 | Cache-create: 0 | Output: 0 | Cost: $0 | Duration: 425ms | Turns: 1
[2026-04-04T07:44:04Z] Iter 1361 | Total-in: 0 | Non-cached: 0 | Cache-read: 0 | Cache-create: 0 | Output: 0 | Cost: $0 | Duration: 460ms | Turns: 1
[2026-04-04T07:44:07Z] Iter 1354 | Total-in: 0 | Non-cached: 0 | Cache-read: 0 | Cache-create: 0 | Output: 0 | Cost: $0 | Duration: 567ms | Turns: 1
[2026-04-04T07:44:10Z] Iter 1362 | Total-in: 0 | Non-cached: 0 | Cache-read: 0 | Cache-create: 0 | Output: 0 | Cost: $0 | Duration: 415ms | Turns: 1
[2026-04-04T07:44:13Z] Iter 1361 | Total-in: 0 | Non-cached: 0 | Cache-read: 0 | Cache-create: 0 | Output: 0 | Cost: $0 | Duration: 1676ms | Turns: 1
[2026-04-04T07:44:19Z] Iter 1362 | Total-in: 0 | Non-cached: 0 | Cache-read: 0 | Cache-create: 0 | Output: 0 | Cost: $0 | Duration: 435ms | Turns: 1
[2026-04-04T07:44:22Z] Iter 1355 | Total-in: 0 | Non-cached: 0 | Cache-read: 0 | Cache-create: 0 | Output: 0 | Cost: $0 | Duration: 514ms | Turns: 1
[2026-04-04T07:44:24Z] Iter 1363 | Total-in: 0 | Non-cached: 0 | Cache-read: 0 | Cache-create: 0 | Output: 0 | Cost: $0 | Duration: 538ms | Turns: 1
[2026-04-04T07:44:28Z] Iter 1362 | Total-in: 0 | Non-cached: 0 | Cache-read: 0 | Cache-create: 0 | Output: 0 | Cost: $0 | Duration: 486ms | Turns: 1
[2026-04-04T07:44:33Z] Iter 1363 | Total-in: 0 | Non-cached: 0 | Cache-read: 0 | Cache-create: 0 | Output: 0 | Cost: $0 | Duration: 969ms | Turns: 1
[2026-04-04T07:44:37Z] Iter 1356 | Total-in: 0 | Non-cached: 0 | Cache-read: 0 | Cache-create: 0 | Output: 0 | Cost: $0 | Duration: 533ms | Turns: 1
[2026-04-04T07:44:39Z] Iter 1364 | Total-in: 0 | Non-cached: 0 | Cache-read: 0 | Cache-create: 0 | Output: 0 | Cost: $0 | Duration: 458ms | Turns: 1
[2026-04-04T07:44:42Z] Iter 1363 | Total-in: 0 | Non-cached: 0 | Cache-read: 0 | Cache-create: 0 | Output: 0 | Cost: $0 | Duration: 458ms | Turns: 1
[2026-04-04T07:44:48Z] Iter 1364 | Total-in: 0 | Non-cached: 0 | Cache-read: 0 | Cache-create: 0 | Output: 0 | Cost: $0 | Duration: 493ms | Turns: 1
[2026-04-04T07:44:51Z] Iter 1357 | Total-in: 0 | Non-cached: 0 | Cache-read: 0 | Cache-create: 0 | Output: 0 | Cost: $0 | Duration: 485ms | Turns: 1
[2026-04-04T07:44:54Z] Iter 1365 | Total-in: 0 | Non-cached: 0 | Cache-read: 0 | Cache-create: 0 | Output: 0 | Cost: $0 | Duration: 459ms | Turns: 1
[2026-04-04T07:44:57Z] Iter 1364 | Total-in: 0 | Non-cached: 0 | Cache-read: 0 | Cache-create: 0 | Output: 0 | Cost: $0 | Duration: 1397ms | Turns: 1
[] Iter 1365 | No token data (result file empty or parse failed)
[2026-04-04T07:45:06Z] Iter 1358 | Total-in: 0 | Non-cached: 0 | Cache-read: 0 | Cache-create: 0 | Output: 0 | Cost: $0 | Duration: 504ms | Turns: 1
[2026-04-04T07:45:08Z] Iter 1366 | Total-in: 0 | Non-cached: 0 | Cache-read: 0 | Cache-create: 0 | Output: 0 | Cost: $0 | Duration: 455ms | Turns: 1
[2026-04-04T07:45:12Z] Iter 1365 | Total-in: 0 | Non-cached: 0 | Cache-read: 0 | Cache-create: 0 | Output: 0 | Cost: $0 | Duration: 503ms | Turns: 1
[2026-04-04T07:45:16Z] Iter 1366 | Total-in: 0 | Non-cached: 0 | Cache-read: 0 | Cache-create: 0 | Output: 0 | Cost: $0 | Duration: 499ms | Turns: 1
[2026-04-04T07:45:20Z] Iter 1359 | Total-in: 0 | Non-cached: 0 | Cache-read: 0 | Cache-create: 0 | Output: 0 | Cost: $0 | Duration: 501ms | Turns: 1
[2026-04-04T07:45:22Z] Iter 1367 | Total-in: 0 | Non-cached: 0 | Cache-read: 0 | Cache-create: 0 | Output: 0 | Cost: $0 | Duration: 410ms | Turns: 1
[2026-04-04T07:45:26Z] Iter 1366 | Total-in: 0 | Non-cached: 0 | Cache-read: 0 | Cache-create: 0 | Output: 0 | Cost: $0 | Duration: 463ms | Turns: 1
[2026-04-04T07:45:31Z] Iter 1367 | Total-in: 0 | Non-cached: 0 | Cache-read: 0 | Cache-create: 0 | Output: 0 | Cost: $0 | Duration: 538ms | Turns: 1
[2026-04-04T07:45:36Z] Iter 1360 | Total-in: 0 | Non-cached: 0 | Cache-read: 0 | Cache-create: 0 | Output: 0 | Cost: $0 | Duration: 581ms | Turns: 1
[2026-04-04T07:45:37Z] Iter 1368 | Total-in: 0 | Non-cached: 0 | Cache-read: 0 | Cache-create: 0 | Output: 0 | Cost: $0 | Duration: 529ms | Turns: 1
[2026-04-04T07:45:42Z] Iter 1367 | Total-in: 0 | Non-cached: 0 | Cache-read: 0 | Cache-create: 0 | Output: 0 | Cost: $0 | Duration: 403ms | Turns: 1
[2026-04-04T07:45:47Z] Iter 1368 | Total-in: 0 | Non-cached: 0 | Cache-read: 0 | Cache-create: 0 | Output: 0 | Cost: $0 | Duration: 489ms | Turns: 1
[2026-04-04T07:45:51Z] Iter 1361 | Total-in: 0 | Non-cached: 0 | Cache-read: 0 | Cache-create: 0 | Output: 0 | Cost: $0 | Duration: 483ms | Turns: 1
[2026-04-04T07:45:53Z] Iter 1369 | Total-in: 0 | Non-cached: 0 | Cache-read: 0 | Cache-create: 0 | Output: 0 | Cost: $0 | Duration: 435ms | Turns: 1
[2026-04-04T07:45:59Z] Iter 1368 | Total-in: 0 | Non-cached: 0 | Cache-read:  | Cache-create:  | Output:  | Cost: $ | Duration: ms | Turns: 
[2026-04-04T07:46:02Z] Iter 1369 | Total-in: 0 | Non-cached: 0 | Cache-read: 0 | Cache-create: 0 | Output: 0 | Cost: $0 | Duration: 518ms | Turns: 1
[2026-04-04T07:46:08Z] Iter 1362 | Total-in: 0 | Non-cached: 0 | Cache-read: 0 | Cache-create: 0 | Output: 0 | Cost: $0 | Duration: 1237ms | Turns: 1
[2026-04-04T07:46:09Z] Iter 1370 | Total-in: 0 | Non-cached: 0 | Cache-read: 0 | Cache-create: 0 | Output: 0 | Cost: $0 | Duration: 472ms | Turns: 1
[2026-04-04T07:46:16Z] Iter 1369 | Total-in: 0 | Non-cached: 0 | Cache-read:  | Cache-create:  | Output:  | Cost: $ | Duration: ms | Turns: 
[2026-04-04T07:46:20Z] Iter 1370 | Total-in: 0 | Non-cached: 0 | Cache-read: 0 | Cache-create: 0 | Output: 0 | Cost: $0 | Duration: 547ms | Turns: 1
[2026-04-04T07:46:23Z] Iter 1363 | Total-in: 0 | Non-cached: 0 | Cache-read: 0 | Cache-create: 0 | Output: 0 | Cost: $0 | Duration: 528ms | Turns: 1
[2026-04-04T07:46:25Z] Iter 1371 | Total-in: 0 | Non-cached: 0 | Cache-read: 0 | Cache-create: 0 | Output: 0 | Cost: $0 | Duration: 455ms | Turns: 1
[] Iter 1370 | No token data (result file empty or parse failed)
[2026-04-04T07:46:35Z] Iter 1371 | Total-in: 0 | Non-cached: 0 | Cache-read: 0 | Cache-create: 0 | Output: 0 | Cost: $0 | Duration: 445ms | Turns: 1
[] Iter 1364 | No token data (result file empty or parse failed)
[2026-04-04T07:46:41Z] Iter 1372 | Total-in: 0 | Non-cached: 0 | Cache-read: 0 | Cache-create: 0 | Output: 0 | Cost: $0 | Duration: 449ms | Turns: 1
[] Iter 1371 | No token data (result file empty or parse failed)
[2026-04-04T07:46:52Z] Iter 1372 | Total-in: 0 | Non-cached: 0 | Cache-read: 0 | Cache-create: 0 | Output: 0 | Cost: $0 | Duration: 462ms | Turns: 1
[2026-04-04T07:46:55Z] Iter 1365 | Total-in: 0 | Non-cached: 0 | Cache-read: 0 | Cache-create: 0 | Output: 0 | Cost: $0 | Duration: 1564ms | Turns: 1
[2026-04-04T07:46:57Z] Iter 1373 | Total-in: 0 | Non-cached: 0 | Cache-read: 0 | Cache-create: 0 | Output: 0 | Cost: $0 | Duration: 520ms | Turns: 1
[2026-04-04T07:47:03Z] Iter 1372 | Total-in: 0 | Non-cached: 0 | Cache-read: 0 | Cache-create: 0 | Output: 0 | Cost: $0 | Duration: 1001ms | Turns: 1
[2026-04-04T07:47:10Z] Iter 1373 | Total-in: 0 | Non-cached: 0 | Cache-read: 0 | Cache-create: 0 | Output: 0 | Cost: $0 | Duration: 540ms | Turns: 1
[2026-04-04T07:47:12Z] Iter 1366 | Total-in: 0 | Non-cached: 0 | Cache-read: 0 | Cache-create: 0 | Output: 0 | Cost: $0 | Duration: 524ms | Turns: 1
[2026-04-04T07:47:14Z] Iter 1374 | Total-in: 0 | Non-cached: 0 | Cache-read: 0 | Cache-create: 0 | Output: 0 | Cost: $0 | Duration: 475ms | Turns: 1
[2026-04-04T07:47:19Z] Iter 1373 | Total-in: 0 | Non-cached: 0 | Cache-read: 0 | Cache-create: 0 | Output: 0 | Cost: $0 | Duration: 440ms | Turns: 1
[2026-04-04T07:47:27Z] Iter 1374 | Total-in: 0 | Non-cached: 0 | Cache-read: 0 | Cache-create: 0 | Output: 0 | Cost: $0 | Duration: 508ms | Turns: 1
[2026-04-04T07:47:30Z] Iter 1367 | Total-in: 0 | Non-cached: 0 | Cache-read: 0 | Cache-create: 0 | Output: 0 | Cost: $0 | Duration: 526ms | Turns: 1
[2026-04-04T07:47:32Z] Iter 1375 | Total-in: 0 | Non-cached: 0 | Cache-read: 0 | Cache-create: 0 | Output: 0 | Cost: $0 | Duration: 458ms | Turns: 1
[] Iter 1374 | No token data (result file empty or parse failed)
[] Iter 1375 | No token data (result file empty or parse failed)
[2026-04-04T07:47:46Z] Iter 1368 | Total-in: 0 | Non-cached: 0 | Cache-read: 0 | Cache-create: 0 | Output: 0 | Cost: $0 | Duration: 491ms | Turns: 1
[2026-04-04T07:47:49Z] Iter 1376 | Total-in: 0 | Non-cached: 0 | Cache-read: 0 | Cache-create: 0 | Output: 0 | Cost: $0 | Duration: 536ms | Turns: 1
[2026-04-04T07:47:52Z] Iter 1375 | Total-in: 0 | Non-cached: 0 | Cache-read: 0 | Cache-create: 0 | Output: 0 | Cost: $0 | Duration: 518ms | Turns: 1
[] Iter 1376 | No token data (result file empty or parse failed)
[2026-04-04T07:48:02Z] Iter 1369 | Total-in: 0 | Non-cached: 0 | Cache-read: 0 | Cache-create: 0 | Output: 0 | Cost: $0 | Duration: 500ms | Turns: 1
[2026-04-04T07:48:04Z] Iter 1377 | Total-in: 0 | Non-cached: 0 | Cache-read: 0 | Cache-create: 0 | Output: 0 | Cost: $0 | Duration: 536ms | Turns: 1
[2026-04-04T07:48:06Z] Iter 1376 | Total-in: 0 | Non-cached: 0 | Cache-read: 0 | Cache-create: 0 | Output: 0 | Cost: $0 | Duration: 445ms | Turns: 1
[2026-04-04T07:48:13Z] Iter 1377 | Total-in: 0 | Non-cached: 0 | Cache-read: 0 | Cache-create: 0 | Output: 0 | Cost: $0 | Duration: 613ms | Turns: 1
[2026-04-04T07:48:17Z] Iter 1370 | Total-in: 0 | Non-cached: 0 | Cache-read: 0 | Cache-create: 0 | Output: 0 | Cost: $0 | Duration: 419ms | Turns: 1
[2026-04-04T07:48:18Z] Iter 1378 | Total-in: 0 | Non-cached: 0 | Cache-read: 0 | Cache-create: 0 | Output: 0 | Cost: $0 | Duration: 419ms | Turns: 1
[] Iter 1377 | No token data (result file empty or parse failed)
[2026-04-04T07:48:27Z] Iter 1378 | Total-in: 0 | Non-cached: 0 | Cache-read: 0 | Cache-create: 0 | Output: 0 | Cost: $0 | Duration: 463ms | Turns: 1
[2026-04-04T07:48:32Z] Iter 1371 | Total-in: 0 | Non-cached: 0 | Cache-read: 0 | Cache-create: 0 | Output: 0 | Cost: $0 | Duration: 403ms | Turns: 1
[2026-04-04T07:48:33Z] Iter 1379 | Total-in: 0 | Non-cached: 0 | Cache-read: 0 | Cache-create: 0 | Output: 0 | Cost: $0 | Duration: 402ms | Turns: 1
[2026-04-04T07:48:36Z] Iter 1378 | Total-in: 0 | Non-cached: 0 | Cache-read: 0 | Cache-create: 0 | Output: 0 | Cost: $0 | Duration: 648ms | Turns: 1
[] Iter 1379 | No token data (result file empty or parse failed)
[2026-04-04T07:48:46Z] Iter 1372 | Total-in: 0 | Non-cached: 0 | Cache-read: 0 | Cache-create: 0 | Output: 0 | Cost: $0 | Duration: 623ms | Turns: 1
[2026-04-04T07:48:48Z] Iter 1380 | Total-in: 0 | Non-cached: 0 | Cache-read: 0 | Cache-create: 0 | Output: 0 | Cost: $0 | Duration: 533ms | Turns: 1
[2026-04-04T07:48:52Z] Iter 1379 | Total-in: 0 | Non-cached: 0 | Cache-read: 0 | Cache-create: 0 | Output: 0 | Cost: $0 | Duration: 786ms | Turns: 1
[2026-04-04T07:48:54Z] Iter 1380 | Total-in: 0 | Non-cached: 0 | Cache-read: 0 | Cache-create: 0 | Output: 0 | Cost: $0 | Duration: 454ms | Turns: 1
[2026-04-04T07:49:01Z] Iter 1373 | Total-in: 0 | Non-cached: 0 | Cache-read: 0 | Cache-create: 0 | Output: 0 | Cost: $0 | Duration: 483ms | Turns: 1
[] Iter 1381 | No token data (result file empty or parse failed)
[2026-04-04T07:49:06Z] Iter 1380 | Total-in: 0 | Non-cached: 0 | Cache-read: 0 | Cache-create: 0 | Output: 0 | Cost: $0 | Duration: 424ms | Turns: 1
[2026-04-04T07:49:09Z] Iter 1381 | Total-in: 0 | Non-cached: 0 | Cache-read: 0 | Cache-create: 0 | Output: 0 | Cost: $0 | Duration: 422ms | Turns: 
[2026-04-04T07:49:15Z] Iter 1374 | Total-in: 0 | Non-cached: 0 | Cache-read: 0 | Cache-create: 0 | Output: 0 | Cost: $0 | Duration: 439ms | Turns: 1
[2026-04-04T07:49:18Z] Iter 1382 | Total-in: 0 | Non-cached: 0 | Cache-read: 0 | Cache-create: 0 | Output: 0 | Cost: $0 | Duration: 1418ms | Turns: 1
[2026-04-04T07:49:22Z] Iter 1381 | Total-in: 0 | Non-cached: 0 | Cache-read: 0 | Cache-create: 0 | Output: 0 | Cost: $0 | Duration: 404ms | Turns: 1
[] Iter 1382 | No token data (result file empty or parse failed)
[2026-04-04T07:49:30Z] Iter 1375 | Total-in: 0 | Non-cached: 0 | Cache-read: 0 | Cache-create: 0 | Output: 0 | Cost: $ | Duration: ms | Turns: 
[2026-04-04T07:49:33Z] Iter 1383 | Total-in: 0 | Non-cached: 0 | Cache-read: 0 | Cache-create: 0 | Output: 0 | Cost: $0 | Duration: 494ms | Turns: 1
[2026-04-04T07:49:37Z] Iter 1382 | Total-in: 0 | Non-cached: 0 | Cache-read: 0 | Cache-create: 0 | Output: 0 | Cost: $0 | Duration: 479ms | Turns: 1
[] Iter 1383 | No token data (result file empty or parse failed)
[2026-04-04T07:49:44Z] Iter 1376 | Total-in: 0 | Non-cached: 0 | Cache-read: 0 | Cache-create: 0 | Output: 0 | Cost: $0 | Duration: ms | Turns: 
[2026-04-04T07:49:47Z] Iter 1384 | Total-in: 0 | Non-cached: 0 | Cache-read: 0 | Cache-create: 0 | Output: 0 | Cost: $0 | Duration: 466ms | Turns: 1
[] Iter 1383 | No token data (result file empty or parse failed)
[2026-04-04T07:49:53Z] Iter 1384 | Total-in: 0 | Non-cached: 0 | Cache-read: 0 | Cache-create: 0 | Output: 0 | Cost: $0 | Duration: 549ms | Turns: 1
[2026-04-04T07:49:59Z] Iter 1377 | Total-in: 0 | Non-cached: 0 | Cache-read: 0 | Cache-create: 0 | Output: 0 | Cost: $0 | Duration: 488ms | Turns: 1
[2026-04-04T07:50:03Z] Iter 1385 | Total-in: 0 | Non-cached: 0 | Cache-read: 0 | Cache-create: 0 | Output: 0 | Cost: $0 | Duration: 702ms | Turns: 1
[2026-04-04T07:50:07Z] Iter 1384 | Total-in: 0 | Non-cached: 0 | Cache-read: 0 | Cache-create: 0 | Output: 0 | Cost: $ | Duration: ms | Turns: 
[2026-04-04T07:50:08Z] Iter 1385 | Total-in: 0 | Non-cached: 0 | Cache-read: 0 | Cache-create: 0 | Output: 0 | Cost: $0 | Duration: 524ms | Turns: 1
[2026-04-04T07:50:14Z] Iter 1378 | Total-in: 0 | Non-cached: 0 | Cache-read: 0 | Cache-create: 0 | Output: 0 | Cost: $0 | Duration: 445ms | Turns: 1
[2026-04-04T07:50:18Z] Iter 1386 | Total-in: 0 | Non-cached: 0 | Cache-read: 0 | Cache-create: 0 | Output: 0 | Cost: $0 | Duration: 627ms | Turns: 1
[] Iter 1385 | No token data (result file empty or parse failed)
[2026-04-04T07:50:24Z] Iter 1386 | Total-in: 0 | Non-cached: 0 | Cache-read: 0 | Cache-create: 0 | Output: 0 | Cost: $0 | Duration: 564ms | Turns: 1
[2026-04-04T07:50:30Z] Iter 1379 | Total-in: 0 | Non-cached: 0 | Cache-read: 0 | Cache-create: 0 | Output: 0 | Cost: $0 | Duration: 437ms | Turns: 1
[2026-04-04T07:50:35Z] Iter 1387 | Total-in: 0 | Non-cached: 0 | Cache-read: 0 | Cache-create: 0 | Output: 0 | Cost: $0 | Duration: 1642ms | Turns: 1
[2026-04-04T07:50:37Z] Iter 1386 | Total-in: 0 | Non-cached: 0 | Cache-read: 0 | Cache-create: 0 | Output: 0 | Cost: $0 | Duration: 587ms | Turns: 1
[2026-04-04T07:50:40Z] Iter 1387 | Total-in: 0 | Non-cached: 0 | Cache-read: 0 | Cache-create: 0 | Output: 0 | Cost: $0 | Duration: 506ms | Turns: 1
[2026-04-04T07:50:46Z] Iter 1380 | Total-in: 0 | Non-cached: 0 | Cache-read: 0 | Cache-create: 0 | Output: 0 | Cost: $0 | Duration: 464ms | Turns: 1
[2026-04-04T07:50:51Z] Iter 1388 | Total-in: 0 | Non-cached: 0 | Cache-read: 0 | Cache-create: 0 | Output: 0 | Cost: $0 | Duration: 863ms | Turns: 1
[2026-04-04T07:50:52Z] Iter 1387 | Total-in: 0 | Non-cached: 0 | Cache-read: 0 | Cache-create: 0 | Output: 0 | Cost: $0 | Duration: 431ms | Turns: 1
[2026-04-04T07:50:55Z] Iter 1388 | Total-in: 0 | Non-cached: 0 | Cache-read: 0 | Cache-create: 0 | Output: 0 | Cost: $0 | Duration: 481ms | Turns: 1
[2026-04-04T07:51:01Z] Iter 1381 | Total-in: 0 | Non-cached: 0 | Cache-read: 0 | Cache-create: 0 | Output: 0 | Cost: $0 | Duration: 522ms | Turns: 1
[2026-04-04T07:51:07Z] Iter 1389 | Total-in: 0 | Non-cached: 0 | Cache-read: 0 | Cache-create: 0 | Output: 0 | Cost: $0 | Duration: 569ms | Turns: 1
[2026-04-04T07:51:08Z] Iter 1388 | Total-in: 0 | Non-cached: 0 | Cache-read: 0 | Cache-create: 0 | Output: 0 | Cost: $0 | Duration: 482ms | Turns: 1
[2026-04-04T07:51:11Z] Iter 1389 | Total-in: 0 | Non-cached: 0 | Cache-read: 0 | Cache-create: 0 | Output: 0 | Cost: $0 | Duration: 640ms | Turns: 1
[] Iter 1382 | No token data (result file empty or parse failed)
[2026-04-04T07:51:23Z] Iter 1390 | Total-in: 0 | Non-cached: 0 | Cache-read: 0 | Cache-create: 0 | Output: 0 | Cost: $0 | Duration: 522ms | Turns: 1
[2026-04-04T07:51:24Z] Iter 1389 | Total-in: 0 | Non-cached: 0 | Cache-read: 0 | Cache-create: 0 | Output: 0 | Cost: $0 | Duration: 439ms | Turns: 1
[2026-04-04T07:51:27Z] Iter 1390 | Total-in: 0 | Non-cached: 0 | Cache-read: 0 | Cache-create: 0 | Output: 0 | Cost: $0 | Duration: 510ms | Turns: 1
[2026-04-04T07:51:31Z] Iter 1383 | Total-in: 0 | Non-cached: 0 | Cache-read: 0 | Cache-create: 0 | Output: 0 | Cost: $0 | Duration: 565ms | Turns: 1
[2026-04-04T07:51:39Z] Iter 1391 | Total-in: 0 | Non-cached: 0 | Cache-read: 0 | Cache-create: 0 | Output: 0 | Cost: $0 | Duration: 547ms | Turns: 1
[2026-04-04T07:51:41Z] Iter 1390 | Total-in: 0 | Non-cached: 0 | Cache-read: 0 | Cache-create: 0 | Output: 0 | Cost: $0 | Duration: 508ms | Turns: 1
[2026-04-04T07:51:43Z] Iter 1391 | Total-in: 0 | Non-cached: 0 | Cache-read: 0 | Cache-create: 0 | Output: 0 | Cost: $0 | Duration: 571ms | Turns: 1
[2026-04-04T07:51:48Z] Iter 1384 | Total-in: 0 | Non-cached: 0 | Cache-read: 0 | Cache-create: 0 | Output: 0 | Cost: $0 | Duration: 535ms | Turns: 1
[2026-04-04T07:51:56Z] Iter 1392 | Total-in: 0 | Non-cached: 0 | Cache-read: 0 | Cache-create:  | Output: 0 | Cost: $ | Duration: ms | Turns: 
[2026-04-04T07:51:58Z] Iter 1391 | Total-in: 0 | Non-cached: 0 | Cache-read: 0 | Cache-create: 0 | Output: 0 | Cost: $0 | Duration: 479ms | Turns: 1
[2026-04-04T07:52:01Z] Iter 1392 | Total-in: 0 | Non-cached: 0 | Cache-read: 0 | Cache-create: 0 | Output: 0 | Cost: $0 | Duration: 580ms | Turns: 1
[2026-04-04T07:52:06Z] Iter 1385 | Total-in: 0 | Non-cached: 0 | Cache-read:  | Cache-create:  | Output: 0 | Cost: $ | Duration: ms | Turns: 
[2026-04-04T07:52:13Z] Iter 1393 | Total-in: 0 | Non-cached: 0 | Cache-read: 0 | Cache-create: 0 | Output: 0 | Cost: $0 | Duration: 491ms | Turns: 1
[2026-04-04T07:52:15Z] Iter 1392 | Total-in: 0 | Non-cached: 0 | Cache-read: 0 | Cache-create: 0 | Output: 0 | Cost: $0 | Duration: 536ms | Turns: 1
[2026-04-04T07:52:18Z] Iter 1393 | Total-in: 0 | Non-cached: 0 | Cache-read: 0 | Cache-create: 0 | Output: 0 | Cost: $0 | Duration: 461ms | Turns: 1
[2026-04-04T07:52:23Z] Iter 1386 | Total-in: 0 | Non-cached: 0 | Cache-read: 0 | Cache-create:  | Output: 0 | Cost: $ | Duration: ms | Turns: 
[2026-04-04T07:52:30Z] Iter 1394 | Total-in: 0 | Non-cached: 0 | Cache-read: 0 | Cache-create: 0 | Output: 0 | Cost: $0 | Duration: 542ms | Turns: 1
[2026-04-04T07:52:33Z] Iter 1393 | Total-in: 0 | Non-cached: 0 | Cache-read: 0 | Cache-create: 0 | Output: 0 | Cost: $0 | Duration: 536ms | Turns: 1
[2026-04-04T07:52:35Z] Iter 1394 | Total-in: 0 | Non-cached: 0 | Cache-read: 0 | Cache-create: 0 | Output: 0 | Cost: $0 | Duration: 500ms | Turns: 1
[2026-04-04T07:52:40Z] Iter 1387 | Total-in: 0 | Non-cached: 0 | Cache-read: 0 | Cache-create: 0 | Output: 0 | Cost: $0 | Duration: 526ms | Turns: 1
[2026-04-04T07:52:47Z] Iter 1395 | Total-in: 0 | Non-cached: 0 | Cache-read: 0 | Cache-create: 0 | Output: 0 | Cost: $0 | Duration: 391ms | Turns: 1
[2026-04-04T07:52:49Z] Iter 1394 | Total-in: 0 | Non-cached: 0 | Cache-read: 0 | Cache-create: 0 | Output: 0 | Cost: $0 | Duration: 791ms | Turns: 1
[2026-04-04T07:52:50Z] Iter 1395 | Total-in: 0 | Non-cached: 0 | Cache-read: 0 | Cache-create: 0 | Output: 0 | Cost: $0 | Duration: 482ms | Turns: 1
[2026-04-04T07:52:54Z] Iter 1388 | Total-in: 0 | Non-cached: 0 | Cache-read:  | Cache-create:  | Output:  | Cost: $ | Duration: ms | Turns: 
[2026-04-04T07:53:01Z] Iter 1396 | Total-in: 0 | Non-cached: 0 | Cache-read: 0 | Cache-create: 0 | Output: 0 | Cost: $0 | Duration: 606ms | Turns: 1
[2026-04-04T07:53:04Z] Iter 1395 | Total-in: 0 | Non-cached: 0 | Cache-read: 0 | Cache-create: 0 | Output: 0 | Cost: $0 | Duration: 443ms | Turns: 1
[2026-04-04T07:53:05Z] Iter 1396 | Total-in: 0 | Non-cached: 0 | Cache-read: 0 | Cache-create: 0 | Output: 0 | Cost: $0 | Duration: 513ms | Turns: 1
[] Iter 1389 | No token data (result file empty or parse failed)
[2026-04-04T07:53:15Z] Iter 1397 | Total-in: 0 | Non-cached: 0 | Cache-read: 0 | Cache-create: 0 | Output: 0 | Cost: $0 | Duration: 411ms | Turns: 1
[2026-04-04T07:53:18Z] Iter 1396 | Total-in: 0 | Non-cached: 0 | Cache-read: 0 | Cache-create: 0 | Output: 0 | Cost: $0 | Duration: 487ms | Turns: 1
[2026-04-04T07:53:19Z] Iter 1397 | Total-in: 0 | Non-cached: 0 | Cache-read: 0 | Cache-create: 0 | Output: 0 | Cost: $0 | Duration: 506ms | Turns: 1
[2026-04-04T07:53:22Z] Iter 1390 | Total-in: 0 | Non-cached: 0 | Cache-read: 0 | Cache-create: 0 | Output: 0 | Cost: $0 | Duration: 488ms | Turns: 1
[2026-04-04T07:53:30Z] Iter 1398 | Total-in: 0 | Non-cached: 0 | Cache-read: 0 | Cache-create: 0 | Output: 0 | Cost: $0 | Duration: 752ms | Turns: 1
[2026-04-04T07:53:33Z] Iter 1397 | Total-in: 0 | Non-cached: 0 | Cache-read: 0 | Cache-create: 0 | Output: 0 | Cost: $0 | Duration: 945ms | Turns: 1
[2026-04-04T07:53:35Z] Iter 1398 | Total-in: 0 | Non-cached: 0 | Cache-read: 0 | Cache-create: 0 | Output: 0 | Cost: $0 | Duration: 493ms | Turns: 1
[2026-04-04T07:53:37Z] Iter 1391 | Total-in: 0 | Non-cached: 0 | Cache-read: 0 | Cache-create: 0 | Output: 0 | Cost: $0 | Duration: 396ms | Turns: 1
[] Iter 1399 | No token data (result file empty or parse failed)
[2026-04-04T07:53:47Z] Iter 1398 | Total-in: 0 | Non-cached: 0 | Cache-read: 0 | Cache-create: 0 | Output: 0 | Cost: $0 | Duration: 431ms | Turns: 1
[2026-04-04T07:53:50Z] Iter 1399 | Total-in: 0 | Non-cached: 0 | Cache-read: 0 | Cache-create: 0 | Output: 0 | Cost: $0 | Duration: 392ms | Turns: 1
[2026-04-04T07:53:51Z] Iter 1392 | Total-in: 0 | Non-cached: 0 | Cache-read: 0 | Cache-create: 0 | Output: 0 | Cost: $0 | Duration: 408ms | Turns: 1
[] Iter 1400 | No token data (result file empty or parse failed)
[2026-04-04T07:54:02Z] Iter 1399 | Total-in: 0 | Non-cached: 0 | Cache-read: 0 | Cache-create: 0 | Output: 0 | Cost: $0 | Duration: 451ms | Turns: 1
[] Iter 1400 | No token data (result file empty or parse failed)
[2026-04-04T07:54:06Z] Iter 1393 | Total-in: 0 | Non-cached: 0 | Cache-read: 0 | Cache-create: 0 | Output: 0 | Cost: $0 | Duration: 551ms | Turns: 1
[2026-04-04T07:54:11Z] Iter 1401 | Total-in: 0 | Non-cached: 0 | Cache-read: 0 | Cache-create: 0 | Output: 0 | Cost: $0 | Duration: 439ms | Turns: 1
[2026-04-04T07:54:17Z] Iter 1400 | Total-in: 0 | Non-cached: 0 | Cache-read: 0 | Cache-create: 0 | Output: 0 | Cost: $0 | Duration: 458ms | Turns: 1
[2026-04-04T07:54:18Z] Iter 1401 | Total-in: 0 | Non-cached: 0 | Cache-read: 0 | Cache-create: 0 | Output: 0 | Cost: $0 | Duration: 418ms | Turns: 1
[2026-04-04T07:54:21Z] Iter 1394 | Total-in: 0 | Non-cached: 0 | Cache-read: 0 | Cache-create: 0 | Output: 0 | Cost: $0 | Duration: 529ms | Turns: 1
[] Iter 1402 | No token data (result file empty or parse failed)
[] Iter 1401 | No token data (result file empty or parse failed)
[2026-04-04T07:54:33Z] Iter 1402 | Total-in: 0 | Non-cached: 0 | Cache-read: 0 | Cache-create: 0 | Output: 0 | Cost: $0 | Duration: 495ms | Turns: 1
[2026-04-04T07:54:36Z] Iter 1395 | Total-in: 0 | Non-cached: 0 | Cache-read: 0 | Cache-create: 0 | Output: 0 | Cost: $0 | Duration: 423ms | Turns: 1
[2026-04-04T07:54:39Z] Iter 1403 | Total-in: 0 | Non-cached: 0 | Cache-read: 0 | Cache-create: 0 | Output: 0 | Cost: $0 | Duration: 560ms | Turns: 1
[2026-04-04T07:54:46Z] Iter 1402 | Total-in: 0 | Non-cached: 0 | Cache-read: 0 | Cache-create: 0 | Output: 0 | Cost: $0 | Duration: 452ms | Turns: 1
[2026-04-04T07:54:48Z] Iter 1403 | Total-in: 0 | Non-cached: 0 | Cache-read: 0 | Cache-create: 0 | Output: 0 | Cost: $0 | Duration: 499ms | Turns: 1
[2026-04-04T07:54:51Z] Iter 1396 | Total-in: 0 | Non-cached: 0 | Cache-read: 0 | Cache-create: 0 | Output: 0 | Cost: $0 | Duration: 426ms | Turns: 1
[] Iter 1404 | No token data (result file empty or parse failed)
[2026-04-04T07:55:01Z] Iter 1403 | Total-in: 0 | Non-cached: 0 | Cache-read:  | Cache-create:  | Output: 0 | Cost: $ | Duration: ms | Turns: 
[2026-04-04T07:55:04Z] Iter 1404 | Total-in: 0 | Non-cached: 0 | Cache-read: 0 | Cache-create: 0 | Output: 0 | Cost: $0 | Duration: 507ms | Turns: 1
[2026-04-04T07:55:06Z] Iter 1397 | Total-in: 0 | Non-cached: 0 | Cache-read: 0 | Cache-create: 0 | Output: 0 | Cost: $0 | Duration: 537ms | Turns: 1
[2026-04-04T07:55:09Z] Iter 1405 | Total-in: 0 | Non-cached: 0 | Cache-read: 0 | Cache-create: 0 | Output: 0 | Cost: $0 | Duration: 526ms | Turns: 1
[2026-04-04T07:55:16Z] Iter 1404 | Total-in: 0 | Non-cached: 0 | Cache-read: 0 | Cache-create: 0 | Output: 0 | Cost: $0 | Duration: 419ms | Turns: 1
[2026-04-04T07:55:20Z] Iter 1405 | Total-in: 0 | Non-cached: 0 | Cache-read: 0 | Cache-create: 0 | Output: 0 | Cost: $0 | Duration: 429ms | Turns: 1
[2026-04-04T07:55:22Z] Iter 1398 | Total-in: 0 | Non-cached: 0 | Cache-read: 0 | Cache-create: 0 | Output: 0 | Cost: $0 | Duration: 484ms | Turns: 1
[2026-04-04T07:55:25Z] Iter 1406 | Total-in: 0 | Non-cached: 0 | Cache-read: 0 | Cache-create: 0 | Output: 0 | Cost: $0 | Duration: 487ms | Turns: 1
[2026-04-04T07:55:32Z] Iter 1405 | Total-in: 0 | Non-cached: 0 | Cache-read: 0 | Cache-create: 0 | Output: 0 | Cost: $0 | Duration: 454ms | Turns: 1
[2026-04-04T07:55:36Z] Iter 1406 | Total-in: 0 | Non-cached: 0 | Cache-read: 0 | Cache-create: 0 | Output: 0 | Cost: $0 | Duration: 459ms | Turns: 1
[2026-04-04T07:55:39Z] Iter 1399 | Total-in: 0 | Non-cached: 0 | Cache-read: 0 | Cache-create: 0 | Output: 0 | Cost: $0 | Duration: 572ms | Turns: 1
[2026-04-04T07:55:42Z] Iter 1407 | Total-in: 0 | Non-cached: 0 | Cache-read: 0 | Cache-create: 0 | Output: 0 | Cost: $0 | Duration: 1745ms | Turns: 1
[] Iter 1406 | No token data (result file empty or parse failed)
[2026-04-04T07:55:53Z] Iter 1407 | Total-in: 0 | Non-cached: 0 | Cache-read: 0 | Cache-create: 0 | Output: 0 | Cost: $0 | Duration: 507ms | Turns: 1
[2026-04-04T07:55:56Z] Iter 1400 | Total-in: 0 | Non-cached: 0 | Cache-read: 0 | Cache-create: 0 | Output: 0 | Cost: $0 | Duration: 595ms | Turns: 1
[2026-04-04T07:55:59Z] Iter 1408 | Total-in: 0 | Non-cached: 0 | Cache-read: 0 | Cache-create: 0 | Output: 0 | Cost: $0 | Duration: 454ms | Turns: 1
[2026-04-04T07:56:03Z] Iter 1407 | Total-in: 0 | Non-cached: 0 | Cache-read: 0 | Cache-create: 0 | Output: 0 | Cost: $0 | Duration: 454ms | Turns: 1
[2026-04-04T07:56:09Z] Iter 1408 | Total-in: 0 | Non-cached: 0 | Cache-read: 0 | Cache-create: 0 | Output: 0 | Cost: $0 | Duration: 537ms | Turns: 1
[2026-04-04T07:56:12Z] Iter 1401 | Total-in: 0 | Non-cached: 0 | Cache-read: 0 | Cache-create: 0 | Output: 0 | Cost: $0 | Duration: 533ms | Turns: 1
[2026-04-04T07:56:16Z] Iter 1409 | Total-in: 0 | Non-cached: 0 | Cache-read: 0 | Cache-create: 0 | Output: 0 | Cost: $0 | Duration: 426ms | Turns: 1
[2026-04-04T07:56:20Z] Iter 1408 | Total-in: 0 | Non-cached: 0 | Cache-read: 0 | Cache-create: 0 | Output: 0 | Cost: $0 | Duration: 532ms | Turns: 1
[2026-04-04T07:56:26Z] Iter 1409 | Total-in: 0 | Non-cached: 0 | Cache-read: 0 | Cache-create: 0 | Output: 0 | Cost: $0 | Duration: 544ms | Turns: 1
[2026-04-04T07:56:29Z] Iter 1402 | Total-in: 0 | Non-cached: 0 | Cache-read: 0 | Cache-create: 0 | Output: 0 | Cost: $0 | Duration: 556ms | Turns: 1
[2026-04-04T07:56:33Z] Iter 1410 | Total-in: 0 | Non-cached: 0 | Cache-read: 0 | Cache-create: 0 | Output: 0 | Cost: $0 | Duration: 550ms | Turns: 1
[2026-04-04T07:56:37Z] Iter 1409 | Total-in: 0 | Non-cached: 0 | Cache-read: 0 | Cache-create: 0 | Output: 0 | Cost: $0 | Duration: 547ms | Turns: 1
[2026-04-04T07:56:43Z] Iter 1410 | Total-in: 0 | Non-cached: 0 | Cache-read: 0 | Cache-create: 0 | Output: 0 | Cost: $0 | Duration: 468ms | Turns: 1
[2026-04-04T07:56:46Z] Iter 1403 | Total-in: 0 | Non-cached: 0 | Cache-read: 0 | Cache-create: 0 | Output: 0 | Cost: $0 | Duration: 557ms | Turns: 1
[2026-04-04T07:56:50Z] Iter 1411 | Total-in: 0 | Non-cached: 0 | Cache-read: 0 | Cache-create: 0 | Output: 0 | Cost: $0 | Duration: 554ms | Turns: 1
[] Iter 1410 | No token data (result file empty or parse failed)
[2026-04-04T07:57:00Z] Iter 1411 | Total-in: 0 | Non-cached: 0 | Cache-read: 0 | Cache-create: 0 | Output: 0 | Cost: $0 | Duration: 513ms | Turns: 1
[2026-04-04T07:57:03Z] Iter 1404 | Total-in: 0 | Non-cached: 0 | Cache-read: 0 | Cache-create: 0 | Output: 0 | Cost: $0 | Duration: 505ms | Turns: 1
[2026-04-04T07:57:06Z] Iter 1412 | Total-in: 0 | Non-cached: 0 | Cache-read: 0 | Cache-create: 0 | Output: 0 | Cost: $0 | Duration: 550ms | Turns: 1
[] Iter 1411 | No token data (result file empty or parse failed)
[2026-04-04T07:57:16Z] Iter 1412 | Total-in: 0 | Non-cached: 0 | Cache-read: 0 | Cache-create: 0 | Output: 0 | Cost: $0 | Duration: 403ms | Turns: 1
[2026-04-04T07:57:18Z] Iter 1405 | Total-in: 0 | Non-cached: 0 | Cache-read: 0 | Cache-create: 0 | Output: 0 | Cost: $0 | Duration: 392ms | Turns: 1
[2026-04-04T07:57:21Z] Iter 1413 | Total-in: 0 | Non-cached: 0 | Cache-read: 0 | Cache-create: 0 | Output: 0 | Cost: $0 | Duration: 548ms | Turns: 1
[] Iter 1412 | No token data (result file empty or parse failed)
[] Iter 1413 | No token data (result file empty or parse failed)
[2026-04-04T07:57:34Z] Iter 1406 | Total-in: 0 | Non-cached: 0 | Cache-read: 0 | Cache-create: 0 | Output: 0 | Cost: $0 | Duration: 521ms | Turns: 1
[2026-04-04T07:57:36Z] Iter 1414 | Total-in: 0 | Non-cached: 0 | Cache-read: 0 | Cache-create: 0 | Output: 0 | Cost: $0 | Duration: ms | Turns: 
[2026-04-04T07:57:38Z] Iter 1413 | Total-in: 0 | Non-cached: 0 | Cache-read: 0 | Cache-create: 0 | Output: 0 | Cost: $0 | Duration: 536ms | Turns: 1
[2026-04-04T07:57:43Z] Iter 1414 | Total-in: 0 | Non-cached: 0 | Cache-read: 0 | Cache-create: 0 | Output: 0 | Cost: $0 | Duration: 497ms | Turns: 1
[2026-04-04T07:57:48Z] Iter 1407 | Total-in: 0 | Non-cached: 0 | Cache-read: 0 | Cache-create: 0 | Output: 0 | Cost: $0 | Duration: 605ms | Turns: 1
[2026-04-04T07:57:51Z] Iter 1415 | Total-in: 0 | Non-cached: 0 | Cache-read: 0 | Cache-create: 0 | Output: 0 | Cost: $0 | Duration: ms | Turns: 
[2026-04-04T07:57:53Z] Iter 1414 | Total-in: 0 | Non-cached: 0 | Cache-read: 0 | Cache-create: 0 | Output: 0 | Cost: $0 | Duration: 773ms | Turns: 1
[2026-04-04T07:57:57Z] Iter 1415 | Total-in: 0 | Non-cached: 0 | Cache-read: 0 | Cache-create: 0 | Output: 0 | Cost: $0 | Duration: 425ms | Turns: 1
[2026-04-04T07:58:02Z] Iter 1408 | Total-in: 0 | Non-cached: 0 | Cache-read: 0 | Cache-create: 0 | Output: 0 | Cost: $0 | Duration: 564ms | Turns: 1
[2026-04-04T07:58:06Z] Iter 1416 | Total-in: 0 | Non-cached: 0 | Cache-read: 0 | Cache-create: 0 | Output: 0 | Cost: $0 | Duration: 416ms | Turns: 1
[2026-04-04T07:58:09Z] Iter 1415 | Total-in: 0 | Non-cached: 0 | Cache-read: 0 | Cache-create: 0 | Output: 0 | Cost: $0 | Duration: 1434ms | Turns: 1
[2026-04-04T07:58:11Z] Iter 1416 | Total-in: 0 | Non-cached: 0 | Cache-read: 0 | Cache-create: 0 | Output: 0 | Cost: $0 | Duration: 405ms | Turns: 1
[2026-04-04T07:58:17Z] Iter 1409 | Total-in: 0 | Non-cached: 0 | Cache-read: 0 | Cache-create: 0 | Output: 0 | Cost: $0 | Duration: 476ms | Turns: 1
[2026-04-04T07:58:20Z] Iter 1417 | Total-in: 0 | Non-cached: 0 | Cache-read: 0 | Cache-create: 0 | Output: 0 | Cost: $0 | Duration: 537ms | Turns: 1
[2026-04-04T07:58:24Z] Iter 1416 | Total-in: 0 | Non-cached: 0 | Cache-read: 0 | Cache-create: 0 | Output: 0 | Cost: $0 | Duration: 460ms | Turns: 1
[2026-04-04T07:58:26Z] Iter 1417 | Total-in: 0 | Non-cached: 0 | Cache-read: 0 | Cache-create: 0 | Output: 0 | Cost: $0 | Duration: 640ms | Turns: 1
[2026-04-04T07:58:31Z] Iter 1410 | Total-in: 0 | Non-cached: 0 | Cache-read: 0 | Cache-create: 0 | Output: 0 | Cost: $0 | Duration: 417ms | Turns: 1
[2026-04-04T07:58:35Z] Iter 1418 | Total-in: 0 | Non-cached: 0 | Cache-read: 0 | Cache-create: 0 | Output: 0 | Cost: $0 | Duration: 526ms | Turns: 1
[2026-04-04T07:58:39Z] Iter 1417 | Total-in: 0 | Non-cached: 0 | Cache-read: 0 | Cache-create: 0 | Output: 0 | Cost: $0 | Duration: 925ms | Turns: 1
[2026-04-04T07:58:41Z] Iter 1418 | Total-in: 0 | Non-cached: 0 | Cache-read: 0 | Cache-create: 0 | Output: 0 | Cost: $0 | Duration: 476ms | Turns: 1
[2026-04-04T07:58:45Z] Iter 1411 | Total-in: 0 | Non-cached: 0 | Cache-read: 0 | Cache-create: 0 | Output: 0 | Cost: $0 | Duration: 520ms | Turns: 1
[] Iter 1419 | No token data (result file empty or parse failed)
[2026-04-04T07:58:54Z] Iter 1418 | Total-in: 0 | Non-cached: 0 | Cache-read: 0 | Cache-create: 0 | Output: 0 | Cost: $0 | Duration: 564ms | Turns: 1
[2026-04-04T07:58:56Z] Iter 1419 | Total-in: 0 | Non-cached: 0 | Cache-read: 0 | Cache-create: 0 | Output: 0 | Cost: $0 | Duration: 484ms | Turns: 1
[2026-04-04T07:59:00Z] Iter 1412 | Total-in: 0 | Non-cached: 0 | Cache-read: 0 | Cache-create: 0 | Output: 0 | Cost: $0 | Duration: 446ms | Turns: 1
[2026-04-04T07:59:04Z] Iter 1420 | Total-in: 0 | Non-cached: 0 | Cache-read: 0 | Cache-create: 0 | Output: 0 | Cost: $0 | Duration: 690ms | Turns: 1
[] Iter 1419 | No token data (result file empty or parse failed)
[2026-04-04T07:59:10Z] Iter 1420 | Total-in: 0 | Non-cached: 0 | Cache-read: 0 | Cache-create: 0 | Output: 0 | Cost: $0 | Duration: 442ms | Turns: 1
[] Iter 1413 | No token data (result file empty or parse failed)
[2026-04-04T07:59:19Z] Iter 1421 | Total-in: 0 | Non-cached: 0 | Cache-read: 0 | Cache-create: 0 | Output: 0 | Cost: $0 | Duration: 543ms | Turns: 1
[2026-04-04T07:59:24Z] Iter 1420 | Total-in: 0 | Non-cached: 0 | Cache-read: 0 | Cache-create: 0 | Output: 0 | Cost: $0 | Duration: 1502ms | Turns: 1
[2026-04-04T07:59:25Z] Iter 1421 | Total-in: 0 | Non-cached: 0 | Cache-read: 0 | Cache-create: 0 | Output: 0 | Cost: $0 | Duration: 420ms | Turns: 1
[2026-04-04T07:59:30Z] Iter 1414 | Total-in: 0 | Non-cached: 0 | Cache-read: 0 | Cache-create: 0 | Output: 0 | Cost: $0 | Duration: 521ms | Turns: 1
[2026-04-04T07:59:34Z] Iter 1422 | Total-in: 0 | Non-cached: 0 | Cache-read: 0 | Cache-create: 0 | Output: 0 | Cost: $0 | Duration: 491ms | Turns: 1
[2026-04-04T07:59:39Z] Iter 1421 | Total-in: 0 | Non-cached: 0 | Cache-read: 0 | Cache-create: 0 | Output: 0 | Cost: $0 | Duration: 475ms | Turns: 1
[2026-04-04T07:59:42Z] Iter 1422 | Total-in: 0 | Non-cached: 0 | Cache-read: 0 | Cache-create: 0 | Output: 0 | Cost: $ | Duration: ms | Turns: 
[2026-04-04T07:59:45Z] Iter 1415 | Total-in: 0 | Non-cached: 0 | Cache-read: 0 | Cache-create: 0 | Output: 0 | Cost: $0 | Duration: 421ms | Turns: 1
[2026-04-04T07:59:50Z] Iter 1423 | Total-in: 0 | Non-cached: 0 | Cache-read: 0 | Cache-create: 0 | Output: 0 | Cost: $0 | Duration: ms | Turns: 
[2026-04-04T07:59:55Z] Iter 1422 | Total-in: 0 | Non-cached: 0 | Cache-read: 0 | Cache-create: 0 | Output: 0 | Cost: $0 | Duration: 471ms | Turns: 1
[2026-04-04T07:59:58Z] Iter 1423 | Total-in: 0 | Non-cached: 0 | Cache-read:  | Cache-create:  | Output: 0 | Cost: $ | Duration: ms | Turns: 
[2026-04-04T08:00:05Z] Iter 1416 | Total-in: 0 | Non-cached: 0 | Cache-read: 0 | Cache-create: 0 | Output: 0 | Cost: $0 | Duration: 475ms | Turns: 1
[2026-04-04T08:00:07Z] Iter 1424 | Total-in: 0 | Non-cached: 0 | Cache-read: 0 | Cache-create: 0 | Output: 0 | Cost: $0 | Duration: 717ms | Turns: 1
[2026-04-04T08:00:10Z] Iter 1423 | Total-in: 0 | Non-cached: 0 | Cache-read: 0 | Cache-create: 0 | Output: 0 | Cost: $0 | Duration: 639ms | Turns: 1
[2026-04-04T08:00:15Z] Iter 1424 | Total-in: 0 | Non-cached: 0 | Cache-read: 0 | Cache-create: 0 | Output: 0 | Cost: $0 | Duration: 1530ms | Turns: 1
[2026-04-04T08:00:20Z] Iter 1417 | Total-in: 0 | Non-cached: 0 | Cache-read: 0 | Cache-create: 0 | Output: 0 | Cost: $0 | Duration: 440ms | Turns: 1
[2026-04-04T08:00:24Z] Iter 1425 | Total-in: 0 | Non-cached: 0 | Cache-read: 0 | Cache-create: 0 | Output: 0 | Cost: $0 | Duration: 1094ms | Turns: 1
[2026-04-04T08:00:28Z] Iter 1424 | Total-in: 0 | Non-cached: 0 | Cache-read: 0 | Cache-create: 0 | Output: 0 | Cost: $0 | Duration: 592ms | Turns: 1
[2026-04-04T08:00:32Z] Iter 1425 | Total-in: 0 | Non-cached: 0 | Cache-read: 0 | Cache-create: 0 | Output: 0 | Cost: $0 | Duration: 455ms | Turns: 1
[] Iter 1418 | No token data (result file empty or parse failed)
[] Iter 1426 | No token data (result file empty or parse failed)
[] Iter 1425 | No token data (result file empty or parse failed)
[2026-04-04T08:00:49Z] Iter 1426 | Total-in: 0 | Non-cached: 0 | Cache-read: 0 | Cache-create: 0 | Output: 0 | Cost: $0 | Duration: 656ms | Turns: 1
[2026-04-04T08:00:52Z] Iter 1419 | Total-in: 0 | Non-cached: 0 | Cache-read: 0 | Cache-create: 0 | Output: 0 | Cost: $0 | Duration: 458ms | Turns: 1
[2026-04-04T08:00:55Z] Iter 1427 | Total-in: 0 | Non-cached: 0 | Cache-read: 0 | Cache-create: 0 | Output: 0 | Cost: $0 | Duration: 622ms | Turns: 1
[] Iter 1426 | No token data (result file empty or parse failed)
[2026-04-04T08:01:06Z] Iter 1427 | Total-in: 0 | Non-cached: 0 | Cache-read: 0 | Cache-create: 0 | Output: 0 | Cost: $0 | Duration: 550ms | Turns: 1
[2026-04-04T08:01:09Z] Iter 1420 | Total-in: 0 | Non-cached: 0 | Cache-read: 0 | Cache-create: 0 | Output: 0 | Cost: $0 | Duration: 463ms | Turns: 1
[] Iter 1428 | No token data (result file empty or parse failed)
[2026-04-04T08:01:16Z] Iter 1427 | Total-in: 0 | Non-cached: 0 | Cache-read: 0 | Cache-create: 0 | Output: 0 | Cost: $0 | Duration: 445ms | Turns: 1
[2026-04-04T08:01:23Z] Iter 1428 | Total-in: 0 | Non-cached: 0 | Cache-read: 0 | Cache-create: 0 | Output: 0 | Cost: $0 | Duration: 509ms | Turns: 1
[2026-04-04T08:01:26Z] Iter 1421 | Total-in: 0 | Non-cached: 0 | Cache-read: 0 | Cache-create: 0 | Output: 0 | Cost: $0 | Duration: 441ms | Turns: 1
[2026-04-04T08:01:30Z] Iter 1429 | Total-in: 0 | Non-cached: 0 | Cache-read: 0 | Cache-create: 0 | Output: 0 | Cost: $0 | Duration: 540ms | Turns: 1
[] Iter 1428 | No token data (result file empty or parse failed)
[] Iter 1429 | No token data (result file empty or parse failed)
[2026-04-04T08:01:43Z] Iter 1422 | Total-in: 0 | Non-cached: 0 | Cache-read: 0 | Cache-create: 0 | Output: 0 | Cost: $0 | Duration: 942ms | Turns: 1
[2026-04-04T08:01:47Z] Iter 1430 | Total-in: 0 | Non-cached: 0 | Cache-read: 0 | Cache-create: 0 | Output: 0 | Cost: $0 | Duration: 410ms | Turns: 1
[2026-04-04T08:01:48Z] Iter 1429 | Total-in: 0 | Non-cached: 0 | Cache-read: 0 | Cache-create: 0 | Output: 0 | Cost: $0 | Duration: 410ms | Turns: 1
[2026-04-04T08:01:52Z] Iter 1430 | Total-in: 0 | Non-cached: 0 | Cache-read: 0 | Cache-create: 0 | Output: 0 | Cost: $0 | Duration: 401ms | Turns: 1
[2026-04-04T08:01:58Z] Iter 1423 | Total-in: 0 | Non-cached: 0 | Cache-read: 0 | Cache-create: 0 | Output: 0 | Cost: $0 | Duration: 1659ms | Turns: 1
[2026-04-04T08:02:03Z] Iter 1431 | Total-in: 0 | Non-cached: 0 | Cache-read: 0 | Cache-create: 0 | Output: 0 | Cost: $0 | Duration: 413ms | Turns: 1
[2026-04-04T08:02:05Z] Iter 1430 | Total-in: 0 | Non-cached: 0 | Cache-read: 0 | Cache-create: 0 | Output: 0 | Cost: $0 | Duration: 713ms | Turns: 1
[2026-04-04T08:02:07Z] Iter 1431 | Total-in: 0 | Non-cached: 0 | Cache-read: 0 | Cache-create: 0 | Output: 0 | Cost: $0 | Duration: 408ms | Turns: 1
[2026-04-04T08:02:13Z] Iter 1424 | Total-in: 0 | Non-cached: 0 | Cache-read: 0 | Cache-create: 0 | Output: 0 | Cost: $0 | Duration: 786ms | Turns: 1
[2026-04-04T08:02:16Z] Iter 1432 | Total-in: 0 | Non-cached: 0 | Cache-read: 0 | Cache-create: 0 | Output: 0 | Cost: $0 | Duration: 425ms | Turns: 1
[2026-04-04T08:02:19Z] Iter 1431 | Total-in: 0 | Non-cached: 0 | Cache-read: 0 | Cache-create: 0 | Output: 0 | Cost: $0 | Duration: 557ms | Turns: 1
[] Iter 1432 | No token data (result file empty or parse failed)
[] Iter 1425 | No token data (result file empty or parse failed)
[2026-04-04T08:02:31Z] Iter 1433 | Total-in: 0 | Non-cached: 0 | Cache-read: 0 | Cache-create: 0 | Output: 0 | Cost: $0 | Duration: 470ms | Turns: 1
[2026-04-04T08:02:34Z] Iter 1432 | Total-in: 0 | Non-cached: 0 | Cache-read: 0 | Cache-create: 0 | Output: 0 | Cost: $0 | Duration: 488ms | Turns: 
[2026-04-04T08:02:36Z] Iter 1433 | Total-in: 0 | Non-cached: 0 | Cache-read: 0 | Cache-create: 0 | Output: 0 | Cost: $0 | Duration: 373ms | Turns: 1
[2026-04-04T08:02:41Z] Iter 1426 | Total-in: 0 | Non-cached: 0 | Cache-read: 0 | Cache-create: 0 | Output: 0 | Cost: $0 | Duration: 534ms | Turns: 1
[2026-04-04T08:02:45Z] Iter 1434 | Total-in: 0 | Non-cached: 0 | Cache-read: 0 | Cache-create: 0 | Output: 0 | Cost: $0 | Duration: 518ms | Turns: 1
[2026-04-04T08:02:48Z] Iter 1433 | Total-in: 0 | Non-cached: 0 | Cache-read: 0 | Cache-create: 0 | Output: 0 | Cost: $0 | Duration: 489ms | Turns: 1
[2026-04-04T08:02:50Z] Iter 1434 | Total-in: 0 | Non-cached: 0 | Cache-read: 0 | Cache-create: 0 | Output: 0 | Cost: $0 | Duration: 439ms | Turns: 1
[2026-04-04T08:02:55Z] Iter 1427 | Total-in: 0 | Non-cached: 0 | Cache-read: 0 | Cache-create: 0 | Output: 0 | Cost: $0 | Duration: 503ms | Turns: 1
[2026-04-04T08:02:59Z] Iter 1435 | Total-in: 0 | Non-cached: 0 | Cache-read: 0 | Cache-create: 0 | Output: 0 | Cost: $0 | Duration: 477ms | Turns: 1
[] Iter 1434 | No token data (result file empty or parse failed)
[2026-04-04T08:03:05Z] Iter 1435 | Total-in: 0 | Non-cached: 0 | Cache-read: 0 | Cache-create: 0 | Output: 0 | Cost: $0 | Duration: 430ms | Turns: 1
[2026-04-04T08:03:08Z] Iter 1428 | Total-in: 0 | Non-cached: 0 | Cache-read: 0 | Cache-create: 0 | Output: 0 | Cost: $0 | Duration: 475ms | Turns: 1
[2026-04-04T08:03:14Z] Iter 1436 | Total-in: 0 | Non-cached: 0 | Cache-read: 0 | Cache-create: 0 | Output: 0 | Cost: $0 | Duration: 419ms | Turns: 1
[2026-04-04T08:03:16Z] Iter 1435 | Total-in: 0 | Non-cached: 0 | Cache-read:  | Cache-create:  | Output:  | Cost: $ | Duration: ms | Turns: 
[2026-04-04T08:03:19Z] Iter 1436 | Total-in: 0 | Non-cached: 0 | Cache-read: 0 | Cache-create: 0 | Output: 0 | Cost: $0 | Duration: 433ms | Turns: 1
[2026-04-04T08:03:23Z] Iter 1429 | Total-in: 0 | Non-cached: 0 | Cache-read: 0 | Cache-create: 0 | Output: 0 | Cost: $0 | Duration: 434ms | Turns: 1
[2026-04-04T08:03:29Z] Iter 1437 | Total-in: 0 | Non-cached: 0 | Cache-read: 0 | Cache-create: 0 | Output: 0 | Cost: $0 | Duration: 521ms | Turns: 1
[2026-04-04T08:03:32Z] Iter 1436 | Total-in: 0 | Non-cached: 0 | Cache-read: 0 | Cache-create: 0 | Output: 0 | Cost: $0 | Duration: 482ms | Turns: 1
[2026-04-04T08:03:34Z] Iter 1437 | Total-in: 0 | Non-cached: 0 | Cache-read: 0 | Cache-create: 0 | Output: 0 | Cost: $0 | Duration: 410ms | Turns: 1
[2026-04-04T08:03:39Z] Iter 1430 | Total-in: 0 | Non-cached: 0 | Cache-read: 0 | Cache-create: 0 | Output: 0 | Cost: $0 | Duration: 1105ms | Turns: 1
[2026-04-04T08:03:44Z] Iter 1438 | Total-in: 0 | Non-cached: 0 | Cache-read: 0 | Cache-create: 0 | Output: 0 | Cost: $0 | Duration: 510ms | Turns: 1
[] Iter 1437 | No token data (result file empty or parse failed)
[2026-04-04T08:03:50Z] Iter 1438 | Total-in: 0 | Non-cached: 0 | Cache-read: 0 | Cache-create: 0 | Output: 0 | Cost: $0 | Duration: 495ms | Turns: 1
[2026-04-04T08:03:54Z] Iter 1431 | Total-in: 0 | Non-cached: 0 | Cache-read: 0 | Cache-create:  | Output: 0 | Cost: $ | Duration: ms | Turns: 
[2026-04-04T08:03:59Z] Iter 1439 | Total-in: 0 | Non-cached: 0 | Cache-read: 0 | Cache-create: 0 | Output: 0 | Cost: $0 | Duration: 505ms | Turns: 1
[2026-04-04T08:04:02Z] Iter 1438 | Total-in: 0 | Non-cached:  | Cache-read:  | Cache-create:  | Output:  | Cost: $ | Duration: ms | Turns: 
[2026-04-04T08:04:05Z] Iter 1439 | Total-in: 0 | Non-cached: 0 | Cache-read: 0 | Cache-create: 0 | Output: 0 | Cost: $0 | Duration: 537ms | Turns: 1
[2026-04-04T08:04:09Z] Iter 1432 | Total-in: 0 | Non-cached: 0 | Cache-read: 0 | Cache-create: 0 | Output: 0 | Cost: $0 | Duration: 486ms | Turns: 1
[2026-04-04T08:04:15Z] Iter 1440 | Total-in: 0 | Non-cached: 0 | Cache-read: 0 | Cache-create: 0 | Output: 0 | Cost: $0 | Duration: 941ms | Turns: 1
[2026-04-04T08:04:17Z] Iter 1439 | Total-in: 0 | Non-cached: 0 | Cache-read:  | Cache-create:  | Output:  | Cost: $ | Duration: ms | Turns: 
[2026-04-04T08:04:21Z] Iter 1440 | Total-in: 0 | Non-cached: 0 | Cache-read: 0 | Cache-create: 0 | Output: 0 | Cost: $0 | Duration: 442ms | Turns: 1
[2026-04-04T08:04:25Z] Iter 1433 | Total-in: 0 | Non-cached: 0 | Cache-read: 0 | Cache-create: 0 | Output: 0 | Cost: $0 | Duration: 509ms | Turns: 1
[2026-04-04T08:04:31Z] Iter 1441 | Total-in: 0 | Non-cached: 0 | Cache-read: 0 | Cache-create: 0 | Output: 0 | Cost: $0 | Duration: 437ms | Turns: 1
[2026-04-04T08:04:34Z] Iter 1440 | Total-in: 0 | Non-cached: 0 | Cache-read: 0 | Cache-create: 0 | Output: 0 | Cost: $0 | Duration: 594ms | Turns: 1
[2026-04-04T08:04:36Z] Iter 1441 | Total-in: 0 | Non-cached: 0 | Cache-read: 0 | Cache-create: 0 | Output: 0 | Cost: $0 | Duration: 548ms | Turns: 1
[2026-04-04T08:04:41Z] Iter 1434 | Total-in: 0 | Non-cached: 0 | Cache-read: 0 | Cache-create: 0 | Output: 0 | Cost: $0 | Duration: 463ms | Turns: 1
[2026-04-04T08:04:46Z] Iter 1442 | Total-in: 0 | Non-cached: 0 | Cache-read: 0 | Cache-create: 0 | Output: 0 | Cost: $0 | Duration: 438ms | Turns: 1
[2026-04-04T08:04:50Z] Iter 1441 | Total-in: 0 | Non-cached: 0 | Cache-read: 0 | Cache-create: 0 | Output: 0 | Cost: $0 | Duration: 444ms | Turns: 1
[2026-04-04T08:04:52Z] Iter 1442 | Total-in: 0 | Non-cached: 0 | Cache-read: 0 | Cache-create: 0 | Output: 0 | Cost: $0 | Duration: 450ms | Turns: 1
[2026-04-04T08:04:57Z] Iter 1435 | Total-in: 0 | Non-cached: 0 | Cache-read: 0 | Cache-create: 0 | Output: 0 | Cost: $0 | Duration: 549ms | Turns: 1
[2026-04-04T08:05:03Z] Iter 1443 | Total-in: 0 | Non-cached: 0 | Cache-read: 0 | Cache-create: 0 | Output: 0 | Cost: $0 | Duration: 523ms | Turns: 1
[2026-04-04T08:05:07Z] Iter 1442 | Total-in: 0 | Non-cached: 0 | Cache-read: 0 | Cache-create: 0 | Output: 0 | Cost: $0 | Duration: 469ms | Turns: 1
[2026-04-04T08:05:09Z] Iter 1443 | Total-in: 0 | Non-cached: 0 | Cache-read: 0 | Cache-create: 0 | Output: 0 | Cost: $0 | Duration: 476ms | Turns: 1
[2026-04-04T08:05:14Z] Iter 1436 | Total-in: 0 | Non-cached: 0 | Cache-read: 0 | Cache-create: 0 | Output: 0 | Cost: $0 | Duration: 543ms | Turns: 1
[2026-04-04T08:05:19Z] Iter 1444 | Total-in: 0 | Non-cached: 0 | Cache-read: 0 | Cache-create: 0 | Output: 0 | Cost: $0 | Duration: 440ms | Turns: 1
[2026-04-04T08:05:23Z] Iter 1443 | Total-in: 0 | Non-cached: 0 | Cache-read: 0 | Cache-create: 0 | Output: 0 | Cost: $0 | Duration: 455ms | Turns: 1
[2026-04-04T08:05:26Z] Iter 1444 | Total-in: 0 | Non-cached: 0 | Cache-read: 0 | Cache-create: 0 | Output: 0 | Cost: $0 | Duration: 935ms | Turns: 1
[] Iter 1437 | No token data (result file empty or parse failed)
[2026-04-04T08:05:36Z] Iter 1445 | Total-in: 0 | Non-cached: 0 | Cache-read: 0 | Cache-create: 0 | Output: 0 | Cost: $0 | Duration: 632ms | Turns: 1
[2026-04-04T08:05:40Z] Iter 1444 | Total-in: 0 | Non-cached: 0 | Cache-read: 0 | Cache-create: 0 | Output: 0 | Cost: $0 | Duration: 467ms | Turns: 1
[2026-04-04T08:05:45Z] Iter 1445 | Total-in: 0 | Non-cached: 0 | Cache-read: 0 | Cache-create: 0 | Output: 0 | Cost: $0 | Duration: 622ms | Turns: 1
[2026-04-04T08:05:47Z] Iter 1438 | Total-in: 0 | Non-cached: 0 | Cache-read: 0 | Cache-create: 0 | Output: 0 | Cost: $0 | Duration: 501ms | Turns: 1
[2026-04-04T08:05:52Z] Iter 1446 | Total-in: 0 | Non-cached: 0 | Cache-read: 0 | Cache-create: 0 | Output: 0 | Cost: $0 | Duration: 483ms | Turns: 1
[2026-04-04T08:05:57Z] Iter 1445 | Total-in: 0 | Non-cached: 0 | Cache-read: 0 | Cache-create: 0 | Output: 0 | Cost: $0 | Duration: 636ms | Turns: 1
[2026-04-04T08:06:02Z] Iter 1446 | Total-in: 0 | Non-cached: 0 | Cache-read: 0 | Cache-create: 0 | Output: 0 | Cost: $0 | Duration: 1599ms | Turns: 1
[2026-04-04T08:06:04Z] Iter 1439 | Total-in: 0 | Non-cached: 0 | Cache-read: 0 | Cache-create: 0 | Output: 0 | Cost: $0 | Duration: 541ms | Turns: 1
[2026-04-04T08:06:08Z] Iter 1447 | Total-in: 0 | Non-cached: 0 | Cache-read: 0 | Cache-create: 0 | Output: 0 | Cost: $0 | Duration: 448ms | Turns: 1
[2026-04-04T08:06:11Z] Iter 1446 | Total-in: 0 | Non-cached: 0 | Cache-read: 0 | Cache-create: 0 | Output: 0 | Cost: $0 | Duration: 358ms | Turns: 1
[] Iter 1447 | No token data (result file empty or parse failed)
[2026-04-04T08:06:18Z] Iter 1440 | Total-in: 0 | Non-cached: 0 | Cache-read: 0 | Cache-create: 0 | Output: 0 | Cost: $0 | Duration: 411ms | Turns: 1
[2026-04-04T08:06:22Z] Iter 1448 | Total-in: 0 | Non-cached: 0 | Cache-read: 0 | Cache-create: 0 | Output: 0 | Cost: $0 | Duration: 432ms | Turns: 1
[2026-04-04T08:06:25Z] Iter 1447 | Total-in: 0 | Non-cached: 0 | Cache-read: 0 | Cache-create: 0 | Output: 0 | Cost: $0 | Duration: 503ms | Turns: 1
[2026-04-04T08:06:31Z] Iter 1448 | Total-in: 0 | Non-cached: 0 | Cache-read: 0 | Cache-create: 0 | Output: 0 | Cost: $0 | Duration: 480ms | Turns: 1
[2026-04-04T08:06:32Z] Iter 1441 | Total-in: 0 | Non-cached: 0 | Cache-read: 0 | Cache-create: 0 | Output: 0 | Cost: $0 | Duration: 451ms | Turns: 1
[2026-04-04T08:06:36Z] Iter 1449 | Total-in: 0 | Non-cached: 0 | Cache-read: 0 | Cache-create: 0 | Output: 0 | Cost: $0 | Duration: 398ms | Turns: 1
[] Iter 1448 | No token data (result file empty or parse failed)
[2026-04-04T08:06:45Z] Iter 1449 | Total-in: 0 | Non-cached: 0 | Cache-read: 0 | Cache-create: 0 | Output: 0 | Cost: $0 | Duration: 405ms | Turns: 1
[2026-04-04T08:06:47Z] Iter 1442 | Total-in: 0 | Non-cached: 0 | Cache-read: 0 | Cache-create: 0 | Output: 0 | Cost: $0 | Duration: 429ms | Turns: 1
[2026-04-04T08:06:51Z] Iter 1450 | Total-in: 0 | Non-cached: 0 | Cache-read: 0 | Cache-create: 0 | Output: 0 | Cost: $0 | Duration: 576ms | Turns: 1
[2026-04-04T08:06:53Z] Iter 1449 | Total-in: 0 | Non-cached: 0 | Cache-read: 0 | Cache-create: 0 | Output: 0 | Cost: $0 | Duration: 527ms | Turns: 1
[] Iter 1450 | No token data (result file empty or parse failed)
[2026-04-04T08:07:02Z] Iter 1443 | Total-in: 0 | Non-cached: 0 | Cache-read: 0 | Cache-create: 0 | Output: 0 | Cost: $0 | Duration: 450ms | Turns: 1
[2026-04-04T08:07:06Z] Iter 1451 | Total-in: 0 | Non-cached: 0 | Cache-read: 0 | Cache-create: 0 | Output: 0 | Cost: $0 | Duration: 512ms | Turns: 1
[] Iter 1450 | No token data (result file empty or parse failed)
[2026-04-04T08:07:17Z] Iter 1451 | Total-in: 0 | Non-cached: 0 | Cache-read: 0 | Cache-create: 0 | Output: 0 | Cost: $0 | Duration: 1085ms | Turns: 1
[2026-04-04T08:07:17Z] Iter 1444 | Total-in: 0 | Non-cached: 0 | Cache-read: 0 | Cache-create: 0 | Output: 0 | Cost: $0 | Duration: 1085ms | Turns: 1
[2026-04-04T08:07:22Z] Iter 1452 | Total-in: 0 | Non-cached: 0 | Cache-read: 0 | Cache-create: 0 | Output: 0 | Cost: $0 | Duration: 435ms | Turns: 1
[2026-04-04T08:07:22Z] Iter 1451 | Total-in: 0 | Non-cached: 0 | Cache-read: 0 | Cache-create: 0 | Output: 0 | Cost: $0 | Duration: 435ms | Turns: 1
[2026-04-04T08:07:31Z] Iter 1452 | Total-in: 0 | Non-cached: 0 | Cache-read: 0 | Cache-create: 0 | Output: 0 | Cost: $0 | Duration: 412ms | Turns: 1
[2026-04-04T08:07:33Z] Iter 1445 | Total-in: 0 | Non-cached: 0 | Cache-read: 0 | Cache-create: 0 | Output: 0 | Cost: $0 | Duration: 539ms | Turns: 1
[2026-04-04T08:07:37Z] Iter 1452 | Total-in: 0 | Non-cached: 0 | Cache-read: 0 | Cache-create: 0 | Output: 0 | Cost: $0 | Duration: 424ms | Turns: 1
[2026-04-04T08:07:39Z] Iter 1453 | Total-in: 0 | Non-cached: 0 | Cache-read: 0 | Cache-create: 0 | Output: 0 | Cost: $0 | Duration: 1674ms | Turns: 1
[] Iter 1453 | No token data (result file empty or parse failed)
[2026-04-04T08:07:48Z] Iter 1446 | Total-in: 0 | Non-cached: 0 | Cache-read: 0 | Cache-create: 0 | Output: 0 | Cost: $0 | Duration: 1621ms | Turns: 1
[2026-04-04T08:07:52Z] Iter 1453 | Total-in: 0 | Non-cached: 0 | Cache-read: 0 | Cache-create: 0 | Output: 0 | Cost: $0 | Duration: 421ms | Turns: 1
[] Iter 1454 | No token data (result file empty or parse failed)
[2026-04-04T08:08:00Z] Iter 1454 | Total-in: 0 | Non-cached: 0 | Cache-read: 0 | Cache-create:  | Output: 0 | Cost: $ | Duration: ms | Turns: 
[2026-04-04T08:08:04Z] Iter 1447 | Total-in: 0 | Non-cached: 0 | Cache-read: 0 | Cache-create: 0 | Output: 0 | Cost: $0 | Duration: 462ms | Turns: 1
[] Iter 1454 | No token data (result file empty or parse failed)
[] Iter 1455 | No token data (result file empty or parse failed)
[] Iter 1455 | No token data (result file empty or parse failed)
[2026-04-04T08:08:20Z] Iter 1448 | Total-in: 0 | Non-cached: 0 | Cache-read: 0 | Cache-create: 0 | Output: 0 | Cost: $0 | Duration: 638ms | Turns: 1
[] Iter 1456 | No token data (result file empty or parse failed)
[2026-04-04T08:08:24Z] Iter 1455 | Total-in: 0 | Non-cached: 0 | Cache-read: 0 | Cache-create: 0 | Output: 0 | Cost: $0 | Duration: 564ms | Turns: 1
[2026-04-04T08:08:31Z] Iter 1456 | Total-in: 0 | Non-cached: 0 | Cache-read: 0 | Cache-create: 0 | Output: 0 | Cost: $0 | Duration: 507ms | Turns: 1
[2026-04-04T08:08:36Z] Iter 1449 | Total-in: 0 | Non-cached: 0 | Cache-read: 0 | Cache-create: 0 | Output: 0 | Cost: $0 | Duration: 501ms | Turns: 1
[2026-04-04T08:08:39Z] Iter 1457 | Total-in: 0 | Non-cached: 0 | Cache-read:  | Cache-create:  | Output:  | Cost: $ | Duration: ms | Turns: 
[2026-04-04T08:08:40Z] Iter 1456 | Total-in: 0 | Non-cached: 0 | Cache-read: 0 | Cache-create: 0 | Output: 0 | Cost: $0 | Duration: 565ms | Turns: 1
[] Iter 1457 | No token data (result file empty or parse failed)
[2026-04-04T08:08:53Z] Iter 1450 | Total-in: 0 | Non-cached: 0 | Cache-read: 0 | Cache-create: 0 | Output: 0 | Cost: $0 | Duration: 436ms | Turns: 1
[2026-04-04T08:08:55Z] Iter 1458 | Total-in: 0 | Non-cached: 0 | Cache-read: 0 | Cache-create: 0 | Output: 0 | Cost: $0 | Duration: 525ms | Turns: 1
[2026-04-04T08:08:56Z] Iter 1457 | Total-in: 0 | Non-cached: 0 | Cache-read: 0 | Cache-create: 0 | Output: 0 | Cost: $0 | Duration: 525ms | Turns: 1
[2026-04-04T08:09:02Z] Iter 1458 | Total-in: 0 | Non-cached: 0 | Cache-read: 0 | Cache-create: 0 | Output: 0 | Cost: $0 | Duration: 676ms | Turns: 1
[2026-04-04T08:09:10Z] Iter 1451 | Total-in: 0 | Non-cached: 0 | Cache-read: 0 | Cache-create: 0 | Output: 0 | Cost: $0 | Duration: 1601ms | Turns: 1
[2026-04-04T08:09:13Z] Iter 1458 | Total-in: 0 | Non-cached: 0 | Cache-read: 0 | Cache-create: 0 | Output: 0 | Cost: $0 | Duration: 1611ms | Turns: 1
[2026-04-04T08:09:13Z] Iter 1459 | Total-in: 0 | Non-cached: 0 | Cache-read: 0 | Cache-create: 0 | Output: 0 | Cost: $0 | Duration: 1611ms | Turns: 1
[2026-04-04T08:09:18Z] Iter 1459 | Total-in: 0 | Non-cached: 0 | Cache-read:  | Cache-create:  | Output:  | Cost: $ | Duration: ms | Turns: 
[] Iter 1452 | No token data (result file empty or parse failed)
[2026-04-04T08:09:29Z] Iter 1460 | Total-in: 0 | Non-cached: 0 | Cache-read: 0 | Cache-create: 0 | Output: 0 | Cost: $0 | Duration: 545ms | Turns: 1
[2026-04-04T08:09:30Z] Iter 1459 | Total-in: 0 | Non-cached: 0 | Cache-read: 0 | Cache-create: 0 | Output: 0 | Cost: $0 | Duration: 545ms | Turns: 1
[2026-04-04T08:09:34Z] Iter 1460 | Total-in: 0 | Non-cached: 0 | Cache-read: 0 | Cache-create: 0 | Output: 0 | Cost: $0 | Duration: 446ms | Turns: 1
[2026-04-04T08:09:41Z] Iter 1453 | Total-in: 0 | Non-cached: 0 | Cache-read: 0 | Cache-create: 0 | Output: 0 | Cost: $0 | Duration: 511ms | Turns: 1
[2026-04-04T08:09:47Z] Iter 1461 | Total-in: 0 | Non-cached: 0 | Cache-read: 0 | Cache-create: 0 | Output: 0 | Cost: $0 | Duration: 532ms | Turns: 1
[2026-04-04T08:09:48Z] Iter 1460 | Total-in: 0 | Non-cached: 0 | Cache-read: 0 | Cache-create: 0 | Output: 0 | Cost: $0 | Duration: 532ms | Turns: 1
[2026-04-04T08:09:51Z] Iter 1461 | Total-in: 0 | Non-cached: 0 | Cache-read: 0 | Cache-create: 0 | Output: 0 | Cost: $0 | Duration: 479ms | Turns: 1
[2026-04-04T08:09:58Z] Iter 1454 | Total-in: 0 | Non-cached: 0 | Cache-read: 0 | Cache-create: 0 | Output: 0 | Cost: $0 | Duration: 585ms | Turns: 1
[2026-04-04T08:10:05Z] Iter 1462 | Total-in: 0 | Non-cached: 0 | Cache-read: 0 | Cache-create: 0 | Output: 0 | Cost: $0 | Duration: 508ms | Turns: 1
[] Iter 1461 | No token data (result file empty or parse failed)
[2026-04-04T08:10:08Z] Iter 1462 | Total-in: 0 | Non-cached: 0 | Cache-read: 0 | Cache-create: 0 | Output: 0 | Cost: $0 | Duration: 554ms | Turns: 1
[2026-04-04T08:10:15Z] Iter 1455 | Total-in: 0 | Non-cached: 0 | Cache-read: 0 | Cache-create: 0 | Output: 0 | Cost: $0 | Duration: 547ms | Turns: 1
[2026-04-04T08:10:23Z] Iter 1463 | Total-in: 0 | Non-cached: 0 | Cache-read: 0 | Cache-create: 0 | Output: 0 | Cost: $0 | Duration: 552ms | Turns: 1
[2026-04-04T08:10:24Z] Iter 1462 | Total-in: 0 | Non-cached: 0 | Cache-read: 0 | Cache-create: 0 | Output: 0 | Cost: $0 | Duration: 552ms | Turns: 1
[2026-04-04T08:10:25Z] Iter 1463 | Total-in: 0 | Non-cached: 0 | Cache-read: 0 | Cache-create: 0 | Output: 0 | Cost: $0 | Duration: 405ms | Turns: 1
[2026-04-04T08:10:29Z] Iter 1456 | Total-in: 0 | Non-cached: 0 | Cache-read: 0 | Cache-create: 0 | Output: 0 | Cost: $0 | Duration: 492ms | Turns: 1
[2026-04-04T08:10:38Z] Iter 1464 | Total-in: 0 | Non-cached: 0 | Cache-read: 0 | Cache-create: 0 | Output: 0 | Cost: $0 | Duration: 511ms | Turns: 1
[2026-04-04T08:10:38Z] Iter 1463 | Total-in: 0 | Non-cached: 0 | Cache-read: 0 | Cache-create: 0 | Output: 0 | Cost: $0 | Duration: 511ms | Turns: 1
[2026-04-04T08:10:40Z] Iter 1464 | Total-in: 0 | Non-cached: 0 | Cache-read: 0 | Cache-create: 0 | Output: 0 | Cost: $0 | Duration: 445ms | Turns: 1
[2026-04-04T08:10:43Z] Iter 1457 | Total-in: 0 | Non-cached: 0 | Cache-read: 0 | Cache-create: 0 | Output: 0 | Cost: $0 | Duration: 389ms | Turns: 1
[] Iter 1465 | No token data (result file empty or parse failed)
[2026-04-04T08:10:53Z] Iter 1464 | Total-in: 0 | Non-cached: 0 | Cache-read: 0 | Cache-create: 0 | Output: 0 | Cost: $0 | Duration: 520ms | Turns: 1
[2026-04-04T08:10:55Z] Iter 1465 | Total-in: 0 | Non-cached: 0 | Cache-read: 0 | Cache-create: 0 | Output: 0 | Cost: $0 | Duration: 425ms | Turns: 1
[2026-04-04T08:10:58Z] Iter 1458 | Total-in: 0 | Non-cached: 0 | Cache-read: 0 | Cache-create: 0 | Output: 0 | Cost: $0 | Duration: 549ms | Turns: 1
[2026-04-04T08:11:07Z] Iter 1466 | Total-in: 0 | Non-cached: 0 | Cache-read: 0 | Cache-create: 0 | Output: 0 | Cost: $0 | Duration: 1509ms | Turns: 1
[2026-04-04T08:11:08Z] Iter 1465 | Total-in: 0 | Non-cached: 0 | Cache-read: 0 | Cache-create: 0 | Output: 0 | Cost: $0 | Duration: 451ms | Turns: 1
[2026-04-04T08:11:10Z] Iter 1466 | Total-in: 0 | Non-cached: 0 | Cache-read: 0 | Cache-create: 0 | Output: 0 | Cost: $0 | Duration: 569ms | Turns: 1
[2026-04-04T08:11:13Z] Iter 1459 | Total-in: 0 | Non-cached: 0 | Cache-read: 0 | Cache-create: 0 | Output: 0 | Cost: $0 | Duration: 470ms | Turns: 1
[2026-04-04T08:11:22Z] Iter 1467 | Total-in: 0 | Non-cached: 0 | Cache-read: 0 | Cache-create: 0 | Output: 0 | Cost: $0 | Duration: 472ms | Turns: 1
[2026-04-04T08:11:23Z] Iter 1466 | Total-in: 0 | Non-cached: 0 | Cache-read: 0 | Cache-create: 0 | Output: 0 | Cost: $0 | Duration: 472ms | Turns: 1
[2026-04-04T08:11:25Z] Iter 1467 | Total-in: 0 | Non-cached: 0 | Cache-read: 0 | Cache-create: 0 | Output: 0 | Cost: $0 | Duration: 526ms | Turns: 1
[2026-04-04T08:11:28Z] Iter 1460 | Total-in: 0 | Non-cached: 0 | Cache-read: 0 | Cache-create: 0 | Output: 0 | Cost: $0 | Duration: 493ms | Turns: 1
[2026-04-04T08:11:37Z] Iter 1468 | Total-in: 0 | Non-cached: 0 | Cache-read: 0 | Cache-create: 0 | Output: 0 | Cost: $0 | Duration: 446ms | Turns: 1
[2026-04-04T08:11:38Z] Iter 1467 | Total-in: 0 | Non-cached: 0 | Cache-read: 0 | Cache-create: 0 | Output: 0 | Cost: $0 | Duration: 501ms | Turns: 1
[2026-04-04T08:11:40Z] Iter 1468 | Total-in: 0 | Non-cached: 0 | Cache-read: 0 | Cache-create: 0 | Output: 0 | Cost: $0 | Duration: 510ms | Turns: 1
[2026-04-04T08:11:42Z] Iter 1461 | Total-in: 0 | Non-cached: 0 | Cache-read: 0 | Cache-create: 0 | Output: 0 | Cost: $0 | Duration: 391ms | Turns: 1
[2026-04-04T08:11:52Z] Iter 1469 | Total-in: 0 | Non-cached: 0 | Cache-read: 0 | Cache-create: 0 | Output: 0 | Cost: $0 | Duration: 638ms | Turns: 1
[2026-04-04T08:11:55Z] Iter 1468 | Total-in: 0 | Non-cached: 0 | Cache-read: 0 | Cache-create: 0 | Output: 0 | Cost: $0 | Duration: 440ms | Turns: 1
[2026-04-04T08:11:55Z] Iter 1469 | Total-in: 0 | Non-cached: 0 | Cache-read: 0 | Cache-create: 0 | Output: 0 | Cost: $0 | Duration: 440ms | Turns: 1
[2026-04-04T08:11:57Z] Iter 1462 | Total-in: 0 | Non-cached: 0 | Cache-read: 0 | Cache-create: 0 | Output: 0 | Cost: $0 | Duration: 456ms | Turns: 1
[2026-04-04T08:12:07Z] Iter 1470 | Total-in: 0 | Non-cached: 0 | Cache-read: 0 | Cache-create: 0 | Output: 0 | Cost: $0 | Duration: 482ms | Turns: 1
[2026-04-04T08:12:11Z] Iter 1470 | Total-in: 0 | Non-cached: 0 | Cache-read: 0 | Cache-create: 0 | Output: 0 | Cost: $0 | Duration: 504ms | Turns: 1
[2026-04-04T08:12:11Z] Iter 1469 | Total-in: 0 | Non-cached: 0 | Cache-read: 0 | Cache-create: 0 | Output: 0 | Cost: $0 | Duration: 504ms | Turns: 1
[2026-04-04T08:12:14Z] Iter 1463 | Total-in: 0 | Non-cached: 0 | Cache-read: 0 | Cache-create: 0 | Output: 0 | Cost: $0 | Duration: 818ms | Turns: 1
[2026-04-04T08:12:22Z] Iter 1471 | Total-in: 0 | Non-cached: 0 | Cache-read: 0 | Cache-create: 0 | Output: 0 | Cost: $0 | Duration: 543ms | Turns: 1
[2026-04-04T08:12:27Z] Iter 1470 | Total-in: 0 | Non-cached: 0 | Cache-read: 0 | Cache-create: 0 | Output: 0 | Cost: $0 | Duration: 1117ms | Turns: 1
[2026-04-04T08:12:27Z] Iter 1471 | Total-in: 0 | Non-cached: 0 | Cache-read: 0 | Cache-create: 0 | Output: 0 | Cost: $0 | Duration: 1117ms | Turns: 1
[2026-04-04T08:12:29Z] Iter 1464 | Total-in: 0 | Non-cached: 0 | Cache-read: 0 | Cache-create: 0 | Output: 0 | Cost: $0 | Duration: 535ms | Turns: 1
[] Iter 1472 | No token data (result file empty or parse failed)
[2026-04-04T08:12:43Z] Iter 1471 | Total-in: 0 | Non-cached: 0 | Cache-read: 0 | Cache-create: 0 | Output: 0 | Cost: $0 | Duration: 436ms | Turns: 1
[2026-04-04T08:12:43Z] Iter 1472 | Total-in: 0 | Non-cached: 0 | Cache-read: 0 | Cache-create: 0 | Output: 0 | Cost: $0 | Duration: 436ms | Turns: 1
[2026-04-04T08:12:45Z] Iter 1465 | Total-in: 0 | Non-cached: 0 | Cache-read: 0 | Cache-create: 0 | Output: 0 | Cost: $0 | Duration: 422ms | Turns: 1
[] Iter 1473 | No token data (result file empty or parse failed)
[] Iter 1473 | No token data (result file empty or parse failed)
[2026-04-04T08:13:00Z] Iter 1472 | Total-in: 0 | Non-cached: 0 | Cache-read: 0 | Cache-create: 0 | Output: 0 | Cost: $0 | Duration: 1106ms | Turns: 1
[2026-04-04T08:13:01Z] Iter 1466 | Total-in: 0 | Non-cached: 0 | Cache-read: 0 | Cache-create: 0 | Output: 0 | Cost: $0 | Duration: 483ms | Turns: 1
[2026-04-04T08:13:07Z] Iter 1474 | Total-in: 0 | Non-cached: 0 | Cache-read: 0 | Cache-create: 0 | Output: 0 | Cost: $0 | Duration: 480ms | Turns: 1
[2026-04-04T08:13:15Z] Iter 1474 | Total-in: 0 | Non-cached: 0 | Cache-read: 0 | Cache-create: 0 | Output: 0 | Cost: $0 | Duration: ms | Turns: 
[2026-04-04T08:13:17Z] Iter 1473 | Total-in: 0 | Non-cached: 0 | Cache-read: 0 | Cache-create: 0 | Output: 0 | Cost: $0 | Duration: 432ms | Turns: 1
[2026-04-04T08:13:18Z] Iter 1467 | Total-in: 0 | Non-cached: 0 | Cache-read: 0 | Cache-create: 0 | Output: 0 | Cost: $0 | Duration: 432ms | Turns: 1
[2026-04-04T08:13:22Z] Iter 1475 | Total-in: 0 | Non-cached: 0 | Cache-read: 0 | Cache-create: 0 | Output: 0 | Cost: $0 | Duration: 516ms | Turns: 1
[] Iter 1475 | No token data (result file empty or parse failed)
[2026-04-04T08:13:33Z] Iter 1474 | Total-in: 0 | Non-cached: 0 | Cache-read: 0 | Cache-create: 0 | Output: 0 | Cost: $0 | Duration: 476ms | Turns: 1
[2026-04-04T08:13:34Z] Iter 1468 | Total-in: 0 | Non-cached: 0 | Cache-read: 0 | Cache-create: 0 | Output: 0 | Cost: $0 | Duration: 476ms | Turns: 1
[2026-04-04T08:13:40Z] Iter 1476 | Total-in: 0 | Non-cached: 0 | Cache-read: 0 | Cache-create: 0 | Output: 0 | Cost: $0 | Duration: 600ms | Turns: 1
[2026-04-04T08:13:46Z] Iter 1476 | Total-in: 0 | Non-cached: 0 | Cache-read: 0 | Cache-create: 0 | Output: 0 | Cost: $0 | Duration: 907ms | Turns: 1
[2026-04-04T08:13:50Z] Iter 1475 | Total-in: 0 | Non-cached: 0 | Cache-read: 0 | Cache-create: 0 | Output: 0 | Cost: $0 | Duration: 527ms | Turns: 1
[2026-04-04T08:13:51Z] Iter 1469 | Total-in: 0 | Non-cached: 0 | Cache-read: 0 | Cache-create: 0 | Output: 0 | Cost: $0 | Duration: 527ms | Turns: 1
[2026-04-04T08:13:56Z] Iter 1477 | Total-in: 0 | Non-cached: 0 | Cache-read: 0 | Cache-create: 0 | Output: 0 | Cost: $0 | Duration: 595ms | Turns: 1
[2026-04-04T08:14:04Z] Iter 1477 | Total-in: 0 | Non-cached: 0 | Cache-read: 0 | Cache-create: 0 | Output: 0 | Cost: $0 | Duration: 495ms | Turns: 1
[2026-04-04T08:14:07Z] Iter 1476 | Total-in: 0 | Non-cached: 0 | Cache-read: 0 | Cache-create: 0 | Output: 0 | Cost: $0 | Duration: 495ms | Turns: 1
[2026-04-04T08:14:09Z] Iter 1470 | Total-in: 0 | Non-cached: 0 | Cache-read: 0 | Cache-create: 0 | Output: 0 | Cost: $0 | Duration: 507ms | Turns: 1
[2026-04-04T08:14:14Z] Iter 1478 | Total-in: 0 | Non-cached: 0 | Cache-read: 0 | Cache-create: 0 | Output: 0 | Cost: $0 | Duration: 519ms | Turns: 1
[2026-04-04T08:14:22Z] Iter 1478 | Total-in: 0 | Non-cached: 0 | Cache-read: 0 | Cache-create: 0 | Output: 0 | Cost: $0 | Duration: 555ms | Turns: 1
[2026-04-04T08:14:24Z] Iter 1477 | Total-in: 0 | Non-cached: 0 | Cache-read: 0 | Cache-create: 0 | Output: 0 | Cost: $0 | Duration: 521ms | Turns: 1
[2026-04-04T08:14:26Z] Iter 1471 | Total-in: 0 | Non-cached: 0 | Cache-read: 0 | Cache-create: 0 | Output: 0 | Cost: $0 | Duration: 489ms | Turns: 1
[] Iter 1479 | No token data (result file empty or parse failed)
[2026-04-04T08:14:38Z] Iter 1479 | Total-in: 0 | Non-cached: 0 | Cache-read: 0 | Cache-create: 0 | Output: 0 | Cost: $0 | Duration: 475ms | Turns: 1
[2026-04-04T08:14:41Z] Iter 1478 | Total-in: 0 | Non-cached: 0 | Cache-read: 0 | Cache-create: 0 | Output: 0 | Cost: $0 | Duration: 513ms | Turns: 1
[2026-04-04T08:14:43Z] Iter 1472 | Total-in: 0 | Non-cached: 0 | Cache-read: 0 | Cache-create: 0 | Output: 0 | Cost: $0 | Duration: 465ms | Turns: 1
[2026-04-04T08:14:46Z] Iter 1480 | Total-in: 0 | Non-cached: 0 | Cache-read: 0 | Cache-create: 0 | Output: 0 | Cost: $0 | Duration: 474ms | Turns: 1
[2026-04-04T08:14:54Z] Iter 1480 | Total-in: 0 | Non-cached: 0 | Cache-read: 0 | Cache-create: 0 | Output: 0 | Cost: $0 | Duration: 433ms | Turns: 1
[2026-04-04T08:14:55Z] Iter 1479 | Total-in: 0 | Non-cached: 0 | Cache-read: 0 | Cache-create: 0 | Output: 0 | Cost: $0 | Duration: 487ms | Turns: 1
[2026-04-04T08:14:57Z] Iter 1473 | Total-in: 0 | Non-cached: 0 | Cache-read: 0 | Cache-create: 0 | Output: 0 | Cost: $0 | Duration: 430ms | Turns: 1
[2026-04-04T08:15:00Z] Iter 1481 | Total-in: 0 | Non-cached: 0 | Cache-read: 0 | Cache-create: 0 | Output: 0 | Cost: $0 | Duration: 490ms | Turns: 1
[2026-04-04T08:15:09Z] Iter 1481 | Total-in: 0 | Non-cached: 0 | Cache-read: 0 | Cache-create: 0 | Output: 0 | Cost: $0 | Duration: 546ms | Turns: 1
[2026-04-04T08:15:10Z] Iter 1480 | Total-in: 0 | Non-cached: 0 | Cache-read: 0 | Cache-create: 0 | Output: 0 | Cost: $0 | Duration: 546ms | Turns: 1
[2026-04-04T08:15:11Z] Iter 1474 | Total-in: 0 | Non-cached: 0 | Cache-read: 0 | Cache-create: 0 | Output: 0 | Cost: $0 | Duration: 494ms | Turns: 1
[2026-04-04T08:15:14Z] Iter 1482 | Total-in: 0 | Non-cached: 0 | Cache-read: 0 | Cache-create: 0 | Output: 0 | Cost: $0 | Duration: 476ms | Turns: 1
[2026-04-04T08:15:24Z] Iter 1482 | Total-in: 0 | Non-cached: 0 | Cache-read: 0 | Cache-create: 0 | Output: 0 | Cost: $0 | Duration: 410ms | Turns: 1
[2026-04-04T08:15:25Z] Iter 1481 | Total-in: 0 | Non-cached: 0 | Cache-read: 0 | Cache-create: 0 | Output: 0 | Cost: $0 | Duration: 410ms | Turns: 1
[2026-04-04T08:15:26Z] Iter 1475 | Total-in: 0 | Non-cached: 0 | Cache-read: 0 | Cache-create: 0 | Output: 0 | Cost: $0 | Duration: 851ms | Turns: 1
[2026-04-04T08:15:29Z] Iter 1483 | Total-in: 0 | Non-cached: 0 | Cache-read: 0 | Cache-create: 0 | Output: 0 | Cost: $0 | Duration: 415ms | Turns: 1
[2026-04-04T08:15:38Z] Iter 1483 | Total-in: 0 | Non-cached: 0 | Cache-read: 0 | Cache-create: 0 | Output: 0 | Cost: $0 | Duration: 531ms | Turns: 1
[2026-04-04T08:15:39Z] Iter 1482 | Total-in: 0 | Non-cached: 0 | Cache-read: 0 | Cache-create: 0 | Output: 0 | Cost: $0 | Duration: 531ms | Turns: 1
[2026-04-04T08:15:42Z] Iter 1476 | Total-in: 0 | Non-cached: 0 | Cache-read: 0 | Cache-create: 0 | Output: 0 | Cost: $0 | Duration: 602ms | Turns: 1
[2026-04-04T08:15:44Z] Iter 1484 | Total-in: 0 | Non-cached: 0 | Cache-read: 0 | Cache-create: 0 | Output: 0 | Cost: $0 | Duration: 502ms | Turns: 1
[2026-04-04T08:15:53Z] Iter 1484 | Total-in: 0 | Non-cached: 0 | Cache-read: 0 | Cache-create: 0 | Output: 0 | Cost: $0 | Duration: 393ms | Turns: 1
[2026-04-04T08:15:54Z] Iter 1483 | Total-in: 0 | Non-cached: 0 | Cache-read: 0 | Cache-create: 0 | Output: 0 | Cost: $0 | Duration: 517ms | Turns: 1
[2026-04-04T08:15:57Z] Iter 1477 | Total-in: 0 | Non-cached: 0 | Cache-read: 0 | Cache-create: 0 | Output: 0 | Cost: $0 | Duration: 429ms | Turns: 1
[2026-04-04T08:15:59Z] Iter 1485 | Total-in: 0 | Non-cached: 0 | Cache-read: 0 | Cache-create: 0 | Output: 0 | Cost: $0 | Duration: 505ms | Turns: 1
[2026-04-04T08:16:08Z] Iter 1485 | Total-in: 0 | Non-cached: 0 | Cache-read: 0 | Cache-create: 0 | Output: 0 | Cost: $0 | Duration: 436ms | Turns: 1
[2026-04-04T08:16:09Z] Iter 1484 | Total-in: 0 | Non-cached: 0 | Cache-read: 0 | Cache-create: 0 | Output: 0 | Cost: $0 | Duration: 474ms | Turns: 1
[2026-04-04T08:16:11Z] Iter 1478 | Total-in: 0 | Non-cached: 0 | Cache-read: 0 | Cache-create: 0 | Output: 0 | Cost: $0 | Duration: 391ms | Turns: 1
[2026-04-04T08:16:13Z] Iter 1486 | Total-in: 0 | Non-cached: 0 | Cache-read: 0 | Cache-create: 0 | Output: 0 | Cost: $0 | Duration: 414ms | Turns: 1
[2026-04-04T08:16:22Z] Iter 1486 | Total-in: 0 | Non-cached: 0 | Cache-read: 0 | Cache-create: 0 | Output: 0 | Cost: $0 | Duration: 520ms | Turns: 1
[2026-04-04T08:16:24Z] Iter 1485 | Total-in: 0 | Non-cached: 0 | Cache-read: 0 | Cache-create: 0 | Output: 0 | Cost: $0 | Duration: 514ms | Turns: 1
[2026-04-04T08:16:27Z] Iter 1479 | Total-in: 0 | Non-cached: 0 | Cache-read: 0 | Cache-create: 0 | Output: 0 | Cost: $0 | Duration: 407ms | Turns: 1
[2026-04-04T08:16:28Z] Iter 1487 | Total-in: 0 | Non-cached: 0 | Cache-read: 0 | Cache-create: 0 | Output: 0 | Cost: $0 | Duration: 407ms | Turns: 1
[2026-04-04T08:16:37Z] Iter 1487 | Total-in: 0 | Non-cached: 0 | Cache-read: 0 | Cache-create: 0 | Output: 0 | Cost: $0 | Duration: 438ms | Turns: 1
[2026-04-04T08:16:38Z] Iter 1486 | Total-in: 0 | Non-cached: 0 | Cache-read: 0 | Cache-create: 0 | Output: 0 | Cost: $0 | Duration: 539ms | Turns: 1
[2026-04-04T08:16:43Z] Iter 1480 | Total-in: 0 | Non-cached: 0 | Cache-read: 0 | Cache-create: 0 | Output: 0 | Cost: $0 | Duration: 521ms | Turns: 1
[2026-04-04T08:16:43Z] Iter 1488 | Total-in: 0 | Non-cached: 0 | Cache-read: 0 | Cache-create: 0 | Output: 0 | Cost: $0 | Duration: 521ms | Turns: 1
[2026-04-04T08:16:53Z] Iter 1488 | Total-in: 0 | Non-cached: 0 | Cache-read: 0 | Cache-create: 0 | Output: 0 | Cost: $0 | Duration: 495ms | Turns: 1
[2026-04-04T08:16:55Z] Iter 1487 | Total-in: 0 | Non-cached: 0 | Cache-read: 0 | Cache-create: 0 | Output: 0 | Cost: $0 | Duration: 523ms | Turns: 1
[2026-04-04T08:16:58Z] Iter 1481 | Total-in: 0 | Non-cached: 0 | Cache-read: 0 | Cache-create: 0 | Output: 0 | Cost: $0 | Duration: 518ms | Turns: 1
[2026-04-04T08:16:59Z] Iter 1489 | Total-in: 0 | Non-cached: 0 | Cache-read: 0 | Cache-create: 0 | Output: 0 | Cost: $0 | Duration: 518ms | Turns: 1
[2026-04-04T08:17:09Z] Iter 1489 | Total-in: 0 | Non-cached: 0 | Cache-read: 0 | Cache-create: 0 | Output: 0 | Cost: $0 | Duration: 522ms | Turns: 1
[2026-04-04T08:17:10Z] Iter 1488 | Total-in: 0 | Non-cached: 0 | Cache-read: 0 | Cache-create: 0 | Output: 0 | Cost: $0 | Duration: 443ms | Turns: 1
[2026-04-04T08:17:14Z] Iter 1482 | Total-in: 0 | Non-cached: 0 | Cache-read: 0 | Cache-create: 0 | Output: 0 | Cost: $0 | Duration: 494ms | Turns: 1
[2026-04-04T08:17:14Z] Iter 1490 | Total-in: 0 | Non-cached: 0 | Cache-read: 0 | Cache-create: 0 | Output: 0 | Cost: $0 | Duration: 494ms | Turns: 1
[2026-04-04T08:17:24Z] Iter 1490 | Total-in: 0 | Non-cached: 0 | Cache-read: 0 | Cache-create: 0 | Output: 0 | Cost: $0 | Duration: 617ms | Turns: 1
[2026-04-04T08:17:27Z] Iter 1489 | Total-in: 0 | Non-cached: 0 | Cache-read: 0 | Cache-create: 0 | Output: 0 | Cost: $0 | Duration: 1663ms | Turns: 1
[2026-04-04T08:17:30Z] Iter 1483 | Total-in: 0 | Non-cached: 0 | Cache-read: 0 | Cache-create: 0 | Output: 0 | Cost: $0 | Duration: 515ms | Turns: 1
[2026-04-04T08:17:30Z] Iter 1491 | Total-in: 0 | Non-cached: 0 | Cache-read: 0 | Cache-create: 0 | Output: 0 | Cost: $0 | Duration: 515ms | Turns: 1
[2026-04-04T08:17:39Z] Iter 1491 | Total-in: 0 | Non-cached: 0 | Cache-read: 0 | Cache-create: 0 | Output: 0 | Cost: $0 | Duration: 483ms | Turns: 1
[2026-04-04T08:17:44Z] Iter 1490 | Total-in: 0 | Non-cached: 0 | Cache-read: 0 | Cache-create: 0 | Output: 0 | Cost: $0 | Duration: 610ms | Turns: 1
[2026-04-04T08:17:47Z] Iter 1492 | Total-in: 0 | Non-cached: 0 | Cache-read: 0 | Cache-create: 0 | Output: 0 | Cost: $0 | Duration: 600ms | Turns: 1
[2026-04-04T08:17:47Z] Iter 1484 | Total-in: 0 | Non-cached: 0 | Cache-read: 0 | Cache-create: 0 | Output: 0 | Cost: $0 | Duration: 600ms | Turns: 1
[] Iter 1492 | No token data (result file empty or parse failed)
[2026-04-04T08:18:00Z] Iter 1491 | Total-in: 0 | Non-cached: 0 | Cache-read: 0 | Cache-create: 0 | Output: 0 | Cost: $0 | Duration: 475ms | Turns: 1
[2026-04-04T08:18:03Z] Iter 1485 | Total-in: 0 | Non-cached: 0 | Cache-read: 0 | Cache-create: 0 | Output: 0 | Cost: $0 | Duration: 537ms | Turns: 1
[2026-04-04T08:18:03Z] Iter 1493 | Total-in: 0 | Non-cached: 0 | Cache-read: 0 | Cache-create: 0 | Output: 0 | Cost: $0 | Duration: 537ms | Turns: 1
[] Iter 1493 | No token data (result file empty or parse failed)
[2026-04-04T08:18:17Z] Iter 1492 | Total-in: 0 | Non-cached: 0 | Cache-read: 0 | Cache-create: 0 | Output: 0 | Cost: $0 | Duration: 858ms | Turns: 1
[2026-04-04T08:18:21Z] Iter 1486 | Total-in: 0 | Non-cached: 0 | Cache-read: 0 | Cache-create: 0 | Output: 0 | Cost: $0 | Duration: 439ms | Turns: 1
[2026-04-04T08:18:21Z] Iter 1494 | Total-in: 0 | Non-cached: 0 | Cache-read: 0 | Cache-create: 0 | Output: 0 | Cost: $0 | Duration: 439ms | Turns: 1
[2026-04-04T08:18:28Z] Iter 1494 | Total-in: 0 | Non-cached: 0 | Cache-read: 0 | Cache-create: 0 | Output: 0 | Cost: $0 | Duration: 738ms | Turns: 1
[2026-04-04T08:18:34Z] Iter 1493 | Total-in: 0 | Non-cached: 0 | Cache-read: 0 | Cache-create: 0 | Output: 0 | Cost: $0 | Duration: 595ms | Turns: 1
[2026-04-04T08:18:38Z] Iter 1487 | Total-in: 0 | Non-cached: 0 | Cache-read: 0 | Cache-create: 0 | Output: 0 | Cost: $0 | Duration: 610ms | Turns: 1
[2026-04-04T08:18:38Z] Iter 1495 | Total-in: 0 | Non-cached: 0 | Cache-read: 0 | Cache-create: 0 | Output: 0 | Cost: $0 | Duration: 610ms | Turns: 1
[2026-04-04T08:18:45Z] Iter 1495 | Total-in: 0 | Non-cached: 0 | Cache-read: 0 | Cache-create: 0 | Output: 0 | Cost: $0 | Duration: 831ms | Turns: 1
[2026-04-04T08:18:51Z] Iter 1494 | Total-in: 0 | Non-cached: 0 | Cache-read: 0 | Cache-create: 0 | Output: 0 | Cost: $0 | Duration: 505ms | Turns: 1
[2026-04-04T08:18:55Z] Iter 1488 | Total-in: 0 | Non-cached: 0 | Cache-read: 0 | Cache-create: 0 | Output: 0 | Cost: $0 | Duration: 456ms | Turns: 1
[2026-04-04T08:18:56Z] Iter 1496 | Total-in: 0 | Non-cached: 0 | Cache-read: 0 | Cache-create: 0 | Output: 0 | Cost: $0 | Duration: 477ms | Turns: 1
[2026-04-04T08:19:01Z] Iter 1496 | Total-in: 0 | Non-cached: 0 | Cache-read: 0 | Cache-create: 0 | Output: 0 | Cost: $0 | Duration: 483ms | Turns: 1
[2026-04-04T08:19:09Z] Iter 1495 | Total-in: 0 | Non-cached: 0 | Cache-read: 0 | Cache-create: 0 | Output: 0 | Cost: $0 | Duration: 1291ms | Turns: 1
[2026-04-04T08:19:11Z] Iter 1489 | Total-in: 0 | Non-cached: 0 | Cache-read: 0 | Cache-create: 0 | Output: 0 | Cost: $0 | Duration: 483ms | Turns: 1
[2026-04-04T08:19:14Z] Iter 1497 | Total-in: 0 | Non-cached: 0 | Cache-read: 0 | Cache-create: 0 | Output: 0 | Cost: $0 | Duration: 504ms | Turns: 1
[2026-04-04T08:19:19Z] Iter 1497 | Total-in: 0 | Non-cached: 0 | Cache-read: 0 | Cache-create: 0 | Output: 0 | Cost: $0 | Duration: 704ms | Turns: 1
[2026-04-04T08:19:25Z] Iter 1496 | Total-in: 0 | Non-cached: 0 | Cache-read: 0 | Cache-create: 0 | Output: 0 | Cost: $0 | Duration: 418ms | Turns: 1
[2026-04-04T08:19:27Z] Iter 1490 | Total-in: 0 | Non-cached: 0 | Cache-read:  | Cache-create:  | Output:  | Cost: $ | Duration: ms | Turns: 
[2026-04-04T08:19:29Z] Iter 1498 | Total-in: 0 | Non-cached: 0 | Cache-read: 0 | Cache-create: 0 | Output: 0 | Cost: $0 | Duration: 406ms | Turns: 1
[] Iter 1498 | No token data (result file empty or parse failed)
[2026-04-04T08:19:39Z] Iter 1497 | Total-in: 0 | Non-cached: 0 | Cache-read: 0 | Cache-create: 0 | Output: 0 | Cost: $0 | Duration: 540ms | Turns: 1
[2026-04-04T08:19:41Z] Iter 1491 | Total-in: 0 | Non-cached: 0 | Cache-read: 0 | Cache-create: 0 | Output: 0 | Cost: $0 | Duration: 383ms | Turns: 1
[2026-04-04T08:19:43Z] Iter 1499 | Total-in: 0 | Non-cached: 0 | Cache-read: 0 | Cache-create: 0 | Output: 0 | Cost: $0 | Duration: 529ms | Turns: 1
[2026-04-04T08:19:47Z] Iter 1499 | Total-in: 0 | Non-cached: 0 | Cache-read: 0 | Cache-create: 0 | Output: 0 | Cost: $ | Duration: ms | Turns: 
[2026-04-04T08:19:54Z] Iter 1498 | Total-in: 0 | Non-cached: 0 | Cache-read: 0 | Cache-create: 0 | Output: 0 | Cost: $0 | Duration: 486ms | Turns: 1
[2026-04-04T08:19:56Z] Iter 1492 | Total-in: 0 | Non-cached: 0 | Cache-read: 0 | Cache-create: 0 | Output: 0 | Cost: $0 | Duration: 414ms | Turns: 1
[2026-04-04T08:19:58Z] Iter 1500 | Total-in: 0 | Non-cached: 0 | Cache-read: 0 | Cache-create: 0 | Output: 0 | Cost: $0 | Duration: 583ms | Turns: 1
[2026-04-04T08:20:01Z] Iter 1500 | Total-in: 0 | Non-cached: 0 | Cache-read: 0 | Cache-create: 0 | Output: 0 | Cost: $0 | Duration: 783ms | Turns: 1
[2026-04-04T08:20:08Z] Iter 1499 | Total-in: 0 | Non-cached: 0 | Cache-read: 0 | Cache-create: 0 | Output: 0 | Cost: $0 | Duration: 492ms | Turns: 1
[2026-04-04T08:20:12Z] Iter 1493 | Total-in: 0 | Non-cached: 0 | Cache-read: 0 | Cache-create: 0 | Output: 0 | Cost: $0 | Duration: 480ms | Turns: 1
[2026-04-04T08:20:13Z] Iter 1501 | Total-in: 0 | Non-cached: 0 | Cache-read: 0 | Cache-create: 0 | Output: 0 | Cost: $0 | Duration: 548ms | Turns: 1
[2026-04-04T08:20:18Z] Iter 1501 | Total-in: 0 | Non-cached: 0 | Cache-read: 0 | Cache-create: 0 | Output: 0 | Cost: $0 | Duration: 2013ms | Turns: 1
[2026-04-04T08:20:22Z] Iter 1500 | Total-in: 0 | Non-cached: 0 | Cache-read: 0 | Cache-create: 0 | Output: 0 | Cost: $0 | Duration: 402ms | Turns: 1
[2026-04-04T08:20:26Z] Iter 1494 | Total-in: 0 | Non-cached: 0 | Cache-read: 0 | Cache-create: 0 | Output: 0 | Cost: $0 | Duration: 473ms | Turns: 1
[2026-04-04T08:20:28Z] Iter 1502 | Total-in: 0 | Non-cached: 0 | Cache-read: 0 | Cache-create: 0 | Output: 0 | Cost: $0 | Duration: 402ms | Turns: 1
[2026-04-04T08:20:34Z] Iter 1502 | Total-in: 0 | Non-cached: 0 | Cache-read: 0 | Cache-create: 0 | Output: 0 | Cost: $0 | Duration: 590ms | Turns: 1
[] Iter 1501 | No token data (result file empty or parse failed)
[2026-04-04T08:20:41Z] Iter 1495 | Total-in: 0 | Non-cached: 0 | Cache-read: 0 | Cache-create: 0 | Output: 0 | Cost: $0 | Duration: 434ms | Turns: 1
[2026-04-04T08:20:43Z] Iter 1503 | Total-in: 0 | Non-cached: 0 | Cache-read: 0 | Cache-create: 0 | Output: 0 | Cost: $0 | Duration: 531ms | Turns: 1
[2026-04-04T08:20:48Z] Iter 1503 | Total-in: 0 | Non-cached: 0 | Cache-read: 0 | Cache-create: 0 | Output: 0 | Cost: $0 | Duration: 435ms | Turns: 1
[2026-04-04T08:20:50Z] Iter 1502 | Total-in: 0 | Non-cached: 0 | Cache-read: 0 | Cache-create: 0 | Output: 0 | Cost: $0 | Duration: 606ms | Turns: 1
[2026-04-04T08:20:55Z] Iter 1496 | Total-in: 0 | Non-cached: 0 | Cache-read: 0 | Cache-create:  | Output: 0 | Cost: $ | Duration: ms | Turns: 
[2026-04-04T08:20:58Z] Iter 1504 | Total-in: 0 | Non-cached: 0 | Cache-read: 0 | Cache-create: 0 | Output: 0 | Cost: $0 | Duration: 417ms | Turns: 1
[2026-04-04T08:21:02Z] Iter 1504 | Total-in: 0 | Non-cached: 0 | Cache-read: 0 | Cache-create: 0 | Output: 0 | Cost: $0 | Duration: 422ms | Turns: 1
[2026-04-04T08:21:04Z] Iter 1503 | Total-in: 0 | Non-cached: 0 | Cache-read: 0 | Cache-create: 0 | Output: 0 | Cost: $0 | Duration: 414ms | Turns: 1
[2026-04-04T08:21:10Z] Iter 1497 | Total-in: 0 | Non-cached: 0 | Cache-read: 0 | Cache-create: 0 | Output: 0 | Cost: $0 | Duration: ms | Turns: 
[2026-04-04T08:21:12Z] Iter 1505 | Total-in: 0 | Non-cached: 0 | Cache-read: 0 | Cache-create: 0 | Output: 0 | Cost: $0 | Duration: ms | Turns: 
[2026-04-04T08:21:16Z] Iter 1505 | Total-in: 0 | Non-cached: 0 | Cache-read: 0 | Cache-create: 0 | Output: 0 | Cost: $0 | Duration: 454ms | Turns: 1
[2026-04-04T08:21:19Z] Iter 1504 | Total-in: 0 | Non-cached: 0 | Cache-read: 0 | Cache-create: 0 | Output: 0 | Cost: $0 | Duration: 460ms | Turns: 1
[2026-04-04T08:21:25Z] Iter 1498 | Total-in: 0 | Non-cached: 0 | Cache-read: 0 | Cache-create: 0 | Output: 0 | Cost: $0 | Duration: 424ms | Turns: 1
[2026-04-04T08:21:27Z] Iter 1506 | Total-in: 0 | Non-cached: 0 | Cache-read: 0 | Cache-create: 0 | Output: 0 | Cost: $ | Duration: ms | Turns: 
[2026-04-04T08:21:32Z] Iter 1506 | Total-in: 0 | Non-cached: 0 | Cache-read: 0 | Cache-create: 0 | Output: 0 | Cost: $0 | Duration: 529ms | Turns: 1
[2026-04-04T08:21:34Z] Iter 1505 | Total-in: 0 | Non-cached: 0 | Cache-read: 0 | Cache-create: 0 | Output: 0 | Cost: $0 | Duration: 505ms | Turns: 1
[] Iter 1499 | No token data (result file empty or parse failed)
[2026-04-04T08:21:42Z] Iter 1507 | Total-in: 0 | Non-cached: 0 | Cache-read: 0 | Cache-create: 0 | Output: 0 | Cost: $0 | Duration: 476ms | Turns: 1
[] Iter 1507 | No token data (result file empty or parse failed)
[2026-04-04T08:21:50Z] Iter 1506 | Total-in: 0 | Non-cached:  | Cache-read:  | Cache-create:  | Output:  | Cost: $ | Duration: ms | Turns: 
[2026-04-04T08:21:55Z] Iter 1500 | Total-in: 0 | Non-cached: 0 | Cache-read:  | Cache-create:  | Output:  | Cost: $ | Duration: ms | Turns: 
[] Iter 1508 | No token data (result file empty or parse failed)
[2026-04-04T08:22:02Z] Iter 1508 | Total-in: 0 | Non-cached: 0 | Cache-read: 0 | Cache-create: 0 | Output: 0 | Cost: $0 | Duration: 449ms | Turns: 1
[] Iter 1507 | No token data (result file empty or parse failed)
[2026-04-04T08:22:11Z] Iter 1501 | Total-in: 0 | Non-cached: 0 | Cache-read: 0 | Cache-create: 0 | Output: 0 | Cost: $0 | Duration: 504ms | Turns: 1
[2026-04-04T08:22:13Z] Iter 1509 | Total-in: 0 | Non-cached: 0 | Cache-read: 0 | Cache-create: 0 | Output: 0 | Cost: $0 | Duration: 479ms | Turns: 1
[2026-04-04T08:22:18Z] Iter 1509 | Total-in: 0 | Non-cached: 0 | Cache-read: 0 | Cache-create: 0 | Output: 0 | Cost: $0 | Duration: 502ms | Turns: 1
[2026-04-04T08:22:20Z] Iter 1508 | Total-in: 0 | Non-cached: 0 | Cache-read: 0 | Cache-create: 0 | Output: 0 | Cost: $0 | Duration: 510ms | Turns: 1
[2026-04-04T08:22:27Z] Iter 1502 | Total-in: 0 | Non-cached: 0 | Cache-read: 0 | Cache-create: 0 | Output: 0 | Cost: $0 | Duration: 435ms | Turns: 1
[2026-04-04T08:22:30Z] Iter 1510 | Total-in: 0 | Non-cached: 0 | Cache-read: 0 | Cache-create: 0 | Output: 0 | Cost: $0 | Duration: 755ms | Turns: 1
[2026-04-04T08:22:34Z] Iter 1510 | Total-in: 0 | Non-cached: 0 | Cache-read: 0 | Cache-create: 0 | Output: 0 | Cost: $0 | Duration: 569ms | Turns: 1
[2026-04-04T08:22:36Z] Iter 1509 | Total-in: 0 | Non-cached: 0 | Cache-read: 0 | Cache-create: 0 | Output: 0 | Cost: $0 | Duration: 543ms | Turns: 1
[] Iter 1503 | No token data (result file empty or parse failed)
[2026-04-04T08:22:46Z] Iter 1511 | Total-in: 0 | Non-cached: 0 | Cache-read: 0 | Cache-create: 0 | Output: 0 | Cost: $0 | Duration: 498ms | Turns: 1
[2026-04-04T08:22:53Z] Iter 1510 | Total-in: 0 | Non-cached: 0 | Cache-read: 0 | Cache-create: 0 | Output: 0 | Cost: $0 | Duration: 1696ms | Turns: 1
[2026-04-04T08:22:53Z] Iter 1511 | Total-in: 0 | Non-cached: 0 | Cache-read: 0 | Cache-create: 0 | Output: 0 | Cost: $0 | Duration: 1696ms | Turns: 1
[2026-04-04T08:22:57Z] Iter 1504 | Total-in: 0 | Non-cached: 0 | Cache-read: 0 | Cache-create: 0 | Output: 0 | Cost: $0 | Duration: 507ms | Turns: 1
[2026-04-04T08:23:03Z] Iter 1512 | Total-in: 0 | Non-cached: 0 | Cache-read: 0 | Cache-create: 0 | Output: 0 | Cost: $0 | Duration: 655ms | Turns: 1
[2026-04-04T08:23:10Z] Iter 1512 | Total-in: 0 | Non-cached: 0 | Cache-read: 0 | Cache-create: 0 | Output: 0 | Cost: $0 | Duration: 1667ms | Turns: 1
[2026-04-04T08:23:10Z] Iter 1511 | Total-in: 0 | Non-cached: 0 | Cache-read: 0 | Cache-create: 0 | Output: 0 | Cost: $0 | Duration: 1667ms | Turns: 1
[2026-04-04T08:23:13Z] Iter 1505 | Total-in: 0 | Non-cached: 0 | Cache-read: 0 | Cache-create: 0 | Output: 0 | Cost: $0 | Duration: 435ms | Turns: 1
[2026-04-04T08:23:20Z] Iter 1513 | Total-in: 0 | Non-cached: 0 | Cache-read: 0 | Cache-create: 0 | Output: 0 | Cost: $0 | Duration: 1485ms | Turns: 1
[2026-04-04T08:23:26Z] Iter 1512 | Total-in: 0 | Non-cached: 0 | Cache-read: 0 | Cache-create: 0 | Output: 0 | Cost: $0 | Duration: 472ms | Turns: 1
[2026-04-04T08:23:27Z] Iter 1513 | Total-in: 0 | Non-cached: 0 | Cache-read: 0 | Cache-create: 0 | Output: 0 | Cost: $0 | Duration: 472ms | Turns: 1
[2026-04-04T08:23:31Z] Iter 1506 | Total-in: 0 | Non-cached: 0 | Cache-read: 0 | Cache-create: 0 | Output: 0 | Cost: $0 | Duration: 479ms | Turns: 1
[2026-04-04T08:23:37Z] Iter 1514 | Total-in: 0 | Non-cached: 0 | Cache-read: 0 | Cache-create: 0 | Output: 0 | Cost: $0 | Duration: 573ms | Turns: 1
[2026-04-04T08:23:43Z] Iter 1513 | Total-in: 0 | Non-cached: 0 | Cache-read: 0 | Cache-create: 0 | Output: 0 | Cost: $0 | Duration: 474ms | Turns: 1
[2026-04-04T08:23:44Z] Iter 1514 | Total-in: 0 | Non-cached: 0 | Cache-read: 0 | Cache-create: 0 | Output: 0 | Cost: $0 | Duration: 474ms | Turns: 1
[2026-04-04T08:23:49Z] Iter 1507 | Total-in: 0 | Non-cached: 0 | Cache-read: 0 | Cache-create: 0 | Output: 0 | Cost: $0 | Duration: 1841ms | Turns: 1
[2026-04-04T08:23:53Z] Iter 1515 | Total-in: 0 | Non-cached: 0 | Cache-read: 0 | Cache-create: 0 | Output: 0 | Cost: $0 | Duration: 485ms | Turns: 1
[2026-04-04T08:24:00Z] Iter 1515 | Total-in: 0 | Non-cached: 0 | Cache-read: 0 | Cache-create: 0 | Output: 0 | Cost: $0 | Duration: 1569ms | Turns: 1
[2026-04-04T08:24:00Z] Iter 1514 | Total-in: 0 | Non-cached: 0 | Cache-read: 0 | Cache-create: 0 | Output: 0 | Cost: $0 | Duration: 1569ms | Turns: 1
[2026-04-04T08:24:05Z] Iter 1508 | Total-in: 0 | Non-cached: 0 | Cache-read: 0 | Cache-create: 0 | Output: 0 | Cost: $0 | Duration: 489ms | Turns: 1
[2026-04-04T08:24:09Z] Iter 1516 | Total-in: 0 | Non-cached: 0 | Cache-read: 0 | Cache-create: 0 | Output: 0 | Cost: $0 | Duration: 503ms | Turns: 1
[2026-04-04T08:24:16Z] Iter 1516 | Total-in: 0 | Non-cached: 0 | Cache-read: 0 | Cache-create: 0 | Output: 0 | Cost: $0 | Duration: 543ms | Turns: 1
[2026-04-04T08:24:17Z] Iter 1515 | Total-in: 0 | Non-cached: 0 | Cache-read: 0 | Cache-create: 0 | Output: 0 | Cost: $0 | Duration: 543ms | Turns: 1
[2026-04-04T08:24:22Z] Iter 1509 | Total-in: 0 | Non-cached: 0 | Cache-read: 0 | Cache-create: 0 | Output: 0 | Cost: $0 | Duration: 580ms | Turns: 1
[2026-04-04T08:24:26Z] Iter 1517 | Total-in: 0 | Non-cached: 0 | Cache-read: 0 | Cache-create: 0 | Output: 0 | Cost: $0 | Duration: 568ms | Turns: 1
[2026-04-04T08:24:31Z] Iter 1517 | Total-in: 0 | Non-cached: 0 | Cache-read: 0 | Cache-create: 0 | Output: 0 | Cost: $0 | Duration: 476ms | Turns: 1
[2026-04-04T08:24:32Z] Iter 1516 | Total-in: 0 | Non-cached: 0 | Cache-read: 0 | Cache-create: 0 | Output: 0 | Cost: $0 | Duration: 401ms | Turns: 1
[2026-04-04T08:24:36Z] Iter 1510 | Total-in: 0 | Non-cached: 0 | Cache-read: 0 | Cache-create: 0 | Output: 0 | Cost: $0 | Duration: 387ms | Turns: 1
[2026-04-04T08:24:40Z] Iter 1518 | Total-in: 0 | Non-cached:  | Cache-read:  | Cache-create:  | Output:  | Cost: $ | Duration: ms | Turns: 
[2026-04-04T08:24:45Z] Iter 1518 | Total-in: 0 | Non-cached: 0 | Cache-read: 0 | Cache-create: 0 | Output: 0 | Cost: $0 | Duration: 444ms | Turns: 1
[2026-04-04T08:24:47Z] Iter 1517 | Total-in: 0 | Non-cached: 0 | Cache-read: 0 | Cache-create: 0 | Output: 0 | Cost: $0 | Duration: 678ms | Turns: 1
[2026-04-04T08:24:50Z] Iter 1511 | Total-in: 0 | Non-cached: 0 | Cache-read: 0 | Cache-create: 0 | Output: 0 | Cost: $0 | Duration: 481ms | Turns: 1
[2026-04-04T08:24:54Z] Iter 1519 | Total-in: 0 | Non-cached: 0 | Cache-read: 0 | Cache-create: 0 | Output: 0 | Cost: $0 | Duration: 801ms | Turns: 1
[2026-04-04T08:24:59Z] Iter 1519 | Total-in: 0 | Non-cached: 0 | Cache-read: 0 | Cache-create: 0 | Output: 0 | Cost: $0 | Duration: 469ms | Turns: 1
[2026-04-04T08:25:02Z] Iter 1518 | Total-in: 0 | Non-cached: 0 | Cache-read: 0 | Cache-create: 0 | Output: 0 | Cost: $ | Duration: ms | Turns: 
[2026-04-04T08:25:05Z] Iter 1512 | Total-in: 0 | Non-cached: 0 | Cache-read: 0 | Cache-create: 0 | Output: 0 | Cost: $0 | Duration: 564ms | Turns: 1
[2026-04-04T08:25:10Z] Iter 1520 | Total-in: 0 | Non-cached: 0 | Cache-read: 0 | Cache-create: 0 | Output: 0 | Cost: $0 | Duration: 1483ms | Turns: 1
[2026-04-04T08:25:14Z] Iter 1520 | Total-in: 0 | Non-cached: 0 | Cache-read: 0 | Cache-create: 0 | Output: 0 | Cost: $0 | Duration: 393ms | Turns: 1
[2026-04-04T08:25:16Z] Iter 1519 | Total-in: 0 | Non-cached: 0 | Cache-read: 0 | Cache-create: 0 | Output: 0 | Cost: $0 | Duration: 421ms | Turns: 1
[2026-04-04T08:25:19Z] Iter 1513 | Total-in: 0 | Non-cached: 0 | Cache-read: 0 | Cache-create: 0 | Output: 0 | Cost: $0 | Duration: 469ms | Turns: 1
[2026-04-04T08:25:25Z] Iter 1521 | Total-in: 0 | Non-cached: 0 | Cache-read: 0 | Cache-create: 0 | Output: 0 | Cost: $0 | Duration: 501ms | Turns: 1
[] Iter 1521 | No token data (result file empty or parse failed)
[2026-04-04T08:25:31Z] Iter 1520 | Total-in: 0 | Non-cached: 0 | Cache-read: 0 | Cache-create: 0 | Output: 0 | Cost: $0 | Duration: 445ms | Turns: 1
[2026-04-04T08:25:34Z] Iter 1514 | Total-in: 0 | Non-cached: 0 | Cache-read: 0 | Cache-create: 0 | Output: 0 | Cost: $0 | Duration: 609ms | Turns: 1
[2026-04-04T08:25:39Z] Iter 1522 | Total-in: 0 | Non-cached: 0 | Cache-read: 0 | Cache-create: 0 | Output: 0 | Cost: $0 | Duration: 470ms | Turns: 1
[] Iter 1522 | No token data (result file empty or parse failed)
[2026-04-04T08:25:45Z] Iter 1521 | Total-in: 0 | Non-cached: 0 | Cache-read: 0 | Cache-create: 0 | Output: 0 | Cost: $0 | Duration: 440ms | Turns: 1
[2026-04-04T08:25:48Z] Iter 1515 | Total-in: 0 | Non-cached: 0 | Cache-read: 0 | Cache-create: 0 | Output: 0 | Cost: $0 | Duration: 459ms | Turns: 1
[] Iter 1523 | No token data (result file empty or parse failed)
[2026-04-04T08:25:56Z] Iter 1523 | Total-in: 0 | Non-cached: 0 | Cache-read: 0 | Cache-create: 0 | Output: 0 | Cost: $0 | Duration: 466ms | Turns: 1
[2026-04-04T08:26:00Z] Iter 1522 | Total-in: 0 | Non-cached: 0 | Cache-read: 0 | Cache-create: 0 | Output: 0 | Cost: $0 | Duration: 539ms | Turns: 1
[2026-04-04T08:26:03Z] Iter 1516 | Total-in: 0 | Non-cached: 0 | Cache-read: 0 | Cache-create: 0 | Output: 0 | Cost: $0 | Duration: 634ms | Turns: 1
[2026-04-04T08:26:07Z] Iter 1524 | Total-in: 0 | Non-cached: 0 | Cache-read: 0 | Cache-create: 0 | Output: 0 | Cost: $0 | Duration: 520ms | Turns: 1
[] Iter 1524 | No token data (result file empty or parse failed)
[2026-04-04T08:26:15Z] Iter 1523 | Total-in: 0 | Non-cached: 0 | Cache-read: 0 | Cache-create: 0 | Output: 0 | Cost: $0 | Duration: 435ms | Turns: 1
[2026-04-04T08:26:18Z] Iter 1517 | Total-in: 0 | Non-cached: 0 | Cache-read: 0 | Cache-create: 0 | Output: 0 | Cost: $0 | Duration: 480ms | Turns: 1
[2026-04-04T08:26:22Z] Iter 1525 | Total-in: 0 | Non-cached: 0 | Cache-read: 0 | Cache-create: 0 | Output: 0 | Cost: $0 | Duration: 459ms | Turns: 1
[2026-04-04T08:26:26Z] Iter 1525 | Total-in: 0 | Non-cached: 0 | Cache-read: 0 | Cache-create: 0 | Output: 0 | Cost: $0 | Duration: 541ms | Turns: 1
[] Iter 1524 | No token data (result file empty or parse failed)
[2026-04-04T08:26:33Z] Iter 1518 | Total-in: 0 | Non-cached: 0 | Cache-read:  | Cache-create:  | Output:  | Cost: $ | Duration: ms | Turns: 
[] Iter 1526 | No token data (result file empty or parse failed)
[2026-04-04T08:26:41Z] Iter 1526 | Total-in: 0 | Non-cached: 0 | Cache-read: 0 | Cache-create: 0 | Output: 0 | Cost: $0 | Duration: 620ms | Turns: 1
[2026-04-04T08:26:46Z] Iter 1525 | Total-in: 0 | Non-cached: 0 | Cache-read: 0 | Cache-create: 0 | Output: 0 | Cost: $0 | Duration: 1449ms | Turns: 1
[2026-04-04T08:26:49Z] Iter 1519 | Total-in: 0 | Non-cached: 0 | Cache-read: 0 | Cache-create:  | Output: 0 | Cost: $ | Duration: ms | Turns: 
[2026-04-04T08:26:52Z] Iter 1527 | Total-in: 0 | Non-cached: 0 | Cache-read: 0 | Cache-create: 0 | Output: 0 | Cost: $0 | Duration: 727ms | Turns: 1
[2026-04-04T08:26:58Z] Iter 1527 | Total-in: 0 | Non-cached: 0 | Cache-read: 0 | Cache-create: 0 | Output: 0 | Cost: $0 | Duration: 458ms | Turns: 1
[] Iter 1526 | No token data (result file empty or parse failed)
[2026-04-04T08:27:04Z] Iter 1520 | Total-in: 0 | Non-cached: 0 | Cache-read: 0 | Cache-create: 0 | Output: 0 | Cost: $0 | Duration: 510ms | Turns: 1
[2026-04-04T08:27:08Z] Iter 1528 | Total-in: 0 | Non-cached: 0 | Cache-read: 0 | Cache-create: 0 | Output: 0 | Cost: $0 | Duration: 436ms | Turns: 1
[2026-04-04T08:27:14Z] Iter 1528 | Total-in: 0 | Non-cached: 0 | Cache-read: 0 | Cache-create: 0 | Output: 0 | Cost: $0 | Duration: 630ms | Turns: 1
[2026-04-04T08:27:16Z] Iter 1527 | Total-in: 0 | Non-cached: 0 | Cache-read: 0 | Cache-create: 0 | Output: 0 | Cost: $0 | Duration: 477ms | Turns: 1
[2026-04-04T08:27:20Z] Iter 1521 | Total-in: 0 | Non-cached: 0 | Cache-read: 0 | Cache-create: 0 | Output: 0 | Cost: $0 | Duration: 459ms | Turns: 1
[2026-04-04T08:27:26Z] Iter 1529 | Total-in: 0 | Non-cached: 0 | Cache-read: 0 | Cache-create: 0 | Output: 0 | Cost: $0 | Duration: 439ms | Turns: 1
[2026-04-04T08:27:29Z] Iter 1529 | Total-in: 0 | Non-cached: 0 | Cache-read: 0 | Cache-create: 0 | Output: 0 | Cost: $0 | Duration: 502ms | Turns: 1
[2026-04-04T08:27:32Z] Iter 1528 | Total-in: 0 | Non-cached: 0 | Cache-read: 0 | Cache-create: 0 | Output: 0 | Cost: $0 | Duration: 456ms | Turns: 1
[2026-04-04T08:27:36Z] Iter 1522 | Total-in: 0 | Non-cached: 0 | Cache-read: 0 | Cache-create: 0 | Output: 0 | Cost: $0 | Duration: 441ms | Turns: 1
[2026-04-04T08:27:41Z] Iter 1530 | Total-in: 0 | Non-cached: 0 | Cache-read: 0 | Cache-create: 0 | Output: 0 | Cost: $0 | Duration: 690ms | Turns: 1
[2026-04-04T08:27:47Z] Iter 1530 | Total-in: 0 | Non-cached: 0 | Cache-read: 0 | Cache-create: 0 | Output: 0 | Cost: $0 | Duration: 1619ms | Turns: 1
[2026-04-04T08:27:48Z] Iter 1529 | Total-in: 0 | Non-cached: 0 | Cache-read: 0 | Cache-create: 0 | Output: 0 | Cost: $0 | Duration: 434ms | Turns: 1
[2026-04-04T08:27:52Z] Iter 1523 | Total-in: 0 | Non-cached: 0 | Cache-read: 0 | Cache-create: 0 | Output: 0 | Cost: $0 | Duration: 907ms | Turns: 1
[2026-04-04T08:27:57Z] Iter 1531 | Total-in: 0 | Non-cached: 0 | Cache-read: 0 | Cache-create: 0 | Output: 0 | Cost: $0 | Duration: 586ms | Turns: 1
[2026-04-04T08:28:03Z] Iter 1531 | Total-in: 0 | Non-cached: 0 | Cache-read: 0 | Cache-create: 0 | Output: 0 | Cost: $0 | Duration: 459ms | Turns: 1
[2026-04-04T08:28:04Z] Iter 1530 | Total-in: 0 | Non-cached: 0 | Cache-read: 0 | Cache-create: 0 | Output: 0 | Cost: $0 | Duration: 583ms | Turns: 1
[2026-04-04T08:28:08Z] Iter 1524 | Total-in: 0 | Non-cached: 0 | Cache-read: 0 | Cache-create: 0 | Output: 0 | Cost: $0 | Duration: 542ms | Turns: 1
[2026-04-04T08:28:13Z] Iter 1532 | Total-in: 0 | Non-cached: 0 | Cache-read: 0 | Cache-create: 0 | Output: 0 | Cost: $0 | Duration: 520ms | Turns: 1
[2026-04-04T08:28:20Z] Iter 1532 | Total-in: 0 | Non-cached: 0 | Cache-read: 0 | Cache-create: 0 | Output: 0 | Cost: $0 | Duration: 569ms | Turns: 1
[] Iter 1531 | No token data (result file empty or parse failed)
[2026-04-04T08:28:26Z] Iter 1525 | Total-in: 0 | Non-cached: 0 | Cache-read: 0 | Cache-create: 0 | Output: 0 | Cost: $0 | Duration: 525ms | Turns: 1
[2026-04-04T08:28:30Z] Iter 1533 | Total-in: 0 | Non-cached: 0 | Cache-read: 0 | Cache-create: 0 | Output: 0 | Cost: $0 | Duration: 461ms | Turns: 1
[2026-04-04T08:28:37Z] Iter 1533 | Total-in: 0 | Non-cached: 0 | Cache-read: 0 | Cache-create: 0 | Output: 0 | Cost: $0 | Duration: 649ms | Turns: 1
[2026-04-04T08:28:38Z] Iter 1532 | Total-in: 0 | Non-cached: 0 | Cache-read: 0 | Cache-create: 0 | Output: 0 | Cost: $0 | Duration: 649ms | Turns: 1
[2026-04-04T08:28:44Z] Iter 1526 | Total-in: 0 | Non-cached: 0 | Cache-read: 0 | Cache-create: 0 | Output: 0 | Cost: $0 | Duration: 1690ms | Turns: 1
[2026-04-04T08:28:47Z] Iter 1534 | Total-in: 0 | Non-cached: 0 | Cache-read: 0 | Cache-create: 0 | Output: 0 | Cost: $0 | Duration: 617ms | Turns: 1
[2026-04-04T08:28:55Z] Iter 1533 | Total-in: 0 | Non-cached: 0 | Cache-read: 0 | Cache-create: 0 | Output: 0 | Cost: $0 | Duration: 735ms | Turns: 1
[] Iter 1534 | No token data (result file empty or parse failed)
[2026-04-04T08:29:01Z] Iter 1527 | Total-in: 0 | Non-cached: 0 | Cache-read: 0 | Cache-create: 0 | Output: 0 | Cost: $0 | Duration: 464ms | Turns: 1
[2026-04-04T08:29:04Z] Iter 1535 | Total-in: 0 | Non-cached: 0 | Cache-read: 0 | Cache-create: 0 | Output: 0 | Cost: $0 | Duration: 544ms | Turns: 1
[2026-04-04T08:29:10Z] Iter 1534 | Total-in: 0 | Non-cached: 0 | Cache-read: 0 | Cache-create: 0 | Output: 0 | Cost: $0 | Duration: 497ms | Turns: 1
[2026-04-04T08:29:10Z] Iter 1535 | Total-in: 0 | Non-cached: 0 | Cache-read: 0 | Cache-create: 0 | Output: 0 | Cost: $0 | Duration: 497ms | Turns: 1
[2026-04-04T08:29:15Z] Iter 1528 | Total-in: 0 | Non-cached: 0 | Cache-read: 0 | Cache-create: 0 | Output: 0 | Cost: $0 | Duration: 848ms | Turns: 1
[2026-04-04T08:29:19Z] Iter 1536 | Total-in: 0 | Non-cached: 0 | Cache-read: 0 | Cache-create: 0 | Output: 0 | Cost: $0 | Duration: 441ms | Turns: 1
[2026-04-04T08:29:25Z] Iter 1535 | Total-in: 0 | Non-cached: 0 | Cache-read: 0 | Cache-create: 0 | Output: 0 | Cost: $0 | Duration: 606ms | Turns: 1
[2026-04-04T08:29:27Z] Iter 1536 | Total-in: 0 | Non-cached: 0 | Cache-read: 0 | Cache-create: 0 | Output: 0 | Cost: $0 | Duration: 1479ms | Turns: 1
[2026-04-04T08:29:30Z] Iter 1529 | Total-in: 0 | Non-cached: 0 | Cache-read: 0 | Cache-create: 0 | Output: 0 | Cost: $0 | Duration: 416ms | Turns: 1
[] Iter 1537 | No token data (result file empty or parse failed)
[2026-04-04T08:29:39Z] Iter 1536 | Total-in: 0 | Non-cached: 0 | Cache-read: 0 | Cache-create: 0 | Output: 0 | Cost: $0 | Duration: 391ms | Turns: 1
[] Iter 1537 | No token data (result file empty or parse failed)
[2026-04-04T08:29:45Z] Iter 1530 | Total-in: 0 | Non-cached: 0 | Cache-read: 0 | Cache-create: 0 | Output: 0 | Cost: $0 | Duration: 520ms | Turns: 1
[2026-04-04T08:29:47Z] Iter 1538 | Total-in: 0 | Non-cached: 0 | Cache-read: 0 | Cache-create: 0 | Output: 0 | Cost: $0 | Duration: 385ms | Turns: 1
[] Iter 1538 | No token data (result file empty or parse failed)
[] Iter 1537 | No token data (result file empty or parse failed)
[2026-04-04T08:29:59Z] Iter 1531 | Total-in: 0 | Non-cached: 0 | Cache-read: 0 | Cache-create: 0 | Output: 0 | Cost: $0 | Duration: 425ms | Turns: 1
[] Iter 1539 | No token data (result file empty or parse failed)
[2026-04-04T08:30:08Z] Iter 1539 | Total-in: 0 | Non-cached: 0 | Cache-read: 0 | Cache-create: 0 | Output: 0 | Cost: $0 | Duration: 425ms | Turns: 1
[2026-04-04T08:30:09Z] Iter 1538 | Total-in: 0 | Non-cached: 0 | Cache-read: 0 | Cache-create: 0 | Output: 0 | Cost: $0 | Duration: 425ms | Turns: 1
[2026-04-04T08:30:15Z] Iter 1532 | Total-in: 0 | Non-cached: 0 | Cache-read: 0 | Cache-create: 0 | Output: 0 | Cost: $0 | Duration: 1017ms | Turns: 1
[2026-04-04T08:30:18Z] Iter 1540 | Total-in: 0 | Non-cached: 0 | Cache-read: 0 | Cache-create: 0 | Output: 0 | Cost: $0 | Duration: 1249ms | Turns: 1
[2026-04-04T08:30:23Z] Iter 1539 | Total-in: 0 | Non-cached: 0 | Cache-read: 0 | Cache-create: 0 | Output: 0 | Cost: $0 | Duration: 554ms | Turns: 1
[2026-04-04T08:30:24Z] Iter 1540 | Total-in: 0 | Non-cached: 0 | Cache-read: 0 | Cache-create: 0 | Output: 0 | Cost: $0 | Duration: 475ms | Turns: 1
[2026-04-04T08:30:29Z] Iter 1533 | Total-in: 0 | Non-cached: 0 | Cache-read: 0 | Cache-create: 0 | Output: 0 | Cost: $0 | Duration: 478ms | Turns: 1
[] Iter 1541 | No token data (result file empty or parse failed)
[2026-04-04T08:30:39Z] Iter 1540 | Total-in: 0 | Non-cached: 0 | Cache-read: 0 | Cache-create: 0 | Output: 0 | Cost: $0 | Duration: 404ms | Turns: 1
[] Iter 1541 | No token data (result file empty or parse failed)
[2026-04-04T08:30:44Z] Iter 1534 | Total-in: 0 | Non-cached: 0 | Cache-read: 0 | Cache-create: 0 | Output: 0 | Cost: $0 | Duration: 540ms | Turns: 1
[2026-04-04T08:30:46Z] Iter 1542 | Total-in: 0 | Non-cached: 0 | Cache-read: 0 | Cache-create: 0 | Output: 0 | Cost: $0 | Duration: 504ms | Turns: 1
[] Iter 1541 | No token data (result file empty or parse failed)
[] Iter 1542 | No token data (result file empty or parse failed)
[2026-04-04T08:31:00Z] Iter 1535 | Total-in: 0 | Non-cached: 0 | Cache-read: 0 | Cache-create: 0 | Output: 0 | Cost: $0 | Duration: 1505ms | Turns: 1
[2026-04-04T08:31:02Z] Iter 1542 | Total-in: 0 | Non-cached: 0 | Cache-read: 0 | Cache-create: 0 | Output: 0 | Cost: $0 | Duration: 444ms | Turns: 1
[2026-04-04T08:31:02Z] Iter 1543 | Total-in: 0 | Non-cached: 0 | Cache-read: 0 | Cache-create: 0 | Output: 0 | Cost: $0 | Duration: 444ms | Turns: 1
[2026-04-04T08:31:03Z] Iter 1543 | Total-in: 0 | Non-cached: 0 | Cache-read: 0 | Cache-create: 0 | Output: 0 | Cost: $0 | Duration: 444ms | Turns: 1
[2026-04-04T08:31:18Z] Iter 1543 | Total-in: 0 | Non-cached: 0 | Cache-read: 0 | Cache-create: 0 | Output: 0 | Cost: $0 | Duration: 815ms | Turns: 1
[2026-04-04T08:31:18Z] Iter 1536 | Total-in: 0 | Non-cached: 0 | Cache-read: 0 | Cache-create: 0 | Output: 0 | Cost: $0 | Duration: 815ms | Turns: 1
[2026-04-04T08:31:18Z] Iter 1544 | Total-in: 0 | Non-cached: 0 | Cache-read: 0 | Cache-create: 0 | Output: 0 | Cost: $0 | Duration: 815ms | Turns: 1
[2026-04-04T08:31:20Z] Iter 1544 | Total-in: 0 | Non-cached: 0 | Cache-read: 0 | Cache-create: 0 | Output: 0 | Cost: $0 | Duration: 1579ms | Turns: 1
[2026-04-04T08:31:33Z] Iter 1544 | Total-in: 0 | Non-cached: 0 | Cache-read: 0 | Cache-create: 0 | Output: 0 | Cost: $0 | Duration: 453ms | Turns: 1
[2026-04-04T08:31:34Z] Iter 1537 | Total-in: 0 | Non-cached: 0 | Cache-read: 0 | Cache-create: 0 | Output: 0 | Cost: $0 | Duration: 453ms | Turns: 1
[2026-04-04T08:31:34Z] Iter 1545 | Total-in: 0 | Non-cached: 0 | Cache-read: 0 | Cache-create: 0 | Output: 0 | Cost: $0 | Duration: 453ms | Turns: 1
[2026-04-04T08:31:35Z] Iter 1545 | Total-in: 0 | Non-cached: 0 | Cache-read: 0 | Cache-create: 0 | Output: 0 | Cost: $0 | Duration: 526ms | Turns: 1
[2026-04-04T08:31:50Z] Iter 1545 | Total-in: 0 | Non-cached: 0 | Cache-read: 0 | Cache-create: 0 | Output: 0 | Cost: $0 | Duration: 507ms | Turns: 1
[2026-04-04T08:31:51Z] Iter 1546 | Total-in: 0 | Non-cached: 0 | Cache-read: 0 | Cache-create: 0 | Output: 0 | Cost: $0 | Duration: 496ms | Turns: 1
[2026-04-04T08:31:51Z] Iter 1546 | Total-in: 0 | Non-cached: 0 | Cache-read: 0 | Cache-create: 0 | Output: 0 | Cost: $0 | Duration: 496ms | Turns: 1
[2026-04-04T08:31:52Z] Iter 1538 | Total-in: 0 | Non-cached: 0 | Cache-read: 0 | Cache-create: 0 | Output: 0 | Cost: $0 | Duration: 496ms | Turns: 1
[2026-04-04T08:32:06Z] Iter 1546 | Total-in: 0 | Non-cached: 0 | Cache-read: 0 | Cache-create: 0 | Output: 0 | Cost: $0 | Duration: 615ms | Turns: 1
[2026-04-04T08:32:08Z] Iter 1547 | Total-in: 0 | Non-cached: 0 | Cache-read: 0 | Cache-create: 0 | Output: 0 | Cost: $0 | Duration: 694ms | Turns: 1
[2026-04-04T08:32:08Z] Iter 1547 | Total-in: 0 | Non-cached: 0 | Cache-read: 0 | Cache-create: 0 | Output: 0 | Cost: $0 | Duration: 694ms | Turns: 1
[2026-04-04T08:32:08Z] Iter 1539 | Total-in: 0 | Non-cached: 0 | Cache-read: 0 | Cache-create: 0 | Output: 0 | Cost: $0 | Duration: 694ms | Turns: 1
[2026-04-04T08:32:24Z] Iter 1547 | Total-in: 0 | Non-cached: 0 | Cache-read: 0 | Cache-create: 0 | Output: 0 | Cost: $0 | Duration: 445ms | Turns: 1
[2026-04-04T08:32:25Z] Iter 1548 | Total-in: 0 | Non-cached: 0 | Cache-read: 0 | Cache-create: 0 | Output: 0 | Cost: $0 | Duration: 478ms | Turns: 1
[2026-04-04T08:32:26Z] Iter 1540 | Total-in: 0 | Non-cached: 0 | Cache-read: 0 | Cache-create: 0 | Output: 0 | Cost: $0 | Duration: 478ms | Turns: 1
[2026-04-04T08:32:26Z] Iter 1548 | Total-in: 0 | Non-cached: 0 | Cache-read: 0 | Cache-create: 0 | Output: 0 | Cost: $0 | Duration: 478ms | Turns: 1
[2026-04-04T08:32:40Z] Iter 1548 | Total-in: 0 | Non-cached: 0 | Cache-read: 0 | Cache-create: 0 | Output: 0 | Cost: $0 | Duration: 487ms | Turns: 1
[2026-04-04T08:32:44Z] Iter 1549 | Total-in: 0 | Non-cached: 0 | Cache-read: 0 | Cache-create: 0 | Output: 0 | Cost: $0 | Duration: 852ms | Turns: 1
[2026-04-04T08:32:44Z] Iter 1541 | Total-in: 0 | Non-cached: 0 | Cache-read: 0 | Cache-create: 0 | Output: 0 | Cost: $0 | Duration: 852ms | Turns: 1
[2026-04-04T08:32:44Z] Iter 1549 | Total-in: 0 | Non-cached: 0 | Cache-read: 0 | Cache-create: 0 | Output: 0 | Cost: $0 | Duration: 852ms | Turns: 1
[2026-04-04T08:32:57Z] Iter 1549 | Total-in: 0 | Non-cached: 0 | Cache-read: 0 | Cache-create: 0 | Output: 0 | Cost: $0 | Duration: 575ms | Turns: 1
[2026-04-04T08:33:01Z] Iter 1550 | Total-in: 0 | Non-cached: 0 | Cache-read: 0 | Cache-create: 0 | Output: 0 | Cost: $0 | Duration: 519ms | Turns: 1
[2026-04-04T08:33:01Z] Iter 1542 | Total-in: 0 | Non-cached: 0 | Cache-read: 0 | Cache-create: 0 | Output: 0 | Cost: $0 | Duration: 519ms | Turns: 1
[2026-04-04T08:33:01Z] Iter 1550 | Total-in: 0 | Non-cached: 0 | Cache-read: 0 | Cache-create: 0 | Output: 0 | Cost: $0 | Duration: 519ms | Turns: 1
[2026-04-04T08:33:13Z] Iter 1550 | Total-in: 0 | Non-cached: 0 | Cache-read: 0 | Cache-create: 0 | Output: 0 | Cost: $0 | Duration: 709ms | Turns: 1
[2026-04-04T08:33:18Z] Iter 1543 | Total-in: 0 | Non-cached: 0 | Cache-read: 0 | Cache-create: 0 | Output: 0 | Cost: $0 | Duration: 895ms | Turns: 1
[2026-04-04T08:33:18Z] Iter 1551 | Total-in: 0 | Non-cached: 0 | Cache-read: 0 | Cache-create: 0 | Output: 0 | Cost: $0 | Duration: 895ms | Turns: 1
[2026-04-04T08:33:19Z] Iter 1551 | Total-in: 0 | Non-cached: 0 | Cache-read: 0 | Cache-create: 0 | Output: 0 | Cost: $0 | Duration: 895ms | Turns: 1
[2026-04-04T08:33:31Z] Iter 1551 | Total-in: 0 | Non-cached: 0 | Cache-read: 0 | Cache-create: 0 | Output: 0 | Cost: $0 | Duration: 1826ms | Turns: 1
[2026-04-04T08:33:36Z] Iter 1552 | Total-in: 0 | Non-cached: 0 | Cache-read: 0 | Cache-create: 0 | Output: 0 | Cost: $0 | Duration: 466ms | Turns: 1
[2026-04-04T08:33:36Z] Iter 1544 | Total-in: 0 | Non-cached: 0 | Cache-read: 0 | Cache-create: 0 | Output: 0 | Cost: $0 | Duration: 466ms | Turns: 1
[2026-04-04T08:33:36Z] Iter 1552 | Total-in: 0 | Non-cached: 0 | Cache-read: 0 | Cache-create: 0 | Output: 0 | Cost: $0 | Duration: 466ms | Turns: 1
[2026-04-04T08:33:47Z] Iter 1552 | Total-in: 0 | Non-cached: 0 | Cache-read: 0 | Cache-create: 0 | Output: 0 | Cost: $0 | Duration: 476ms | Turns: 1
[2026-04-04T08:33:53Z] Iter 1553 | Total-in: 0 | Non-cached: 0 | Cache-read: 0 | Cache-create: 0 | Output: 0 | Cost: $0 | Duration: 600ms | Turns: 1
[2026-04-04T08:33:53Z] Iter 1545 | Total-in: 0 | Non-cached: 0 | Cache-read: 0 | Cache-create: 0 | Output: 0 | Cost: $0 | Duration: 600ms | Turns: 1
[2026-04-04T08:33:54Z] Iter 1553 | Total-in: 0 | Non-cached: 0 | Cache-read: 0 | Cache-create: 0 | Output: 0 | Cost: $0 | Duration: 453ms | Turns: 1
[] Iter 1553 | No token data (result file empty or parse failed)
[2026-04-04T08:34:07Z] Iter 1546 | Total-in: 0 | Non-cached: 0 | Cache-read: 0 | Cache-create: 0 | Output: 0 | Cost: $0 | Duration: 422ms | Turns: 1
[2026-04-04T08:34:08Z] Iter 1554 | Total-in: 0 | Non-cached: 0 | Cache-read: 0 | Cache-create: 0 | Output: 0 | Cost: $0 | Duration: 428ms | Turns: 1
[2026-04-04T08:34:08Z] Iter 1554 | Total-in: 0 | Non-cached: 0 | Cache-read: 0 | Cache-create: 0 | Output: 0 | Cost: $0 | Duration: 428ms | Turns: 1
[] Iter 1554 | No token data (result file empty or parse failed)
[] Iter 1547 | No token data (result file empty or parse failed)
[] Iter 1555 | No token data (result file empty or parse failed)
[2026-04-04T08:34:23Z] Iter 1555 | Total-in: 0 | Non-cached: 0 | Cache-read: 0 | Cache-create: 0 | Output: 0 | Cost: $0 | Duration: 667ms | Turns: 1
[2026-04-04T08:34:28Z] Iter 1555 | Total-in: 0 | Non-cached: 0 | Cache-read: 0 | Cache-create: 0 | Output: 0 | Cost: $0 | Duration: 396ms | Turns: 1
[] Iter 1548 | No token data (result file empty or parse failed)
[2026-04-04T08:34:37Z] Iter 1556 | Total-in: 0 | Non-cached: 0 | Cache-read: 0 | Cache-create: 0 | Output: 0 | Cost: $0 | Duration: 408ms | Turns: 1
[2026-04-04T08:34:38Z] Iter 1556 | Total-in: 0 | Non-cached: 0 | Cache-read: 0 | Cache-create: 0 | Output: 0 | Cost: $0 | Duration: 531ms | Turns: 1
[2026-04-04T08:34:43Z] Iter 1556 | Total-in: 0 | Non-cached: 0 | Cache-read: 0 | Cache-create: 0 | Output: 0 | Cost: $0 | Duration: 493ms | Turns: 1
[2026-04-04T08:34:50Z] Iter 1549 | Total-in: 0 | Non-cached: 0 | Cache-read: 0 | Cache-create: 0 | Output: 0 | Cost: $0 | Duration: 474ms | Turns: 1
[2026-04-04T08:34:52Z] Iter 1557 | Total-in: 0 | Non-cached: 0 | Cache-read: 0 | Cache-create: 0 | Output: 0 | Cost: $0 | Duration: 511ms | Turns: 1
[2026-04-04T08:34:54Z] Iter 1557 | Total-in: 0 | Non-cached: 0 | Cache-read: 0 | Cache-create: 0 | Output: 0 | Cost: $0 | Duration: 545ms | Turns: 1
[] Iter 1557 | No token data (result file empty or parse failed)
[2026-04-04T08:35:04Z] Iter 1550 | Total-in: 0 | Non-cached: 0 | Cache-read: 0 | Cache-create: 0 | Output: 0 | Cost: $0 | Duration: 612ms | Turns: 1
[2026-04-04T08:35:07Z] Iter 1558 | Total-in: 0 | Non-cached: 0 | Cache-read: 0 | Cache-create: 0 | Output: 0 | Cost: $0 | Duration: 571ms | Turns: 1
[2026-04-04T08:35:09Z] Iter 1558 | Total-in: 0 | Non-cached: 0 | Cache-read: 0 | Cache-create: 0 | Output: 0 | Cost: $0 | Duration: 553ms | Turns: 1
[2026-04-04T08:35:12Z] Iter 1558 | Total-in: 0 | Non-cached: 0 | Cache-read: 0 | Cache-create: 0 | Output: 0 | Cost: $0 | Duration: 451ms | Turns: 1
[2026-04-04T08:35:19Z] Iter 1551 | Total-in: 0 | Non-cached: 0 | Cache-read: 0 | Cache-create: 0 | Output: 0 | Cost: $0 | Duration: 787ms | Turns: 1
[2026-04-04T08:35:22Z] Iter 1559 | Total-in: 0 | Non-cached: 0 | Cache-read: 0 | Cache-create: 0 | Output: 0 | Cost: $0 | Duration: 516ms | Turns: 1
[2026-04-04T08:35:24Z] Iter 1559 | Total-in: 0 | Non-cached: 0 | Cache-read: 0 | Cache-create: 0 | Output: 0 | Cost: $0 | Duration: 437ms | Turns: 1
[2026-04-04T08:35:26Z] Iter 1559 | Total-in: 0 | Non-cached: 0 | Cache-read: 0 | Cache-create:  | Output: 0 | Cost: $ | Duration: ms | Turns: 
[2026-04-04T08:35:33Z] Iter 1552 | Total-in: 0 | Non-cached: 0 | Cache-read: 0 | Cache-create: 0 | Output: 0 | Cost: $0 | Duration: 617ms | Turns: 1
[2026-04-04T08:35:38Z] Iter 1560 | Total-in: 0 | Non-cached: 0 | Cache-read: 0 | Cache-create: 0 | Output: 0 | Cost: $0 | Duration: 643ms | Turns: 1
[2026-04-04T08:35:40Z] Iter 1560 | Total-in: 0 | Non-cached: 0 | Cache-read: 0 | Cache-create: 0 | Output: 0 | Cost: $0 | Duration: 425ms | Turns: 1
[] Iter 1560 | No token data (result file empty or parse failed)
[] Iter 1553 | No token data (result file empty or parse failed)
[2026-04-04T08:35:53Z] Iter 1561 | Total-in: 0 | Non-cached: 0 | Cache-read: 0 | Cache-create: 0 | Output: 0 | Cost: $0 | Duration: 474ms | Turns: 1
[2026-04-04T08:35:56Z] Iter 1561 | Total-in: 0 | Non-cached: 0 | Cache-read: 0 | Cache-create: 0 | Output: 0 | Cost: $0 | Duration: 416ms | Turns: 1
[2026-04-04T08:35:56Z] Iter 1561 | Total-in: 0 | Non-cached: 0 | Cache-read: 0 | Cache-create: 0 | Output: 0 | Cost: $0 | Duration: 416ms | Turns: 1
[2026-04-04T08:36:02Z] Iter 1554 | Total-in: 0 | Non-cached: 0 | Cache-read: 0 | Cache-create: 0 | Output: 0 | Cost: $0 | Duration: 406ms | Turns: 1
[2026-04-04T08:36:08Z] Iter 1562 | Total-in: 0 | Non-cached: 0 | Cache-read: 0 | Cache-create: 0 | Output: 0 | Cost: $0 | Duration: 475ms | Turns: 1
[2026-04-04T08:36:11Z] Iter 1562 | Total-in: 0 | Non-cached: 0 | Cache-read: 0 | Cache-create: 0 | Output: 0 | Cost: $0 | Duration: 395ms | Turns: 1
[2026-04-04T08:36:11Z] Iter 1562 | Total-in: 0 | Non-cached: 0 | Cache-read: 0 | Cache-create: 0 | Output: 0 | Cost: $0 | Duration: 395ms | Turns: 1
[2026-04-04T08:36:17Z] Iter 1555 | Total-in: 0 | Non-cached: 0 | Cache-read: 0 | Cache-create: 0 | Output: 0 | Cost: $0 | Duration: 493ms | Turns: 1
[2026-04-04T08:36:23Z] Iter 1563 | Total-in: 0 | Non-cached: 0 | Cache-read: 0 | Cache-create: 0 | Output: 0 | Cost: $0 | Duration: 480ms | Turns: 1
[2026-04-04T08:36:27Z] Iter 1563 | Total-in: 0 | Non-cached: 0 | Cache-read: 0 | Cache-create: 0 | Output: 0 | Cost: $0 | Duration: 539ms | Turns: 1
[2026-04-04T08:36:28Z] Iter 1563 | Total-in: 0 | Non-cached: 0 | Cache-read: 0 | Cache-create: 0 | Output: 0 | Cost: $0 | Duration: 539ms | Turns: 1
[2026-04-04T08:36:33Z] Iter 1556 | Total-in: 0 | Non-cached: 0 | Cache-read: 0 | Cache-create: 0 | Output: 0 | Cost: $0 | Duration: 466ms | Turns: 1
[2026-04-04T08:36:40Z] Iter 1564 | Total-in: 0 | Non-cached: 0 | Cache-read: 0 | Cache-create: 0 | Output: 0 | Cost: $0 | Duration: 634ms | Turns: 1
[2026-04-04T08:36:43Z] Iter 1564 | Total-in: 0 | Non-cached: 0 | Cache-read: 0 | Cache-create: 0 | Output: 0 | Cost: $0 | Duration: 435ms | Turns: 1
[2026-04-04T08:36:44Z] Iter 1564 | Total-in: 0 | Non-cached: 0 | Cache-read: 0 | Cache-create: 0 | Output: 0 | Cost: $0 | Duration: 435ms | Turns: 1
[2026-04-04T08:36:50Z] Iter 1557 | Total-in: 0 | Non-cached: 0 | Cache-read: 0 | Cache-create: 0 | Output: 0 | Cost: $0 | Duration: 564ms | Turns: 1
[2026-04-04T08:36:57Z] Iter 1565 | Total-in: 0 | Non-cached: 0 | Cache-read: 0 | Cache-create: 0 | Output: 0 | Cost: $0 | Duration: 777ms | Turns: 1
[2026-04-04T08:37:01Z] Iter 1565 | Total-in: 0 | Non-cached: 0 | Cache-read: 0 | Cache-create: 0 | Output: 0 | Cost: $0 | Duration: 749ms | Turns: 1
[2026-04-04T08:37:01Z] Iter 1565 | Total-in: 0 | Non-cached: 0 | Cache-read: 0 | Cache-create: 0 | Output: 0 | Cost: $0 | Duration: 749ms | Turns: 1
[2026-04-04T08:37:07Z] Iter 1558 | Total-in: 0 | Non-cached: 0 | Cache-read: 0 | Cache-create: 0 | Output: 0 | Cost: $0 | Duration: 445ms | Turns: 1
[2026-04-04T08:37:13Z] Iter 1566 | Total-in: 0 | Non-cached: 0 | Cache-read: 0 | Cache-create: 0 | Output: 0 | Cost: $0 | Duration: 483ms | Turns: 1
[2026-04-04T08:37:18Z] Iter 1566 | Total-in: 0 | Non-cached: 0 | Cache-read: 0 | Cache-create: 0 | Output: 0 | Cost: $0 | Duration: 679ms | Turns: 1
[2026-04-04T08:37:18Z] Iter 1566 | Total-in: 0 | Non-cached: 0 | Cache-read: 0 | Cache-create: 0 | Output: 0 | Cost: $0 | Duration: 679ms | Turns: 1
[2026-04-04T08:37:23Z] Iter 1559 | Total-in: 0 | Non-cached: 0 | Cache-read: 0 | Cache-create: 0 | Output: 0 | Cost: $0 | Duration: 480ms | Turns: 1
[2026-04-04T08:37:30Z] Iter 1567 | Total-in: 0 | Non-cached: 0 | Cache-read: 0 | Cache-create: 0 | Output: 0 | Cost: $0 | Duration: 656ms | Turns: 1
[2026-04-04T08:37:35Z] Iter 1567 | Total-in: 0 | Non-cached: 0 | Cache-read: 0 | Cache-create: 0 | Output: 0 | Cost: $0 | Duration: 569ms | Turns: 1
[2026-04-04T08:37:35Z] Iter 1567 | Total-in: 0 | Non-cached: 0 | Cache-read: 0 | Cache-create: 0 | Output: 0 | Cost: $0 | Duration: 569ms | Turns: 1
[2026-04-04T08:37:40Z] Iter 1560 | Total-in: 0 | Non-cached: 0 | Cache-read: 0 | Cache-create: 0 | Output: 0 | Cost: $0 | Duration: 473ms | Turns: 1
[2026-04-04T08:37:47Z] Iter 1568 | Total-in: 0 | Non-cached: 0 | Cache-read: 0 | Cache-create: 0 | Output: 0 | Cost: $0 | Duration: 523ms | Turns: 1
[2026-04-04T08:37:52Z] Iter 1568 | Total-in: 0 | Non-cached: 0 | Cache-read: 0 | Cache-create: 0 | Output: 0 | Cost: $0 | Duration: 503ms | Turns: 1
[2026-04-04T08:37:52Z] Iter 1568 | Total-in: 0 | Non-cached: 0 | Cache-read: 0 | Cache-create: 0 | Output: 0 | Cost: $0 | Duration: 503ms | Turns: 1
[2026-04-04T08:37:59Z] Iter 1561 | Total-in: 0 | Non-cached: 0 | Cache-read: 0 | Cache-create: 0 | Output: 0 | Cost: $0 | Duration: 603ms | Turns: 1
[2026-04-04T08:38:04Z] Iter 1569 | Total-in: 0 | Non-cached: 0 | Cache-read: 0 | Cache-create: 0 | Output: 0 | Cost: $0 | Duration: 507ms | Turns: 1
[2026-04-04T08:38:10Z] Iter 1569 | Total-in: 0 | Non-cached: 0 | Cache-read: 0 | Cache-create: 0 | Output: 0 | Cost: $0 | Duration: 464ms | Turns: 1
[2026-04-04T08:38:10Z] Iter 1569 | Total-in: 0 | Non-cached: 0 | Cache-read: 0 | Cache-create: 0 | Output: 0 | Cost: $0 | Duration: 464ms | Turns: 1
[2026-04-04T08:38:18Z] Iter 1562 | Total-in: 0 | Non-cached: 0 | Cache-read: 0 | Cache-create: 0 | Output: 0 | Cost: $0 | Duration: 785ms | Turns: 1
[2026-04-04T08:38:20Z] Iter 1570 | Total-in: 0 | Non-cached: 0 | Cache-read: 0 | Cache-create: 0 | Output: 0 | Cost: $0 | Duration: 481ms | Turns: 1
[2026-04-04T08:38:27Z] Iter 1570 | Total-in: 0 | Non-cached: 0 | Cache-read: 0 | Cache-create: 0 | Output: 0 | Cost: $0 | Duration: 475ms | Turns: 1
[2026-04-04T08:38:27Z] Iter 1570 | Total-in: 0 | Non-cached: 0 | Cache-read: 0 | Cache-create: 0 | Output: 0 | Cost: $0 | Duration: 475ms | Turns: 1
[2026-04-04T08:38:33Z] Iter 1563 | Total-in: 0 | Non-cached: 0 | Cache-read: 0 | Cache-create: 0 | Output: 0 | Cost: $0 | Duration: 585ms | Turns: 1
[2026-04-04T08:38:34Z] Iter 1571 | Total-in: 0 | Non-cached: 0 | Cache-read: 0 | Cache-create: 0 | Output: 0 | Cost: $0 | Duration: 469ms | Turns: 1
[2026-04-04T08:38:41Z] Iter 1571 | Total-in: 0 | Non-cached: 0 | Cache-read: 0 | Cache-create: 0 | Output: 0 | Cost: $0 | Duration: 455ms | Turns: 1
[2026-04-04T08:38:43Z] Iter 1571 | Total-in: 0 | Non-cached: 0 | Cache-read: 0 | Cache-create: 0 | Output: 0 | Cost: $0 | Duration: 1399ms | Turns: 1
[2026-04-04T08:38:46Z] Iter 1564 | Total-in: 0 | Non-cached: 0 | Cache-read: 0 | Cache-create: 0 | Output: 0 | Cost: $0 | Duration: 426ms | Turns: 1
[2026-04-04T08:38:49Z] Iter 1572 | Total-in: 0 | Non-cached: 0 | Cache-read: 0 | Cache-create: 0 | Output: 0 | Cost: $0 | Duration: 846ms | Turns: 1
[2026-04-04T08:38:55Z] Iter 1572 | Total-in: 0 | Non-cached: 0 | Cache-read: 0 | Cache-create: 0 | Output: 0 | Cost: $0 | Duration: 523ms | Turns: 1
[] Iter 1572 | No token data (result file empty or parse failed)
[2026-04-04T08:39:01Z] Iter 1565 | Total-in: 0 | Non-cached: 0 | Cache-read: 0 | Cache-create: 0 | Output: 0 | Cost: $0 | Duration: 506ms | Turns: 1
[2026-04-04T08:39:03Z] Iter 1573 | Total-in: 0 | Non-cached: 0 | Cache-read:  | Cache-create:  | Output: 0 | Cost: $ | Duration: ms | Turns: 
[2026-04-04T08:39:10Z] Iter 1573 | Total-in: 0 | Non-cached: 0 | Cache-read: 0 | Cache-create: 0 | Output: 0 | Cost: $0 | Duration: 380ms | Turns: 1
[2026-04-04T08:39:11Z] Iter 1573 | Total-in: 0 | Non-cached: 0 | Cache-read: 0 | Cache-create: 0 | Output: 0 | Cost: $0 | Duration: 380ms | Turns: 
[2026-04-04T08:39:17Z] Iter 1566 | Total-in: 0 | Non-cached: 0 | Cache-read: 0 | Cache-create: 0 | Output: 0 | Cost: $0 | Duration: 438ms | Turns: 1
[2026-04-04T08:39:17Z] Iter 1574 | Total-in: 0 | Non-cached: 0 | Cache-read: 0 | Cache-create: 0 | Output: 0 | Cost: $0 | Duration: 438ms | Turns: 1
[2026-04-04T08:39:24Z] Iter 1574 | Total-in: 0 | Non-cached:  | Cache-read:  | Cache-create:  | Output:  | Cost: $ | Duration: ms | Turns: 
[] Iter 1574 | No token data (result file empty or parse failed)
[2026-04-04T08:39:31Z] Iter 1567 | Total-in: 0 | Non-cached: 0 | Cache-read: 0 | Cache-create: 0 | Output: 0 | Cost: $0 | Duration: 462ms | Turns: 1
[2026-04-04T08:39:32Z] Iter 1575 | Total-in: 0 | Non-cached: 0 | Cache-read: 0 | Cache-create: 0 | Output: 0 | Cost: $0 | Duration: 462ms | Turns: 1
[] Iter 1575 | No token data (result file empty or parse failed)
[] Iter 1575 | No token data (result file empty or parse failed)
[2026-04-04T08:39:46Z] Iter 1568 | Total-in: 0 | Non-cached: 0 | Cache-read: 0 | Cache-create: 0 | Output: 0 | Cost: $0 | Duration: 422ms | Turns: 1
[2026-04-04T08:39:46Z] Iter 1576 | Total-in: 0 | Non-cached: 0 | Cache-read: 0 | Cache-create: 0 | Output: 0 | Cost: $0 | Duration: 422ms | Turns: 1
[2026-04-04T08:39:53Z] Iter 1576 | Total-in: 0 | Non-cached: 0 | Cache-read: 0 | Cache-create: 0 | Output: 0 | Cost: $0 | Duration: 406ms | Turns: 1
[2026-04-04T08:39:53Z] Iter 1576 | Total-in: 0 | Non-cached: 0 | Cache-read: 0 | Cache-create: 0 | Output: 0 | Cost: $0 | Duration: 406ms | Turns: 1
[] Iter 1569 | No token data (result file empty or parse failed)
[] Iter 1577 | No token data (result file empty or parse failed)
[2026-04-04T08:40:08Z] Iter 1577 | Total-in: 0 | Non-cached: 0 | Cache-read: 0 | Cache-create: 0 | Output: 0 | Cost: $0 | Duration: 461ms | Turns: 1
[2026-04-04T08:40:08Z] Iter 1577 | Total-in: 0 | Non-cached: 0 | Cache-read: 0 | Cache-create: 0 | Output: 0 | Cost: $0 | Duration: 461ms | Turns: 1
[2026-04-04T08:40:16Z] Iter 1570 | Total-in: 0 | Non-cached: 0 | Cache-read:  | Cache-create:  | Output:  | Cost: $ | Duration: ms | Turns: 
[2026-04-04T08:40:16Z] Iter 1578 | Total-in: 0 | Non-cached: 0 | Cache-read:  | Cache-create:  | Output:  | Cost: $ | Duration: ms | Turns: 
[2026-04-04T08:40:23Z] Iter 1578 | Total-in: 0 | Non-cached: 0 | Cache-read: 0 | Cache-create: 0 | Output: 0 | Cost: $0 | Duration: 524ms | Turns: 1
[2026-04-04T08:40:24Z] Iter 1578 | Total-in: 0 | Non-cached:  | Cache-read:  | Cache-create:  | Output:  | Cost: $ | Duration: ms | Turns: 
[] Iter 1579 | No token data (result file empty or parse failed)
[] Iter 1571 | No token data (result file empty or parse failed)
[] Iter 1579 | No token data (result file empty or parse failed)
[] Iter 1579 | No token data (result file empty or parse failed)
[2026-04-04T08:40:45Z] Iter 1580 | Total-in: 0 | Non-cached: 0 | Cache-read: 0 | Cache-create: 0 | Output: 0 | Cost: $ | Duration: 400ms | Turns: 1
[] Iter 1572 | No token data (result file empty or parse failed)
[2026-04-04T08:40:53Z] Iter 1580 | Total-in: 0 | Non-cached: 0 | Cache-read: 0 | Cache-create: 0 | Output: 0 | Cost: $0 | Duration: ms | Turns: 
[2026-04-04T08:40:55Z] Iter 1580 | Total-in: 0 | Non-cached: 0 | Cache-read: 0 | Cache-create: 0 | Output: 0 | Cost: $0 | Duration: 572ms | Turns: 1
[] Iter 1573 | No token data (result file empty or parse failed)
[2026-04-04T08:41:02Z] Iter 1581 | Total-in: 0 | Non-cached: 0 | Cache-read: 0 | Cache-create: 0 | Output: 0 | Cost: $0 | Duration: 481ms | Turns: 1
[2026-04-04T08:41:08Z] Iter 1581 | Total-in: 0 | Non-cached: 0 | Cache-read:  | Cache-create:  | Output: 0 | Cost: $ | Duration: ms | Turns: 
[] Iter 1581 | No token data (result file empty or parse failed)
[2026-04-04T08:41:16Z] Iter 1574 | Total-in: 0 | Non-cached: 0 | Cache-read: 0 | Cache-create: 0 | Output: 0 | Cost: $ | Duration: ms | Turns: 
[] Iter 1582 | No token data (result file empty or parse failed)
[2026-04-04T08:41:24Z] Iter 1582 | Total-in: 0 | Non-cached: 0 | Cache-read: 0 | Cache-create:  | Output: 0 | Cost: $ | Duration: ms | Turns: 
[2026-04-04T08:41:26Z] Iter 1582 | Total-in: 0 | Non-cached: 0 | Cache-read: 0 | Cache-create: 0 | Output: 0 | Cost: $0 | Duration: 534ms | Turns: 1
[2026-04-04T08:41:32Z] Iter 1575 | Total-in: 0 | Non-cached: 0 | Cache-read:  | Cache-create:  | Output:  | Cost: $ | Duration: ms | Turns: 
[2026-04-04T08:41:34Z] Iter 1583 | Total-in: 0 | Non-cached: 0 | Cache-read:  | Cache-create:  | Output: 0 | Cost: $ | Duration: ms | Turns: 
[2026-04-04T08:41:40Z] Iter 1583 | Total-in: 0 | Non-cached: 0 | Cache-read:  | Cache-create:  | Output: 0 | Cost: $ | Duration: ms | Turns: 
[2026-04-04T08:41:43Z] Iter 1583 | Total-in: 0 | Non-cached: 0 | Cache-read: 0 | Cache-create: 0 | Output: 0 | Cost: $0 | Duration: 472ms | Turns: 1
[] Iter 1576 | No token data (result file empty or parse failed)
[2026-04-04T08:41:51Z] Iter 1584 | Total-in: 0 | Non-cached: 0 | Cache-read: 0 | Cache-create: 0 | Output: 0 | Cost: $0 | Duration: 544ms | Turns: 1
[2026-04-04T08:41:57Z] Iter 1584 | Total-in: 0 | Non-cached: 0 | Cache-read: 0 | Cache-create: 0 | Output: 0 | Cost: $0 | Duration: 456ms | Turns: 1
[2026-04-04T08:42:00Z] Iter 1584 | Total-in: 0 | Non-cached: 0 | Cache-read: 0 | Cache-create: 0 | Output: 0 | Cost: $0 | Duration: 466ms | Turns: 1
[2026-04-04T08:42:03Z] Iter 1577 | Total-in: 0 | Non-cached: 0 | Cache-read: 0 | Cache-create: 0 | Output: 0 | Cost: $0 | Duration: 606ms | Turns: 1
[2026-04-04T08:42:09Z] Iter 1585 | Total-in: 0 | Non-cached: 0 | Cache-read: 0 | Cache-create: 0 | Output: 0 | Cost: $0 | Duration: 784ms | Turns: 1
[2026-04-04T08:42:14Z] Iter 1585 | Total-in: 0 | Non-cached: 0 | Cache-read: 0 | Cache-create: 0 | Output: 0 | Cost: $0 | Duration: 538ms | Turns: 1
[2026-04-04T08:42:17Z] Iter 1585 | Total-in: 0 | Non-cached: 0 | Cache-read: 0 | Cache-create: 0 | Output: 0 | Cost: $0 | Duration: ms | Turns: 
[2026-04-04T08:42:21Z] Iter 1578 | Total-in: 0 | Non-cached: 0 | Cache-read: 0 | Cache-create: 0 | Output: 0 | Cost: $0 | Duration: 1572ms | Turns: 1
[] Iter 1586 | No token data (result file empty or parse failed)
[2026-04-04T08:42:31Z] Iter 1586 | Total-in: 0 | Non-cached: 0 | Cache-read: 0 | Cache-create: 0 | Output: 0 | Cost: $0 | Duration: 1005ms | Turns: 1
[2026-04-04T08:42:34Z] Iter 1586 | Total-in: 0 | Non-cached: 0 | Cache-read: 0 | Cache-create: 0 | Output: 0 | Cost: $0 | Duration: 565ms | Turns: 1
[2026-04-04T08:42:38Z] Iter 1579 | Total-in: 0 | Non-cached: 0 | Cache-read: 0 | Cache-create: 0 | Output: 0 | Cost: $0 | Duration: 461ms | Turns: 1
[2026-04-04T08:42:44Z] Iter 1587 | Total-in: 0 | Non-cached: 0 | Cache-read: 0 | Cache-create: 0 | Output: 0 | Cost: $0 | Duration: 601ms | Turns: 1
[2026-04-04T08:42:49Z] Iter 1587 | Total-in: 0 | Non-cached: 0 | Cache-read: 0 | Cache-create: 0 | Output: 0 | Cost: $0 | Duration: 1526ms | Turns: 1
[2026-04-04T08:42:50Z] Iter 1587 | Total-in: 0 | Non-cached: 0 | Cache-read: 0 | Cache-create: 0 | Output: 0 | Cost: $0 | Duration: 580ms | Turns: 1
[2026-04-04T08:42:56Z] Iter 1580 | Total-in: 0 | Non-cached: 0 | Cache-read: 0 | Cache-create: 0 | Output: 0 | Cost: $0 | Duration: 560ms | Turns: 1
[2026-04-04T08:43:01Z] Iter 1588 | Total-in: 0 | Non-cached: 0 | Cache-read: 0 | Cache-create: 0 | Output: 0 | Cost: $0 | Duration: 409ms | Turns: 1
[2026-04-04T08:43:04Z] Iter 1588 | Total-in: 0 | Non-cached: 0 | Cache-read: 0 | Cache-create:  | Output: 0 | Cost: $0 | Duration: 408ms | Turns: 1
[2026-04-04T08:43:05Z] Iter 1588 | Total-in: 0 | Non-cached: 0 | Cache-read: 0 | Cache-create: 0 | Output: 0 | Cost: $0 | Duration: 408ms | Turns: 1
[2026-04-04T08:43:11Z] Iter 1581 | Total-in: 0 | Non-cached: 0 | Cache-read: 0 | Cache-create: 0 | Output: 0 | Cost: $0 | Duration: 464ms | Turns: 1
[2026-04-04T08:43:15Z] Iter 1589 | Total-in: 0 | Non-cached: 0 | Cache-read: 0 | Cache-create: 0 | Output: 0 | Cost: $0 | Duration: 410ms | Turns: 1
[2026-04-04T08:43:19Z] Iter 1589 | Total-in: 0 | Non-cached: 0 | Cache-read: 0 | Cache-create: 0 | Output: 0 | Cost: $0 | Duration: 415ms | Turns: 1
[] Iter 1589 | No token data (result file empty or parse failed)
[2026-04-04T08:43:25Z] Iter 1582 | Total-in: 0 | Non-cached: 0 | Cache-read: 0 | Cache-create: 0 | Output: 0 | Cost: $0 | Duration: 480ms | Turns: 1
[2026-04-04T08:43:30Z] Iter 1590 | Total-in: 0 | Non-cached: 0 | Cache-read: 0 | Cache-create: 0 | Output: 0 | Cost: $0 | Duration: 622ms | Turns: 1
[2026-04-04T08:43:33Z] Iter 1590 | Total-in: 0 | Non-cached: 0 | Cache-read: 0 | Cache-create: 0 | Output: 0 | Cost: $0 | Duration: 535ms | Turns: 1
[2026-04-04T08:43:34Z] Iter 1590 | Total-in: 0 | Non-cached: 0 | Cache-read: 0 | Cache-create: 0 | Output: 0 | Cost: $0 | Duration: 535ms | Turns: 1
[2026-04-04T08:43:40Z] Iter 1583 | Total-in: 0 | Non-cached: 0 | Cache-read: 0 | Cache-create: 0 | Output: 0 | Cost: $0 | Duration: 533ms | Turns: 1
[2026-04-04T08:43:44Z] Iter 1591 | Total-in: 0 | Non-cached: 0 | Cache-read: 0 | Cache-create: 0 | Output: 0 | Cost: $0 | Duration: 422ms | Turns: 1
[] Iter 1591 | No token data (result file empty or parse failed)
[2026-04-04T08:43:49Z] Iter 1591 | Total-in: 0 | Non-cached: 0 | Cache-read: 0 | Cache-create: 0 | Output: 0 | Cost: $0 | Duration: 398ms | Turns: 1
[2026-04-04T08:43:54Z] Iter 1584 | Total-in: 0 | Non-cached: 0 | Cache-read: 0 | Cache-create: 0 | Output: 0 | Cost: $0 | Duration: 422ms | Turns: 1
[2026-04-04T08:43:58Z] Iter 1592 | Total-in: 0 | Non-cached: 0 | Cache-read: 0 | Cache-create: 0 | Output: 0 | Cost: $0 | Duration: 389ms | Turns: 1
[2026-04-04T08:44:03Z] Iter 1592 | Total-in: 0 | Non-cached: 0 | Cache-read: 0 | Cache-create: 0 | Output: 0 | Cost: $0 | Duration: 2151ms | Turns: 1
[2026-04-04T08:44:04Z] Iter 1592 | Total-in: 0 | Non-cached: 0 | Cache-read: 0 | Cache-create: 0 | Output: 0 | Cost: $0 | Duration: 2151ms | Turns: 1
[2026-04-04T08:44:08Z] Iter 1585 | Total-in: 0 | Non-cached: 0 | Cache-read: 0 | Cache-create: 0 | Output: 0 | Cost: $0 | Duration: 526ms | Turns: 1
[2026-04-04T08:44:12Z] Iter 1593 | Total-in: 0 | Non-cached: 0 | Cache-read: 0 | Cache-create: 0 | Output: 0 | Cost: $0 | Duration: 493ms | Turns: 1
[2026-04-04T08:44:19Z] Iter 1593 | Total-in: 0 | Non-cached: 0 | Cache-read: 0 | Cache-create: 0 | Output: 0 | Cost: $0 | Duration: 1519ms | Turns: 1
[2026-04-04T08:44:20Z] Iter 1593 | Total-in: 0 | Non-cached: 0 | Cache-read: 0 | Cache-create: 0 | Output: 0 | Cost: $0 | Duration: 1519ms | Turns: 1
[2026-04-04T08:44:23Z] Iter 1586 | Total-in: 0 | Non-cached: 0 | Cache-read: 0 | Cache-create: 0 | Output: 0 | Cost: $0 | Duration: 532ms | Turns: 1
[2026-04-04T08:44:26Z] Iter 1594 | Total-in: 0 | Non-cached: 0 | Cache-read: 0 | Cache-create: 0 | Output: 0 | Cost: $0 | Duration: 403ms | Turns: 1
[2026-04-04T08:44:34Z] Iter 1594 | Total-in: 0 | Non-cached: 0 | Cache-read: 0 | Cache-create: 0 | Output: 0 | Cost: $0 | Duration: ms | Turns: 
[2026-04-04T08:44:34Z] Iter 1594 | Total-in: 0 | Non-cached: 0 | Cache-read:  | Cache-create:  | Output: 0 | Cost: $ | Duration: ms | Turns: 
[2026-04-04T08:44:37Z] Iter 1587 | Total-in: 0 | Non-cached: 0 | Cache-read: 0 | Cache-create: 0 | Output: 0 | Cost: $0 | Duration: 418ms | Turns: 1
[2026-04-04T08:44:41Z] Iter 1595 | Total-in: 0 | Non-cached: 0 | Cache-read: 0 | Cache-create: 0 | Output: 0 | Cost: $0 | Duration: 398ms | Turns: 1
[] Iter 1595 | No token data (result file empty or parse failed)
[2026-04-04T08:44:49Z] Iter 1595 | Total-in: 0 | Non-cached: 0 | Cache-read:  | Cache-create:  | Output:  | Cost: $ | Duration: ms | Turns: 
[2026-04-04T08:44:52Z] Iter 1588 | Total-in: 0 | Non-cached: 0 | Cache-read: 0 | Cache-create: 0 | Output: 0 | Cost: $0 | Duration: 512ms | Turns: 1
[2026-04-04T08:44:55Z] Iter 1596 | Total-in: 0 | Non-cached: 0 | Cache-read: 0 | Cache-create: 0 | Output: 0 | Cost: $0 | Duration: 482ms | Turns: 1
[2026-04-04T08:45:04Z] Iter 1596 | Total-in: 0 | Non-cached: 0 | Cache-read: 0 | Cache-create: 0 | Output: 0 | Cost: $0 | Duration: 444ms | Turns: 1
[2026-04-04T08:45:04Z] Iter 1596 | Total-in: 0 | Non-cached: 0 | Cache-read: 0 | Cache-create: 0 | Output: 0 | Cost: $0 | Duration: 444ms | Turns: 1
[2026-04-04T08:45:08Z] Iter 1589 | Total-in: 0 | Non-cached: 0 | Cache-read: 0 | Cache-create: 0 | Output: 0 | Cost: $0 | Duration: 467ms | Turns: 1
[2026-04-04T08:45:11Z] Iter 1597 | Total-in: 0 | Non-cached: 0 | Cache-read: 0 | Cache-create: 0 | Output: 0 | Cost: $0 | Duration: 396ms | Turns: 1
[2026-04-04T08:45:20Z] Iter 1597 | Total-in: 0 | Non-cached: 0 | Cache-read: 0 | Cache-create: 0 | Output: 0 | Cost: $0 | Duration: 658ms | Turns: 1
[2026-04-04T08:45:21Z] Iter 1597 | Total-in: 0 | Non-cached: 0 | Cache-read: 0 | Cache-create: 0 | Output: 0 | Cost: $0 | Duration: 658ms | Turns: 1
[2026-04-04T08:45:24Z] Iter 1590 | Total-in: 0 | Non-cached: 0 | Cache-read: 0 | Cache-create: 0 | Output: 0 | Cost: $0 | Duration: 534ms | Turns: 1
[2026-04-04T08:45:26Z] Iter 1598 | Total-in: 0 | Non-cached: 0 | Cache-read: 0 | Cache-create: 0 | Output: 0 | Cost: $0 | Duration: 456ms | Turns: 1
[2026-04-04T08:45:36Z] Iter 1598 | Total-in: 0 | Non-cached: 0 | Cache-read: 0 | Cache-create: 0 | Output: 0 | Cost: $0 | Duration: 511ms | Turns: 1
[2026-04-04T08:45:36Z] Iter 1598 | Total-in: 0 | Non-cached: 0 | Cache-read: 0 | Cache-create: 0 | Output: 0 | Cost: $0 | Duration: 511ms | Turns: 1
[2026-04-04T08:45:40Z] Iter 1591 | Total-in: 0 | Non-cached: 0 | Cache-read: 0 | Cache-create: 0 | Output: 0 | Cost: $0 | Duration: 428ms | Turns: 1
[2026-04-04T08:45:42Z] Iter 1599 | Total-in: 0 | Non-cached: 0 | Cache-read: 0 | Cache-create: 0 | Output: 0 | Cost: $0 | Duration: 446ms | Turns: 1
[2026-04-04T08:45:54Z] Iter 1599 | Total-in: 0 | Non-cached: 0 | Cache-read: 0 | Cache-create: 0 | Output: 0 | Cost: $0 | Duration: 1567ms | Turns: 1
[2026-04-04T08:45:54Z] Iter 1599 | Total-in: 0 | Non-cached: 0 | Cache-read: 0 | Cache-create: 0 | Output: 0 | Cost: $0 | Duration: 1567ms | Turns: 1
[2026-04-04T08:45:56Z] Iter 1592 | Total-in: 0 | Non-cached: 0 | Cache-read: 0 | Cache-create: 0 | Output: 0 | Cost: $0 | Duration: 554ms | Turns: 1
[2026-04-04T08:45:59Z] Iter 1600 | Total-in: 0 | Non-cached: 0 | Cache-read: 0 | Cache-create: 0 | Output: 0 | Cost: $0 | Duration: 511ms | Turns: 1
[2026-04-04T08:46:11Z] Iter 1600 | Total-in: 0 | Non-cached: 0 | Cache-read: 0 | Cache-create: 0 | Output: 0 | Cost: $0 | Duration: 497ms | Turns: 1
[2026-04-04T08:46:11Z] Iter 1600 | Total-in: 0 | Non-cached: 0 | Cache-read: 0 | Cache-create: 0 | Output: 0 | Cost: $0 | Duration: 497ms | Turns: 1
[2026-04-04T08:46:13Z] Iter 1593 | Total-in: 0 | Non-cached: 0 | Cache-read: 0 | Cache-create: 0 | Output: 0 | Cost: $0 | Duration: 545ms | Turns: 1
[2026-04-04T08:46:15Z] Iter 1601 | Total-in: 0 | Non-cached: 0 | Cache-read: 0 | Cache-create: 0 | Output: 0 | Cost: $0 | Duration: 455ms | Turns: 1
[2026-04-04T08:46:27Z] Iter 1601 | Total-in: 0 | Non-cached: 0 | Cache-read: 0 | Cache-create: 0 | Output: 0 | Cost: $0 | Duration: 553ms | Turns: 1
[2026-04-04T08:46:28Z] Iter 1601 | Total-in: 0 | Non-cached: 0 | Cache-read: 0 | Cache-create: 0 | Output: 0 | Cost: $0 | Duration: 553ms | Turns: 1
[2026-04-04T08:46:33Z] Iter 1602 | Total-in: 0 | Non-cached: 0 | Cache-read: 0 | Cache-create: 0 | Output: 0 | Cost: $0 | Duration: 490ms | Turns: 1
[2026-04-04T08:46:33Z] Iter 1594 | Total-in: 0 | Non-cached: 0 | Cache-read: 0 | Cache-create: 0 | Output: 0 | Cost: $0 | Duration: 490ms | Turns: 1
[2026-04-04T08:46:46Z] Iter 1602 | Total-in: 0 | Non-cached: 0 | Cache-read: 0 | Cache-create: 0 | Output: 0 | Cost: $0 | Duration: 482ms | Turns: 1
[2026-04-04T08:46:46Z] Iter 1602 | Total-in: 0 | Non-cached: 0 | Cache-read: 0 | Cache-create: 0 | Output: 0 | Cost: $0 | Duration: 482ms | Turns: 1
[2026-04-04T08:46:50Z] Iter 1595 | Total-in: 0 | Non-cached: 0 | Cache-read: 0 | Cache-create: 0 | Output: 0 | Cost: $0 | Duration: 813ms | Turns: 1
[2026-04-04T08:46:50Z] Iter 1603 | Total-in: 0 | Non-cached: 0 | Cache-read: 0 | Cache-create: 0 | Output: 0 | Cost: $0 | Duration: 813ms | Turns: 1
[2026-04-04T08:47:03Z] Iter 1603 | Total-in: 0 | Non-cached: 0 | Cache-read: 0 | Cache-create: 0 | Output: 0 | Cost: $0 | Duration: 489ms | Turns: 1
[2026-04-04T08:47:03Z] Iter 1603 | Total-in: 0 | Non-cached: 0 | Cache-read: 0 | Cache-create: 0 | Output: 0 | Cost: $0 | Duration: 489ms | Turns: 1
[2026-04-04T08:47:08Z] Iter 1604 | Total-in: 0 | Non-cached: 0 | Cache-read: 0 | Cache-create: 0 | Output: 0 | Cost: $0 | Duration: 474ms | Turns: 1
[2026-04-04T08:47:09Z] Iter 1596 | Total-in: 0 | Non-cached: 0 | Cache-read: 0 | Cache-create: 0 | Output: 0 | Cost: $0 | Duration: 451ms | Turns: 1
[2026-04-04T08:47:21Z] Iter 1604 | Total-in: 0 | Non-cached: 0 | Cache-read: 0 | Cache-create: 0 | Output: 0 | Cost: $0 | Duration: 452ms | Turns: 1
[2026-04-04T08:47:21Z] Iter 1604 | Total-in: 0 | Non-cached: 0 | Cache-read: 0 | Cache-create: 0 | Output: 0 | Cost: $0 | Duration: 452ms | Turns: 1
[2026-04-04T08:47:25Z] Iter 1605 | Total-in: 0 | Non-cached: 0 | Cache-read: 0 | Cache-create: 0 | Output: 0 | Cost: $0 | Duration: 546ms | Turns: 1
[2026-04-04T08:47:25Z] Iter 1597 | Total-in: 0 | Non-cached: 0 | Cache-read: 0 | Cache-create: 0 | Output: 0 | Cost: $0 | Duration: 546ms | Turns: 1
[2026-04-04T08:47:36Z] Iter 1605 | Total-in: 0 | Non-cached: 0 | Cache-read: 0 | Cache-create: 0 | Output: 0 | Cost: $0 | Duration: 493ms | Turns: 1
[2026-04-04T08:47:36Z] Iter 1605 | Total-in: 0 | Non-cached: 0 | Cache-read: 0 | Cache-create: 0 | Output: 0 | Cost: $0 | Duration: 493ms | Turns: 1
[2026-04-04T08:47:40Z] Iter 1598 | Total-in: 0 | Non-cached: 0 | Cache-read: 0 | Cache-create: 0 | Output: 0 | Cost: $0 | Duration: 380ms | Turns: 1
[2026-04-04T08:47:42Z] Iter 1606 | Total-in: 0 | Non-cached: 0 | Cache-read: 0 | Cache-create: 0 | Output: 0 | Cost: $0 | Duration: 771ms | Turns: 1
[2026-04-04T08:47:50Z] Iter 1606 | Total-in: 0 | Non-cached: 0 | Cache-read: 0 | Cache-create: 0 | Output: 0 | Cost: $0 | Duration: 459ms | Turns: 1
[2026-04-04T08:47:50Z] Iter 1606 | Total-in: 0 | Non-cached: 0 | Cache-read: 0 | Cache-create: 0 | Output: 0 | Cost: $0 | Duration: 459ms | Turns: 1
[2026-04-04T08:47:54Z] Iter 1599 | Total-in: 0 | Non-cached: 0 | Cache-read: 0 | Cache-create: 0 | Output: 0 | Cost: $0 | Duration: 597ms | Turns: 1
[2026-04-04T08:47:56Z] Iter 1607 | Total-in: 0 | Non-cached: 0 | Cache-read: 0 | Cache-create: 0 | Output: 0 | Cost: $0 | Duration: 434ms | Turns: 1
[2026-04-04T08:48:05Z] Iter 1607 | Total-in: 0 | Non-cached: 0 | Cache-read: 0 | Cache-create: 0 | Output: 0 | Cost: $0 | Duration: 1005ms | Turns: 1
[2026-04-04T08:48:06Z] Iter 1607 | Total-in: 0 | Non-cached: 0 | Cache-read: 0 | Cache-create: 0 | Output: 0 | Cost: $0 | Duration: 1005ms | Turns: 1
[2026-04-04T08:48:09Z] Iter 1600 | Total-in: 0 | Non-cached: 0 | Cache-read: 0 | Cache-create: 0 | Output: 0 | Cost: $0 | Duration: 476ms | Turns: 1
[2026-04-04T08:48:10Z] Iter 1608 | Total-in: 0 | Non-cached: 0 | Cache-read: 0 | Cache-create: 0 | Output: 0 | Cost: $0 | Duration: 402ms | Turns: 1
[2026-04-04T08:48:20Z] Iter 1608 | Total-in: 0 | Non-cached: 0 | Cache-read: 0 | Cache-create: 0 | Output: 0 | Cost: $0 | Duration: 443ms | Turns: 1
[2026-04-04T08:48:20Z] Iter 1608 | Total-in: 0 | Non-cached: 0 | Cache-read: 0 | Cache-create: 0 | Output: 0 | Cost: $0 | Duration: 443ms | Turns: 1
[2026-04-04T08:48:23Z] Iter 1601 | Total-in: 0 | Non-cached: 0 | Cache-read: 0 | Cache-create: 0 | Output: 0 | Cost: $0 | Duration: 445ms | Turns: 1
[2026-04-04T08:48:26Z] Iter 1609 | Total-in: 0 | Non-cached: 0 | Cache-read: 0 | Cache-create: 0 | Output: 0 | Cost: $0 | Duration: 445ms | Turns: 1
[] Iter 1609 | No token data (result file empty or parse failed)
[2026-04-04T08:48:35Z] Iter 1609 | Total-in: 0 | Non-cached: 0 | Cache-read: 0 | Cache-create: 0 | Output: 0 | Cost: $0 | Duration: 507ms | Turns: 1
[2026-04-04T08:48:38Z] Iter 1602 | Total-in: 0 | Non-cached: 0 | Cache-read: 0 | Cache-create: 0 | Output: 0 | Cost: $0 | Duration: 574ms | Turns: 1
[2026-04-04T08:48:42Z] Iter 1610 | Total-in: 0 | Non-cached: 0 | Cache-read: 0 | Cache-create: 0 | Output: 0 | Cost: $0 | Duration: 408ms | Turns: 1
[2026-04-04T08:48:47Z] Iter 1610 | Total-in: 0 | Non-cached: 0 | Cache-read: 0 | Cache-create: 0 | Output: 0 | Cost: $0 | Duration: 433ms | Turns: 1
[] Iter 1610 | No token data (result file empty or parse failed)
[2026-04-04T08:48:53Z] Iter 1603 | Total-in: 0 | Non-cached: 0 | Cache-read: 0 | Cache-create: 0 | Output: 0 | Cost: $0 | Duration: 656ms | Turns: 1
[2026-04-04T08:48:57Z] Iter 1611 | Total-in: 0 | Non-cached: 0 | Cache-read: 0 | Cache-create: 0 | Output: 0 | Cost: $0 | Duration: 930ms | Turns: 1
[2026-04-04T08:49:02Z] Iter 1611 | Total-in: 0 | Non-cached: 0 | Cache-read: 0 | Cache-create: 0 | Output: 0 | Cost: $0 | Duration: 412ms | Turns: 1
[2026-04-04T08:49:04Z] Iter 1611 | Total-in: 0 | Non-cached: 0 | Cache-read: 0 | Cache-create: 0 | Output: 0 | Cost: $0 | Duration: 444ms | Turns: 1
[2026-04-04T08:49:08Z] Iter 1604 | Total-in: 0 | Non-cached: 0 | Cache-read: 0 | Cache-create: 0 | Output: 0 | Cost: $0 | Duration: 608ms | Turns: 1
[2026-04-04T08:49:11Z] Iter 1612 | Total-in: 0 | Non-cached: 0 | Cache-read: 0 | Cache-create: 0 | Output: 0 | Cost: $0 | Duration: 400ms | Turns: 1
[2026-04-04T08:49:17Z] Iter 1612 | Total-in: 0 | Non-cached: 0 | Cache-read: 0 | Cache-create: 0 | Output: 0 | Cost: $0 | Duration: 556ms | Turns: 1
[2026-04-04T08:49:18Z] Iter 1612 | Total-in: 0 | Non-cached: 0 | Cache-read: 0 | Cache-create: 0 | Output: 0 | Cost: $0 | Duration: 478ms | Turns: 1
[2026-04-04T08:49:22Z] Iter 1605 | Total-in: 0 | Non-cached: 0 | Cache-read: 0 | Cache-create: 0 | Output: 0 | Cost: $0 | Duration: 538ms | Turns: 1
[2026-04-04T08:49:26Z] Iter 1613 | Total-in: 0 | Non-cached: 0 | Cache-read: 0 | Cache-create: 0 | Output: 0 | Cost: $0 | Duration: 556ms | Turns: 1
[2026-04-04T08:49:33Z] Iter 1613 | Total-in: 0 | Non-cached: 0 | Cache-read: 0 | Cache-create: 0 | Output: 0 | Cost: $0 | Duration: 409ms | Turns: 1
[] Iter 1613 | No token data (result file empty or parse failed)
[2026-04-04T08:49:38Z] Iter 1606 | Total-in: 0 | Non-cached: 0 | Cache-read: 0 | Cache-create: 0 | Output: 0 | Cost: $0 | Duration: 477ms | Turns: 1
[2026-04-04T08:49:41Z] Iter 1614 | Total-in: 0 | Non-cached: 0 | Cache-read: 0 | Cache-create: 0 | Output: 0 | Cost: $0 | Duration: 438ms | Turns: 1
[2026-04-04T08:49:48Z] Iter 1614 | Total-in: 0 | Non-cached: 0 | Cache-read: 0 | Cache-create: 0 | Output: 0 | Cost: $0 | Duration: 521ms | Turns: 1
[2026-04-04T08:49:48Z] Iter 1614 | Total-in: 0 | Non-cached: 0 | Cache-read: 0 | Cache-create: 0 | Output: 0 | Cost: $0 | Duration: ms | Turns: 
[2026-04-04T08:49:53Z] Iter 1607 | Total-in: 0 | Non-cached: 0 | Cache-read: 0 | Cache-create: 0 | Output: 0 | Cost: $0 | Duration: 558ms | Turns: 1
[2026-04-04T08:49:56Z] Iter 1615 | Total-in: 0 | Non-cached: 0 | Cache-read: 0 | Cache-create: 0 | Output: 0 | Cost: $0 | Duration: 450ms | Turns: 1
[2026-04-04T08:50:04Z] Iter 1615 | Total-in: 0 | Non-cached: 0 | Cache-read: 0 | Cache-create: 0 | Output: 0 | Cost: $0 | Duration: 507ms | Turns: 1
[2026-04-04T08:50:05Z] Iter 1615 | Total-in: 0 | Non-cached: 0 | Cache-read: 0 | Cache-create: 0 | Output: 0 | Cost: $0 | Duration: 507ms | Turns: 1
[2026-04-04T08:50:09Z] Iter 1608 | Total-in: 0 | Non-cached: 0 | Cache-read: 0 | Cache-create: 0 | Output: 0 | Cost: $0 | Duration: 562ms | Turns: 1
[2026-04-04T08:50:12Z] Iter 1616 | Total-in: 0 | Non-cached: 0 | Cache-read: 0 | Cache-create: 0 | Output: 0 | Cost: $0 | Duration: 614ms | Turns: 1
[] Iter 1616 | No token data (result file empty or parse failed)
[] Iter 1616 | No token data (result file empty or parse failed)
[2026-04-04T08:50:25Z] Iter 1609 | Total-in: 0 | Non-cached: 0 | Cache-read: 0 | Cache-create: 0 | Output: 0 | Cost: $0 | Duration: 434ms | Turns: 1
[] Iter 1617 | No token data (result file empty or parse failed)
[] Iter 1617 | No token data (result file empty or parse failed)
[] Iter 1617 | No token data (result file empty or parse failed)
[2026-04-04T08:50:41Z] Iter 1610 | Total-in: 0 | Non-cached: 0 | Cache-read: 0 | Cache-create: 0 | Output: 0 | Cost: $0 | Duration: 515ms | Turns: 1
[2026-04-04T08:50:42Z] Iter 1618 | Total-in: 0 | Non-cached: 0 | Cache-read:  | Cache-create:  | Output: 0 | Cost: $ | Duration: ms | Turns: 
[] Iter 1618 | No token data (result file empty or parse failed)
[2026-04-04T08:50:51Z] Iter 1618 | Total-in: 0 | Non-cached: 0 | Cache-read: 0 | Cache-create: 0 | Output: 0 | Cost: $0 | Duration: 430ms | Turns: 1
[2026-04-04T08:50:57Z] Iter 1611 | Total-in: 0 | Non-cached: 0 | Cache-read:  | Cache-create:  | Output: 0 | Cost: $ | Duration: 538ms | Turns: 1
[2026-04-04T08:50:58Z] Iter 1619 | Total-in: 0 | Non-cached: 0 | Cache-read: 0 | Cache-create: 0 | Output: 0 | Cost: $0 | Duration: 538ms | Turns: 1
[2026-04-04T08:51:05Z] Iter 1619 | Total-in: 0 | Non-cached: 0 | Cache-read:  | Cache-create:  | Output: 0 | Cost: $ | Duration: ms | Turns: 
[2026-04-04T08:51:08Z] Iter 1619 | Total-in: 0 | Non-cached: 0 | Cache-read: 0 | Cache-create: 0 | Output: 0 | Cost: $0 | Duration: 765ms | Turns: 1
[] Iter 1612 | No token data (result file empty or parse failed)
[2026-04-04T08:51:15Z] Iter 1620 | Total-in: 0 | Non-cached: 0 | Cache-read: 0 | Cache-create: 0 | Output: 0 | Cost: $0 | Duration: 475ms | Turns: 1
[2026-04-04T08:51:22Z] Iter 1620 | Total-in: 0 | Non-cached: 0 | Cache-read: 0 | Cache-create: 0 | Output: 0 | Cost: $0 | Duration: 432ms | Turns: 1
[2026-04-04T08:51:24Z] Iter 1620 | Total-in: 0 | Non-cached: 0 | Cache-read: 0 | Cache-create: 0 | Output: 0 | Cost: $0 | Duration: 639ms | Turns: 1
[2026-04-04T08:51:29Z] Iter 1613 | Total-in: 0 | Non-cached: 0 | Cache-read: 0 | Cache-create: 0 | Output: 0 | Cost: $0 | Duration: 481ms | Turns: 1
[2026-04-04T08:51:32Z] Iter 1621 | Total-in: 0 | Non-cached: 0 | Cache-read: 0 | Cache-create: 0 | Output: 0 | Cost: $0 | Duration: 501ms | Turns: 1
[2026-04-04T08:51:39Z] Iter 1621 | Total-in: 0 | Non-cached: 0 | Cache-read: 0 | Cache-create: 0 | Output: 0 | Cost: $0 | Duration: 530ms | Turns: 1
[2026-04-04T08:51:41Z] Iter 1621 | Total-in: 0 | Non-cached: 0 | Cache-read: 0 | Cache-create: 0 | Output: 0 | Cost: $0 | Duration: 544ms | Turns: 1
[2026-04-04T08:51:46Z] Iter 1614 | Total-in: 0 | Non-cached: 0 | Cache-read: 0 | Cache-create: 0 | Output: 0 | Cost: $0 | Duration: 540ms | Turns: 1
[2026-04-04T08:51:49Z] Iter 1622 | Total-in: 0 | Non-cached: 0 | Cache-read: 0 | Cache-create: 0 | Output: 0 | Cost: $0 | Duration: 527ms | Turns: 1
[2026-04-04T08:51:55Z] Iter 1622 | Total-in: 0 | Non-cached: 0 | Cache-read: 0 | Cache-create: 0 | Output: 0 | Cost: $0 | Duration: 451ms | Turns: 1
[2026-04-04T08:51:58Z] Iter 1622 | Total-in: 0 | Non-cached: 0 | Cache-read: 0 | Cache-create: 0 | Output: 0 | Cost: $0 | Duration: 795ms | Turns: 1
[] Iter 1615 | No token data (result file empty or parse failed)
[] Iter 1623 | No token data (result file empty or parse failed)
[2026-04-04T08:52:12Z] Iter 1623 | Total-in: 0 | Non-cached: 0 | Cache-read: 0 | Cache-create: 0 | Output: 0 | Cost: $0 | Duration: 452ms | Turns: 1
[] Iter 1623 | No token data (result file empty or parse failed)
[2026-04-04T08:52:17Z] Iter 1616 | Total-in: 0 | Non-cached: 0 | Cache-read: 0 | Cache-create: 0 | Output: 0 | Cost: $0 | Duration: 884ms | Turns: 1
[] Iter 1624 | No token data (result file empty or parse failed)
[2026-04-04T08:52:26Z] Iter 1624 | Total-in: 0 | Non-cached: 0 | Cache-read: 0 | Cache-create: 0 | Output: 0 | Cost: $0 | Duration: 386ms | Turns: 1
[2026-04-04T08:52:28Z] Iter 1624 | Total-in: 0 | Non-cached: 0 | Cache-read: 0 | Cache-create: 0 | Output: 0 | Cost: $0 | Duration: 402ms | Turns: 1
[2026-04-04T08:52:32Z] Iter 1617 | Total-in: 0 | Non-cached: 0 | Cache-read: 0 | Cache-create: 0 | Output: 0 | Cost: $0 | Duration: 407ms | Turns: 1
[] Iter 1625 | No token data (result file empty or parse failed)
[2026-04-04T08:52:40Z] Iter 1625 | Total-in: 0 | Non-cached: 0 | Cache-read: 0 | Cache-create: 0 | Output: 0 | Cost: $0 | Duration: 492ms | Turns: 1
[2026-04-04T08:52:42Z] Iter 1625 | Total-in: 0 | Non-cached: 0 | Cache-read: 0 | Cache-create: 0 | Output: 0 | Cost: $0 | Duration: 456ms | Turns: 1
[2026-04-04T08:52:47Z] Iter 1618 | Total-in: 0 | Non-cached: 0 | Cache-read: 0 | Cache-create: 0 | Output: 0 | Cost: $0 | Duration: 428ms | Turns: 1
[2026-04-04T08:52:48Z] Iter 1626 | Total-in: 0 | Non-cached: 0 | Cache-read: 0 | Cache-create: 0 | Output: 0 | Cost: $0 | Duration: ms | Turns: 
[2026-04-04T08:52:55Z] Iter 1626 | Total-in: 0 | Non-cached: 0 | Cache-read: 0 | Cache-create: 0 | Output: 0 | Cost: $0 | Duration: 414ms | Turns: 1
[2026-04-04T08:52:57Z] Iter 1626 | Total-in: 0 | Non-cached: 0 | Cache-read: 0 | Cache-create: 0 | Output: 0 | Cost: $0 | Duration: 447ms | Turns: 1
[2026-04-04T08:53:02Z] Iter 1619 | Total-in: 0 | Non-cached: 0 | Cache-read: 0 | Cache-create: 0 | Output: 0 | Cost: $0 | Duration: 509ms | Turns: 1
[] Iter 1627 | No token data (result file empty or parse failed)
[2026-04-04T08:53:09Z] Iter 1627 | Total-in: 0 | Non-cached: 0 | Cache-read: 0 | Cache-create: 0 | Output: 0 | Cost: $0 | Duration: 494ms | Turns: 1
[2026-04-04T08:53:12Z] Iter 1627 | Total-in: 0 | Non-cached: 0 | Cache-read: 0 | Cache-create: 0 | Output: 0 | Cost: $0 | Duration: 443ms | Turns: 1
[2026-04-04T08:53:16Z] Iter 1620 | Total-in: 0 | Non-cached: 0 | Cache-read: 0 | Cache-create: 0 | Output: 0 | Cost: $0 | Duration: 1028ms | Turns: 1
[] Iter 1628 | No token data (result file empty or parse failed)
[2026-04-04T08:53:23Z] Iter 1628 | Total-in: 0 | Non-cached: 0 | Cache-read: 0 | Cache-create: 0 | Output: 0 | Cost: $0 | Duration: 739ms | Turns: 1
[2026-04-04T08:53:27Z] Iter 1628 | Total-in: 0 | Non-cached: 0 | Cache-read: 0 | Cache-create: 0 | Output: 0 | Cost: $0 | Duration: 637ms | Turns: 1
[2026-04-04T08:53:31Z] Iter 1629 | Total-in: 0 | Non-cached: 0 | Cache-read: 0 | Cache-create: 0 | Output: 0 | Cost: $0 | Duration: 438ms | Turns: 1
[2026-04-04T08:53:31Z] Iter 1621 | Total-in: 0 | Non-cached: 0 | Cache-read: 0 | Cache-create: 0 | Output: 0 | Cost: $0 | Duration: 438ms | Turns: 1
[2026-04-04T08:53:38Z] Iter 1629 | Total-in: 0 | Non-cached: 0 | Cache-read: 0 | Cache-create: 0 | Output: 0 | Cost: $0 | Duration: 642ms | Turns: 1
[2026-04-04T08:53:42Z] Iter 1629 | Total-in: 0 | Non-cached: 0 | Cache-read: 0 | Cache-create: 0 | Output: 0 | Cost: $0 | Duration: 478ms | Turns: 1
[2026-04-04T08:53:46Z] Iter 1630 | Total-in: 0 | Non-cached: 0 | Cache-read: 0 | Cache-create: 0 | Output: 0 | Cost: $ | Duration: ms | Turns: 
[2026-04-04T08:53:46Z] Iter 1622 | Total-in: 0 | Non-cached:  | Cache-read:  | Cache-create:  | Output:  | Cost: $ | Duration: ms | Turns: 
[2026-04-04T08:53:52Z] Iter 1630 | Total-in: 0 | Non-cached: 0 | Cache-read: 0 | Cache-create: 0 | Output: 0 | Cost: $0 | Duration: 422ms | Turns: 1
[2026-04-04T08:53:58Z] Iter 1630 | Total-in: 0 | Non-cached: 0 | Cache-read: 0 | Cache-create: 0 | Output: 0 | Cost: $0 | Duration: 446ms | Turns: 1
[2026-04-04T08:54:01Z] Iter 1631 | Total-in: 0 | Non-cached: 0 | Cache-read: 0 | Cache-create: 0 | Output: 0 | Cost: $0 | Duration: 470ms | Turns: 1
[2026-04-04T08:54:01Z] Iter 1623 | Total-in: 0 | Non-cached: 0 | Cache-read: 0 | Cache-create: 0 | Output: 0 | Cost: $0 | Duration: 470ms | Turns: 1
[2026-04-04T08:54:08Z] Iter 1631 | Total-in: 0 | Non-cached: 0 | Cache-read: 0 | Cache-create: 0 | Output: 0 | Cost: $0 | Duration: 418ms | Turns: 1
[2026-04-04T08:54:13Z] Iter 1631 | Total-in: 0 | Non-cached: 0 | Cache-read: 0 | Cache-create: 0 | Output: 0 | Cost: $0 | Duration: 468ms | Turns: 1
[2026-04-04T08:54:16Z] Iter 1632 | Total-in: 0 | Non-cached: 0 | Cache-read: 0 | Cache-create:  | Output: 0 | Cost: $ | Duration: ms | Turns: 
[] Iter 1624 | No token data (result file empty or parse failed)
[2026-04-04T08:54:23Z] Iter 1632 | Total-in: 0 | Non-cached: 0 | Cache-read: 0 | Cache-create: 0 | Output: 0 | Cost: $ | Duration: ms | Turns: 
[2026-04-04T08:54:29Z] Iter 1632 | Total-in: 0 | Non-cached: 0 | Cache-read: 0 | Cache-create: 0 | Output: 0 | Cost: $0 | Duration: 451ms | Turns: 1
[] Iter 1633 | No token data (result file empty or parse failed)
[2026-04-04T08:54:31Z] Iter 1625 | Total-in: 0 | Non-cached: 0 | Cache-read:  | Cache-create:  | Output:  | Cost: $ | Duration: ms | Turns: 
[2026-04-04T08:54:39Z] Iter 1633 | Total-in: 0 | Non-cached:  | Cache-read:  | Cache-create:  | Output:  | Cost: $ | Duration: ms | Turns: 
[2026-04-04T08:54:44Z] Iter 1633 | Total-in: 0 | Non-cached: 0 | Cache-read: 0 | Cache-create: 0 | Output: 0 | Cost: $0 | Duration: 487ms | Turns: 1
[2026-04-04T08:54:47Z] Iter 1634 | Total-in: 0 | Non-cached: 0 | Cache-read: 0 | Cache-create: 0 | Output: 0 | Cost: $ | Duration: ms | Turns: 
[2026-04-04T08:54:48Z] Iter 1626 | Total-in: 0 | Non-cached: 0 | Cache-read: 0 | Cache-create: 0 | Output: 0 | Cost: $0 | Duration: 567ms | Turns: 1
[2026-04-04T08:54:54Z] Iter 1634 | Total-in: 0 | Non-cached: 0 | Cache-read: 0 | Cache-create: 0 | Output: 0 | Cost: $0 | Duration: 504ms | Turns: 1
[2026-04-04T08:55:00Z] Iter 1634 | Total-in: 0 | Non-cached: 0 | Cache-read: 0 | Cache-create: 0 | Output: 0 | Cost: $0 | Duration: 477ms | Turns: 1
[] Iter 1635 | No token data (result file empty or parse failed)
[2026-04-04T08:55:03Z] Iter 1627 | Total-in: 0 | Non-cached: 0 | Cache-read: 0 | Cache-create: 0 | Output: 0 | Cost: $0 | Duration: 462ms | Turns: 1
[] Iter 1635 | No token data (result file empty or parse failed)
[2026-04-04T08:55:16Z] Iter 1635 | Total-in: 0 | Non-cached: 0 | Cache-read: 0 | Cache-create: 0 | Output: 0 | Cost: $0 | Duration: 573ms | Turns: 1
[2026-04-04T08:55:20Z] Iter 1636 | Total-in: 0 | Non-cached: 0 | Cache-read: 0 | Cache-create: 0 | Output: 0 | Cost: $0 | Duration: 493ms | Turns: 1
[2026-04-04T08:55:20Z] Iter 1628 | Total-in: 0 | Non-cached: 0 | Cache-read: 0 | Cache-create: 0 | Output: 0 | Cost: $0 | Duration: 493ms | Turns: 1
[] Iter 1636 | No token data (result file empty or parse failed)
[] Iter 1636 | No token data (result file empty or parse failed)
[2026-04-04T08:55:36Z] Iter 1637 | Total-in: 0 | Non-cached: 0 | Cache-read: 0 | Cache-create: 0 | Output: 0 | Cost: $0 | Duration: 486ms | Turns: 1
[2026-04-04T08:55:37Z] Iter 1629 | Total-in: 0 | Non-cached: 0 | Cache-read: 0 | Cache-create: 0 | Output: 0 | Cost: $0 | Duration: 486ms | Turns: 1
[2026-04-04T08:55:40Z] Iter 1637 | Total-in: 0 | Non-cached: 0 | Cache-read: 0 | Cache-create: 0 | Output: 0 | Cost: $0 | Duration: 450ms | Turns: 1
[2026-04-04T08:55:47Z] Iter 1637 | Total-in: 0 | Non-cached: 0 | Cache-read: 0 | Cache-create: 0 | Output: 0 | Cost: $0 | Duration: 442ms | Turns: 1
[2026-04-04T08:55:54Z] Iter 1638 | Total-in: 0 | Non-cached: 0 | Cache-read: 0 | Cache-create: 0 | Output: 0 | Cost: $0 | Duration: 525ms | Turns: 1
[2026-04-04T08:55:55Z] Iter 1630 | Total-in: 0 | Non-cached: 0 | Cache-read: 0 | Cache-create: 0 | Output: 0 | Cost: $ | Duration: ms | Turns: 
[2026-04-04T08:55:57Z] Iter 1638 | Total-in: 0 | Non-cached: 0 | Cache-read: 0 | Cache-create: 0 | Output: 0 | Cost: $0 | Duration: 630ms | Turns: 1
[] Iter 1638 | No token data (result file empty or parse failed)
[] Iter 1639 | No token data (result file empty or parse failed)
[2026-04-04T08:56:15Z] Iter 1631 | Total-in: 0 | Non-cached: 0 | Cache-read: 0 | Cache-create: 0 | Output: 0 | Cost: $0 | Duration: 688ms | Turns: 1
[2026-04-04T08:56:16Z] Iter 1639 | Total-in: 0 | Non-cached: 0 | Cache-read: 0 | Cache-create: 0 | Output: 0 | Cost: $0 | Duration: 513ms | Turns: 1
[2026-04-04T08:56:20Z] Iter 1639 | Total-in: 0 | Non-cached: 0 | Cache-read: 0 | Cache-create: 0 | Output: 0 | Cost: $0 | Duration: 519ms | Turns: 1
[2026-04-04T08:56:26Z] Iter 1640 | Total-in: 0 | Non-cached: 0 | Cache-read: 0 | Cache-create: 0 | Output: 0 | Cost: $0 | Duration: 544ms | Turns: 1
[2026-04-04T08:56:32Z] Iter 1632 | Total-in: 0 | Non-cached: 0 | Cache-read: 0 | Cache-create: 0 | Output: 0 | Cost: $0 | Duration: 499ms | Turns: 1
[2026-04-04T08:56:33Z] Iter 1640 | Total-in: 0 | Non-cached: 0 | Cache-read: 0 | Cache-create: 0 | Output: 0 | Cost: $0 | Duration: 499ms | Turns: 1
[2026-04-04T08:56:37Z] Iter 1640 | Total-in: 0 | Non-cached: 0 | Cache-read: 0 | Cache-create: 0 | Output: 0 | Cost: $0 | Duration: 543ms | Turns: 1
[2026-04-04T08:56:43Z] Iter 1641 | Total-in: 0 | Non-cached: 0 | Cache-read: 0 | Cache-create: 0 | Output: 0 | Cost: $0 | Duration: 429ms | Turns: 1
[2026-04-04T08:56:47Z] Iter 1633 | Total-in: 0 | Non-cached: 0 | Cache-read: 0 | Cache-create: 0 | Output: 0 | Cost: $0 | Duration: 592ms | Turns: 1
[2026-04-04T08:56:47Z] Iter 1641 | Total-in: 0 | Non-cached: 0 | Cache-read: 0 | Cache-create: 0 | Output: 0 | Cost: $0 | Duration: 592ms | Turns: 1
[] Iter 1641 | No token data (result file empty or parse failed)
[2026-04-04T08:56:57Z] Iter 1642 | Total-in: 0 | Non-cached: 0 | Cache-read: 0 | Cache-create: 0 | Output: 0 | Cost: $0 | Duration: 1460ms | Turns: 1
[2026-04-04T08:57:02Z] Iter 1642 | Total-in: 0 | Non-cached: 0 | Cache-read: 0 | Cache-create: 0 | Output: 0 | Cost: $0 | Duration: 886ms | Turns: 1
[2026-04-04T08:57:02Z] Iter 1634 | Total-in: 0 | Non-cached: 0 | Cache-read: 0 | Cache-create: 0 | Output: 0 | Cost: $0 | Duration: 886ms | Turns: 1
[2026-04-04T08:57:05Z] Iter 1642 | Total-in: 0 | Non-cached: 0 | Cache-read: 0 | Cache-create: 0 | Output: 0 | Cost: $0 | Duration: 497ms | Turns: 1
[2026-04-04T08:57:11Z] Iter 1643 | Total-in: 0 | Non-cached: 0 | Cache-read: 0 | Cache-create: 0 | Output: 0 | Cost: $0 | Duration: 453ms | Turns: 1
[2026-04-04T08:57:16Z] Iter 1643 | Total-in: 0 | Non-cached: 0 | Cache-read: 0 | Cache-create: 0 | Output: 0 | Cost: $0 | Duration: 501ms | Turns: 1
[2026-04-04T08:57:16Z] Iter 1635 | Total-in: 0 | Non-cached: 0 | Cache-read: 0 | Cache-create: 0 | Output: 0 | Cost: $0 | Duration: 501ms | Turns: 1
[2026-04-04T08:57:19Z] Iter 1643 | Total-in: 0 | Non-cached: 0 | Cache-read: 0 | Cache-create: 0 | Output: 0 | Cost: $0 | Duration: 394ms | Turns: 1
[2026-04-04T08:57:26Z] Iter 1644 | Total-in: 0 | Non-cached: 0 | Cache-read: 0 | Cache-create: 0 | Output: 0 | Cost: $0 | Duration: 418ms | Turns: 1
[2026-04-04T08:57:31Z] Iter 1644 | Total-in: 0 | Non-cached: 0 | Cache-read: 0 | Cache-create: 0 | Output: 0 | Cost: $0 | Duration: 431ms | Turns: 1
[2026-04-04T08:57:31Z] Iter 1636 | Total-in: 0 | Non-cached: 0 | Cache-read: 0 | Cache-create: 0 | Output: 0 | Cost: $0 | Duration: 431ms | Turns: 1
[2026-04-04T08:57:35Z] Iter 1644 | Total-in: 0 | Non-cached: 0 | Cache-read: 0 | Cache-create: 0 | Output: 0 | Cost: $0 | Duration: 540ms | Turns: 1
[2026-04-04T08:57:43Z] Iter 1645 | Total-in: 0 | Non-cached: 0 | Cache-read:  | Cache-create:  | Output: 0 | Cost: $ | Duration: ms | Turns: 
[2026-04-04T08:57:46Z] Iter 1637 | Total-in: 0 | Non-cached: 0 | Cache-read: 0 | Cache-create: 0 | Output: 0 | Cost: $0 | Duration: 409ms | Turns: 1
[2026-04-04T08:57:48Z] Iter 1645 | Total-in: 0 | Non-cached: 0 | Cache-read: 0 | Cache-create: 0 | Output: 0 | Cost: $0 | Duration: 1091ms | Turns: 1
[2026-04-04T08:57:50Z] Iter 1645 | Total-in: 0 | Non-cached: 0 | Cache-read: 0 | Cache-create: 0 | Output: 0 | Cost: $0 | Duration: 396ms | Turns: 1
[2026-04-04T08:57:57Z] Iter 1646 | Total-in: 0 | Non-cached: 0 | Cache-read: 0 | Cache-create: 0 | Output: 0 | Cost: $0 | Duration: 525ms | Turns: 1
[2026-04-04T08:58:01Z] Iter 1638 | Total-in: 0 | Non-cached: 0 | Cache-read: 0 | Cache-create: 0 | Output: 0 | Cost: $0 | Duration: 453ms | Turns: 1
[2026-04-04T08:58:02Z] Iter 1646 | Total-in: 0 | Non-cached: 0 | Cache-read: 0 | Cache-create: 0 | Output: 0 | Cost: $0 | Duration: 681ms | Turns: 1
[] Iter 1646 | No token data (result file empty or parse failed)
[2026-04-04T08:58:11Z] Iter 1647 | Total-in: 0 | Non-cached: 0 | Cache-read: 0 | Cache-create: 0 | Output: 0 | Cost: $0 | Duration: 441ms | Turns: 1
[2026-04-04T08:58:16Z] Iter 1639 | Total-in: 0 | Non-cached: 0 | Cache-read: 0 | Cache-create: 0 | Output: 0 | Cost: $0 | Duration: 452ms | Turns: 1
[2026-04-04T08:58:18Z] Iter 1647 | Total-in: 0 | Non-cached: 0 | Cache-read: 0 | Cache-create: 0 | Output: 0 | Cost: $0 | Duration: 613ms | Turns: 1
[] Iter 1647 | No token data (result file empty or parse failed)
[2026-04-04T08:58:26Z] Iter 1648 | Total-in: 0 | Non-cached: 0 | Cache-read:  | Cache-create:  | Output:  | Cost: $ | Duration: ms | Turns: 
[2026-04-04T08:58:31Z] Iter 1640 | Total-in: 0 | Non-cached: 0 | Cache-read: 0 | Cache-create: 0 | Output: 0 | Cost: $0 | Duration: 402ms | Turns: 1
[2026-04-04T08:58:33Z] Iter 1648 | Total-in: 0 | Non-cached: 0 | Cache-read: 0 | Cache-create: 0 | Output: 0 | Cost: $0 | Duration: 643ms | Turns: 1
[2026-04-04T08:58:34Z] Iter 1648 | Total-in: 0 | Non-cached: 0 | Cache-read: 0 | Cache-create: 0 | Output: 0 | Cost: $0 | Duration: 423ms | Turns: 1
[] Iter 1649 | No token data (result file empty or parse failed)
[2026-04-04T08:58:46Z] Iter 1641 | Total-in: 0 | Non-cached: 0 | Cache-read: 0 | Cache-create: 0 | Output: 0 | Cost: $0 | Duration: 533ms | Turns: 1
[] Iter 1649 | No token data (result file empty or parse failed)
[] Iter 1649 | No token data (result file empty or parse failed)
[2026-04-04T08:58:56Z] Iter 1650 | Total-in: 0 | Non-cached: 0 | Cache-read: 0 | Cache-create: 0 | Output: 0 | Cost: $0 | Duration: 510ms | Turns: 1
[2026-04-04T08:59:02Z] Iter 1642 | Total-in: 0 | Non-cached: 0 | Cache-read: 0 | Cache-create: 0 | Output: 0 | Cost: $0 | Duration: 501ms | Turns: 1
[] Iter 1650 | No token data (result file empty or parse failed)
[] Iter 1650 | No token data (result file empty or parse failed)
[] Iter 1651 | No token data (result file empty or parse failed)
[2026-04-04T08:59:19Z] Iter 1643 | Total-in: 0 | Non-cached: 0 | Cache-read:  | Cache-create:  | Output: 0 | Cost: $ | Duration: ms | Turns: 
[2026-04-04T08:59:20Z] Iter 1651 | Total-in: 0 | Non-cached: 0 | Cache-read: 0 | Cache-create: 0 | Output: 0 | Cost: $0 | Duration: 545ms | Turns: 1
[2026-04-04T08:59:20Z] Iter 1651 | Total-in: 0 | Non-cached: 0 | Cache-read: 0 | Cache-create: 0 | Output: 0 | Cost: $0 | Duration: 545ms | Turns: 1
[2026-04-04T08:59:26Z] Iter 1652 | Total-in: 0 | Non-cached: 0 | Cache-read: 0 | Cache-create: 0 | Output: 0 | Cost: $0 | Duration: 452ms | Turns: 1
[] Iter 1644 | No token data (result file empty or parse failed)
[2026-04-04T08:59:36Z] Iter 1652 | Total-in: 0 | Non-cached: 0 | Cache-read: 0 | Cache-create: 0 | Output: 0 | Cost: $0 | Duration: 454ms | Turns: 1
[2026-04-04T08:59:37Z] Iter 1652 | Total-in: 0 | Non-cached: 0 | Cache-read: 0 | Cache-create: 0 | Output: 0 | Cost: $0 | Duration: 506ms | Turns: 1
[] Iter 1653 | No token data (result file empty or parse failed)
[] Iter 1645 | No token data (result file empty or parse failed)
[2026-04-04T08:59:51Z] Iter 1653 | Total-in: 0 | Non-cached: 0 | Cache-read: 0 | Cache-create: 0 | Output: 0 | Cost: $0 | Duration: 463ms | Turns: 1
[2026-04-04T08:59:53Z] Iter 1653 | Total-in: 0 | Non-cached: 0 | Cache-read: 0 | Cache-create: 0 | Output: 0 | Cost: $0 | Duration: 475ms | Turns: 1
[2026-04-04T08:59:57Z] Iter 1654 | Total-in: 0 | Non-cached: 0 | Cache-read: 0 | Cache-create: 0 | Output: 0 | Cost: $0 | Duration: 759ms | Turns: 1
[2026-04-04T09:01:51Z] Iter 1655 | Total-in: 438190 | Non-cached: 18 | Cache-read: 429436 | Cache-create: 8736 | Output: 3301 | Cost: $0.35193299999999994 | Duration: 100775ms | Turns: 18
[2026-04-04T09:01:54Z] Iter 1654 | Total-in: 346277 | Non-cached: 15 | Cache-read: 339165 | Cache-create: 7097 | Output: 2522 | Cost: $0.27706375 | Duration: 104641ms | Turns: 16
[2026-04-04T09:12:42Z] Iter 1646 | Total-in: 2969527 | Non-cached: 64 | Cache-read: 2893788 | Cache-create: 75675 | Output: 23321 | Cost: $2.6701712499999997 | Duration: 758267ms | Turns: 62
[2026-04-04T09:23:25Z] Iter 1655 | Total-in: 10970990 | Non-cached: 1526 | Cache-read: 10821002 | Cache-create: 148462 | Output: 48818 | Cost: $7.6951781000000015 | Duration: 1282879ms | Turns: 123
[2026-04-04T09:27:00Z] Iter 1654 | Total-in: 12809924 | Non-cached: 616 | Cache-read: 12682791 | Cache-create: 126517 | Output: 53139 | Cost: $8.590235650000002 | Duration: 1611574ms | Turns: 146
[2026-04-04T09:28:03Z] Iter 1656 | Total-in: 16464989 | Non-cached: 241 | Cache-read: 16309776 | Cache-create: 154972 | Output: 52263 | Cost: $10.804648899999997 | Duration: 1564058ms | Turns: 172
[2026-04-04T09:30:34Z] Iter 1647 | Total-in: 11115588 | Non-cached: 132 | Cache-read: 10984074 | Cache-create: 131382 | Output: 39245 | Cost: $7.294959500000003 | Duration: 1063230ms | Turns: 135
[2026-04-04T09:35:24Z] Iter 1655 | Total-in: 2235795 | Non-cached: 49 | Cache-read: 2174336 | Cache-create: 61410 | Output: 13579 | Cost: $2.0434144500000007 | Duration: 493349ms | Turns: 51
[2026-04-04T09:39:17Z] Iter 1657 | Total-in: 95972 | Non-cached: 3 | Cache-read: 95675 | Cache-create: 294 | Output: 40 | Cost: $3.2307935 | Duration: 3291ms | Turns: 1
